PBI-###,Type,Title,Description,AcceptanceCriteria,ReqIDs,NFR_Tags,StoryPoints,Priority,Owner,Sprint,Status,Dependencies,Notes
PBI-001,Feature,DID-based SME identity registration,"Context: SMEs need verifiable digital identity before they can participate in the platform. Business problem: manual identity handling reduces trust and slows onboarding. User value: SMEs and admins can register and verify identity with stronger assurance. Scope: SME identity registration, VC submission, cryptographic verification, identity record creation. Out of scope: credential revocation lifecycle and advanced federation.","[ReqID: R01] Given an SME submits registration details with a valid verifiable credential, when verification is executed, then the platform creates an SME identity record and stores the verification result. | [ReqID: R01] Given an SME submits an invalid or tampered credential, when verification is executed, then registration is rejected and an audit entry is recorded.",R01,Security;Compliance;Privacy;Audit,5,P1,Identity Engineer,,Deferred,None,DoR: Ready. PO Approval: Approved for backlog seeding from srs-v3 on 2026-03-10. Constraint refs: C01-C07. Deferred after MVP.
PBI-002,Feature,KYC and AML onboarding workflow,"Context: regulated participants require onboarding controls before transacting. Business problem: without KYC and AML workflow the platform cannot safely support regulated financing activity. User value: compliance teams and banks can assess onboarding status consistently. Scope: onboarding intake, KYC review status, AML flagging, audit retention. Out of scope: external sanctions engine procurement.","[ReqID: R02] Given a new SME onboarding case is submitted, when required KYC fields and documents are complete, then the case enters compliance review with a traceable status. | [ReqID: R02] Given an SME fails a KYC or AML rule, when review is completed, then the SME is flagged or blocked from transacting and the decision is logged.",R02,Security;Compliance;Audit;Privacy,8,P0,Compliance Lead,MVP,Planned,PBI-003;PBI-022,DoR: Ready. PO Approval: Approved for MVP on 2026-03-10. Constraint refs: C01-C07. Regulated area; centralized-first workflow acceptable for MVP.
PBI-003,Feature,Permissioned membership and role management,"Context: the platform requires controlled membership and role assignment for participating organizations and internal operators. Business problem: unmanaged access creates governance and security risk. User value: admins can onboard organizations and enforce least-privilege access. Scope: member registration, role assignment, activation, deactivation, access enforcement. Out of scope: decentralized consortium governance automation.","[ReqID: R03] Given an administrator creates a member organization and assigns roles, when the record is saved, then the member can authenticate and access only permitted functions. | [ReqID: R03] Given a member is removed or deactivated, when access is attempted, then protected actions are denied and the attempt is logged.",R03,Security;Compliance;Maintainability;Audit,5,P0,Platform Engineer,MVP,Completed,None,DoR: Ready. PO Approval: Approved for MVP on 2026-03-10. Constraint refs: C01-C07. Foundational MVP capability.
PBI-004,Feature,EPCIS-compatible shipment and receipt event recording,"Context: supply-chain milestone events need a common exchange format. Business problem: inconsistent event capture reduces interoperability and traceability. User value: buyers and logistics partners can exchange standardized shipment and receipt events. Scope: EPCIS-aligned event ingestion, validation, storage, export. Out of scope: advanced logistics analytics.","[ReqID: R04] Given a shipment or receipt event is submitted in the supported event format, when validation runs, then the event is accepted only if it conforms to the required schema. | [ReqID: R04] Given a valid event exists, when an export is requested, then the platform returns an EPCIS-compatible event payload.",R04,Interoperability;Reliability;Audit,5,P2,Integration Engineer,,Deferred,PBI-005,DoR: Ready. PO Approval: Approved for backlog seeding from srs-v3 on 2026-03-10. Constraint refs: C01-C07. Deferred after MVP.
PBI-005,Feature,Immutable audit trail for procure-to-pay events,"Context: procure-to-pay actions require end-to-end traceability. Business problem: fragmented records make audits and dispute investigation difficult. User value: auditors and operators can trace PO, delivery, invoice, and settlement activity reliably. Scope: event capture, timestamping, actor traceability, hash or immutable reference storage. Out of scope: regulator export bundle formatting.","[ReqID: R05] Given a PO, delivery, invoice, or settlement action occurs, when the transaction is committed, then the platform records the event with timestamp, actor identity, and immutable reference data. | [ReqID: R05] Given an auditor opens a transaction history, when the audit trail is queried, then the ordered lifecycle of related events is displayed without gaps.",R05,Audit;Integrity;Compliance;Security,8,P0,Backend Engineer,MVP,Planned,PBI-003;PBI-022,DoR: Ready. PO Approval: Approved for MVP on 2026-03-10. Constraint refs: C01-C07. MVP may use centralized-first immutable audit storage or hybrid anchoring per C05-C06.
PBI-006,Feature,Order acceptance and escrow contract workflow,"Context: order acceptance and escrow handling are core transaction controls for financing-enabled procurement. Business problem: manual settlement logic is error-prone and hard to verify. User value: buyers, SMEs, and financiers can execute order and escrow flow with enforceable rules. Scope: order acceptance, escrow state transitions, release conditions, settlement triggers. Out of scope: full multi-party production smart-contract network operations.","[ReqID: R06] Given an approved order with escrow terms exists, when the buyer accepts the order, then the contract workflow creates an escrow state and records the governing terms. | [ReqID: R06] Given the defined proof conditions are satisfied, when release is triggered, then the escrow status changes and the release action is recorded for audit.",R06,Security;Audit;Reliability;Compliance,8,P0,Blockchain Engineer,MVP,Planned,PBI-005;PBI-003,DoR: Ready. PO Approval: Approved for MVP on 2026-03-10. Constraint refs: C01-C07. MVP implementation may be workflow-driven or hybrid anchored per C05-C06.
PBI-007,Feature,PLS contract model and distribution workflow,"Context: the platform must support Shariah-compliant profit and loss sharing products. Business problem: PLS rules require explicit, auditable parameterization and controlled execution. User value: banks and Shariah reviewers can create and track compliant PLS contracts. Scope: contract creation, parameter capture, distribution calculation inputs, distribution record lifecycle. Out of scope: advanced portfolio optimization.","[ReqID: R07] Given a PLS contract is created with approved parameters, when the contract is activated, then the platform stores profit ratio, loss allocation, and linked parties in an auditable record. | [ReqID: R07] Given a distribution event is executed for an active contract, when the calculation is confirmed, then the resulting allocation is recorded against the contract history.",R07,Compliance;Audit;Security;Maintainability,8,P0,Islamic Finance Analyst,MVP,Planned,PBI-006;PBI-020,DoR: Ready. PO Approval: Approved for MVP on 2026-03-10. Constraint refs: C01-C07. Regulated area; MVP scope limited to essential contract workflow.
PBI-008,Feature,Tokenized receivables issuance and redemption,"Context: receivables financing requires a traceable digital representation of the underlying invoice. Business problem: without controlled token lifecycle, provenance and redemption checks are weak. User value: financiers can issue, transfer, and redeem receivable representations with traceability. Scope: token issuance, provenance link, transfer, redemption status. Out of scope: public-chain interoperability.","[ReqID: R08] Given an eligible invoice is approved for financing, when token issuance is requested, then the platform creates a receivable token linked to the original invoice and records provenance metadata. | [ReqID: R08] Given a receivable token is redeemed, when redemption is processed, then the token status changes to redeemed and the history shows the full lifecycle.",R08,Security;Audit;Performance;Compliance,8,P1,Blockchain Engineer,MVP,Deferred,PBI-006;PBI-007,DoR: Ready. PO Approval: Approved for MVP on 2026-03-10. Constraint refs: C01-C07. MVP scope limited to sandboxable issuance and redemption flow.
PBI-009,Feature,Transaction endorsement policy validation,"Context: sensitive transactions require policy-based approval before acceptance. Business problem: without endorsement validation, unauthorized transactions may be accepted. User value: admins can enforce transaction acceptance rules consistently. Scope: endorsement policy definition, signature validation, rejection handling. Out of scope: complex multi-network policy orchestration.","[ReqID: R09] Given a transaction requires named endorsers, when the transaction is submitted without all required endorsements, then the platform rejects it with a policy violation result. | [ReqID: R09] Given a transaction includes the required endorsements, when validation runs, then the platform accepts the transaction and stores the endorsement evidence.",R09,Security;Reliability;Compliance;Audit,3,P2,Security Engineer,,Deferred,PBI-003,DoR: Ready. PO Approval: Approved for backlog seeding from srs-v3 on 2026-03-10. Constraint refs: C01-C07. Deferred after MVP.
PBI-010,Feature,Privacy channels and private data visibility controls,"Context: some commercial terms are sensitive and should only be visible to authorized parties. Business problem: broad data exposure increases privacy and confidentiality risk. User value: permitted participants can view sensitive data while others see only restricted proofs or summaries. Scope: authorization checks, restricted data views, proof or hash visibility for non-permitted users. Out of scope: advanced data masking analytics.","[ReqID: R10] Given a user with authorized access opens a protected record, when the record is loaded, then the user can view the sensitive fields allowed by policy. | [ReqID: R10] Given a user without authorized access requests the same record, when access is evaluated, then the sensitive fields are hidden and only the permitted proof or metadata is returned.",R10,Privacy;Security;Compliance;Audit,5,P1,Security Engineer,,Deferred,PBI-003;PBI-022,DoR: Ready. PO Approval: Approved for backlog seeding from srs-v3 on 2026-03-10. Constraint refs: C01-C07. Deferred after MVP.
PBI-011,Feature,ISO20022-compatible payment API gateway,"Context: external payment integration requires a standardized messaging interface. Business problem: ad hoc payment mapping increases integration friction and reconciliation defects. User value: banks and integrators can exchange payment requests using a known structure. Scope: payment message mapping, API submission, validation, response handling. Out of scope: production-grade bank certification.","[ReqID: R11] Given a payment request is created from a platform transaction, when the API payload is generated, then the required ISO20022-compatible fields are populated according to the mapping rules. | [ReqID: R11] Given a payload missing a required mapped field is submitted, when validation runs, then the request is rejected with a validation error.",R11,Interoperability;Performance;Security;Reliability,5,P1,Integration Engineer,,Deferred,PBI-005,DoR: Ready. PO Approval: Approved for backlog seeding from srs-v3 on 2026-03-10. Constraint refs: C01-C07. Deferred after MVP due integration cost C04.
PBI-012,Feature,Asynchronous reconciliation event processing,"Context: transaction reconciliation may need asynchronous processing. Business problem: synchronous-only reconciliation increases latency and operational fragility. User value: operators can process and retry reconciliation events reliably. Scope: event publishing, retry handling, completion status, operational visibility. Out of scope: enterprise message bus migration.","[ReqID: R12] Given a reconciliation-triggering event is published, when the event consumer processes it successfully, then the reconciliation status is updated within the defined workflow. | [ReqID: R12] Given event processing fails, when retry policy is applied, then the event is retried and the failure history is recorded.",R12,Performance;Reliability;Operability;Maintainability,5,P2,Backend Engineer,,Deferred,PBI-005,DoR: Ready. PO Approval: Approved for backlog seeding from srs-v3 on 2026-03-10. Constraint refs: C01-C07. Deferred after MVP.
PBI-013,Feature,Configurable transaction throughput baseline,"Context: the platform needs a measurable throughput target to guide delivery and testing. Business problem: without a defined baseline the team cannot validate performance expectations. User value: operators and stakeholders can assess whether the platform meets agreed throughput goals. Scope: configurable throughput target, load test scenario, latency measurement, pass fail criteria. Out of scope: horizontal scale architecture redesign.","[ReqID: R13] Given a configured throughput target exists, when load tests are executed, then the platform reports whether sustained throughput and latency remain within the target thresholds. | [ReqID: R13] Given measured results fall below the accepted baseline, when test execution completes, then a performance failure result is recorded with supporting metrics.",R13,Performance;Scalability;Reliability,3,P2,QA Lead,,Deferred,PBI-025,DoR: Ready. PO Approval: Approved for backlog seeding from srs-v3 on 2026-03-10. Constraint refs: C01-C07. Deferred after MVP.
PBI-014,Feature,Machine-readable procurement metadata publishing,"Context: digital procurement transparency requires structured metadata. Business problem: unstructured tender information is harder to reuse, validate, and audit. User value: procurement officers and regulators can publish and consume tender metadata consistently. Scope: metadata capture, validation, machine-readable export. Out of scope: public procurement portal redesign.","[ReqID: R14] Given a tender record is created, when required metadata fields are completed, then the platform stores the tender with the supported machine-readable structure. | [ReqID: R14] Given a valid tender record exists, when metadata export is requested, then the platform returns the required machine-readable metadata fields.",R14,Compliance;Interoperability;Usability,3,P2,Procurement Analyst,,Deferred,None,DoR: Ready. PO Approval: Approved for backlog seeding from srs-v3 on 2026-03-10. Constraint refs: C01-C07. Deferred after MVP.
PBI-015,Feature,Regulator audit reporting and signed export bundle,"Context: regulators and auditors need a consumable audit package from platform records. Business problem: raw event data alone is difficult to review and transmit. User value: regulators can request and receive signed audit exports within an agreed turnaround. Scope: audit bundle generation, signing, export request handling, delivery status tracking. Out of scope: regulator portal integration.","[ReqID: R15] Given an authorized regulator export request is submitted, when the export job completes, then the platform generates a signed audit bundle containing the requested records. | [ReqID: R15] Given an export bundle has been generated, when the requester downloads it, then the bundle includes integrity metadata sufficient to verify authenticity.",R15,Audit;Compliance;Performance;Security,5,P1,Compliance Lead,MVP,Planned,PBI-005;PBI-022,DoR: Ready. PO Approval: Approved for MVP on 2026-03-10. Constraint refs: C01-C07. MVP scope excludes external regulator integration.
PBI-016,Feature,Upgradeable contract versioning workflow,"Context: contract logic and templates will evolve over time. Business problem: unmanaged upgrades create compatibility and audit risk. User value: developers and reviewers can upgrade contract versions with traceability. Scope: version tagging, upgrade path, migration support, audit history. Out of scope: automated multi-network migration.","[ReqID: R16] Given a new contract version is prepared, when the upgrade process is executed, then the platform records the prior version, new version, and upgrade metadata. | [ReqID: R16] Given an upgrade affects existing records, when migration validation is run, then the platform reports whether affected records remain accessible or are migrated successfully.",R16,Maintainability;Audit;Reliability;Compliance,5,P2,Platform Engineer,,Deferred,PBI-006;PBI-007,DoR: Ready. PO Approval: Approved for backlog seeding from srs-v3 on 2026-03-10. Constraint refs: C01-C07. Deferred after MVP.
PBI-017,Feature,Role-based UI and operational dashboards,"Context: different actors require different workflows and visibility. Business problem: a one-size-fits-all interface increases error rate and reduces productivity. User value: each role can view relevant data and actions only. Scope: role-based navigation, dashboard widgets, role action permissions, tailored views. Out of scope: advanced analytics personalization.","[ReqID: R17] Given a user logs in with a defined platform role, when the dashboard loads, then the user sees the role-specific widgets and actions assigned to that role. | [ReqID: R17] Given a user attempts to access an action outside the assigned role, when authorization is evaluated, then the action is hidden or blocked.",R17,Usability;Security;Accessibility;Audit,5,P1,Frontend Engineer,MVP,Planned,PBI-003;PBI-022,DoR: Ready. PO Approval: Approved for MVP on 2026-03-10. Constraint refs: C01-C07. MVP should focus on essential role views only.
PBI-018,Feature,Delivery evidence with signed IoT or QR proof,"Context: proof of delivery supports settlement and dispute reduction. Business problem: delivery confirmation without verifiable evidence is weaker for financing and audit. User value: buyers and logistics parties can verify delivery evidence linked to transactions. Scope: signed proof capture, linkage to delivery event, verification result display. Out of scope: hardware device management.","[ReqID: R18] Given a delivery event has a signed IoT or QR proof, when the proof is submitted, then the platform verifies the signature and links the proof to the delivery record. | [ReqID: R18] Given a linked proof exists, when a buyer reviews the delivery record, then the proof status and verification result are visible.",R18,Integrity;Interoperability;Reliability;Audit,5,P2,Integration Engineer,,Deferred,PBI-004;PBI-005,DoR: Ready. PO Approval: Approved for backlog seeding from srs-v3 on 2026-03-10. Constraint refs: C01-C07. Deferred after MVP.
PBI-019,Feature,Data retention and legal-hold controls,"Context: transaction and compliance records must follow retention rules. Business problem: uncontrolled deletion or expiry can violate legal obligations. User value: auditors and legal users can enforce retention and legal-hold states. Scope: retention policy application, hold flagging, deletion prevention during hold. Out of scope: cross-jurisdiction rules engine.","[ReqID: R19] Given a record reaches a retention checkpoint, when the retention policy is evaluated, then the platform applies the configured retention state to the record. | [ReqID: R19] Given a legal hold is active on a record, when deletion or purge is attempted, then the action is blocked and logged.",R19,Compliance;Security;Retention;Audit,3,P1,Compliance Lead,,Deferred,PBI-022,DoR: Ready. PO Approval: Approved for backlog seeding from srs-v3 on 2026-03-10. Constraint refs: C01-C07. Deferred after MVP.
PBI-020,Feature,Shariah governance workflow for PLS approvals,"Context: PLS products require governance review before use. Business problem: without a formal approval workflow, compliant activation cannot be demonstrated. User value: Shariah reviewers and banks can track review outcomes before product activation. Scope: checklist workflow, review decision, approval history, activation gate. Out of scope: external board portal.","[ReqID: R20] Given a new PLS product or contract type is submitted for review, when the checklist is completed and approved, then the platform records the approval result and allows activation. | [ReqID: R20] Given required governance approval is missing, when activation is attempted, then the platform blocks activation and shows the missing approval state.",R20,Compliance;Audit;Security;Governance,5,P0,Shariah Compliance Lead,MVP,Completed,None,DoR: Ready. PO Approval: Approved for MVP on 2026-03-10. Constraint refs: C01-C07. Regulated area; MVP requires explicit audit history.
PBI-021,Feature,Dispute resolution and arbitration record workflow,"Context: procurement and financing flows may require formal dispute handling. Business problem: inconsistent dispute tracking weakens governance and evidence management. User value: parties can record disputes, evidence, and final status in one lifecycle. Scope: dispute creation, evidence attachment metadata, status updates, final resolution record. Out of scope: external arbitration system integration.","[ReqID: R21] Given a transaction dispute is raised, when the case is created, then the platform stores the dispute record with linked transaction context and initial status. | [ReqID: R21] Given a dispute reaches resolution, when the final decision is recorded, then the platform stores the final status and linked evidence history.",R21,Audit;Compliance;Reliability;Security,5,P2,Operations Lead,,Deferred,PBI-005,DoR: Ready. PO Approval: Approved for backlog seeding from srs-v3 on 2026-03-10. Constraint refs: C01-C07. Deferred after MVP.
PBI-022,Feature,Access logging and cryptographic non-repudiation,"Context: regulated and sensitive workflows require strong auditability of user actions. Business problem: incomplete access logging undermines investigations and compliance evidence. User value: auditors and security operators can trace who did what and prove action origin. Scope: access logs, signed action records, query support for investigation. Out of scope: external SIEM integration.","[ReqID: R22] Given a user accesses or changes a protected resource, when the action is processed, then the platform records the action with actor identity, timestamp, and cryptographic or equivalent non-repudiation evidence. | [ReqID: R22] Given an auditor reviews access history, when a search is executed, then the platform returns a traceable sequence of logged actions for the selected user or resource.",R22,Security;Audit;NonRepudiation;Compliance,5,P0,Security Engineer,MVP,In-Progress,PBI-003,DoR: Ready. PO Approval: Approved for MVP on 2026-03-10. Constraint refs: C01-C07. Foundational MVP control.
PBI-023,Feature,Legacy ERP interoperability adapter,"Context: enterprise buyers and suppliers may need existing ERP systems to exchange procurement data with the platform. Business problem: manual transfer reduces adoption and increases errors. User value: integrators can map PO and invoice flows between systems. Scope: adapter mappings, sample import export, error handling. Out of scope: full production ERP rollout.","[ReqID: R23] Given a sample PO or invoice payload is received from a supported legacy format, when mapping is executed, then the adapter produces the platform-compatible payload. | [ReqID: R23] Given a mapped payload is missing required fields, when validation runs, then the adapter rejects the payload and reports the mapping error.",R23,Interoperability;Reliability;Maintainability,8,P2,Integration Engineer,,Deferred,PBI-005,DoR: Ready. PO Approval: Approved for backlog seeding from srs-v3 on 2026-03-10. Constraint refs: C01-C07. Deferred after MVP due C04.
PBI-024,Feature,Consent management and privacy controls,"Context: user and organization data sharing requires explicit consent handling. Business problem: exports and sharing without tracked consent create privacy risk. User value: SMEs can grant and revoke consent and see that exports honor the current consent state. Scope: consent grant, consent revoke, consent check on export, audit history. Out of scope: advanced preference center.","[ReqID: R24] Given an SME grants consent for a defined data use, when the consent is saved, then the platform records the consent state with scope and timestamp. | [ReqID: R24] Given consent has been revoked, when an export requiring that consent is requested, then the platform blocks or limits the export according to the current consent state.",R24,Privacy;Compliance;Security;Audit,5,P1,Privacy Officer,,Deferred,PBI-022,DoR: Ready. PO Approval: Approved for backlog seeding from srs-v3 on 2026-03-10. Constraint refs: C01-C07. Deferred after MVP.
PBI-025,Feature,Monitoring dashboards and incident management hooks,"Context: platform operations require visibility and response readiness. Business problem: poor operational telemetry increases recovery time and hidden failures. User value: operators can monitor health, detect incidents, and follow response triggers. Scope: dashboards, alert conditions, incident hook integration, basic runbook linkage. Out of scope: full NOC implementation.","[ReqID: R25] Given a monitored service experiences a defined failure condition, when the threshold is crossed, then the platform triggers an alert and records the incident event. | [ReqID: R25] Given an operator opens the monitoring dashboard, when the page loads, then current service health and recent alerts are visible.",R25,Operability;Availability;Reliability;Security,3,P1,DevOps Engineer,,Deferred,PBI-022,DoR: Ready. PO Approval: Approved for backlog seeding from srs-v3 on 2026-03-10. Constraint refs: C01-C07. Deferred after MVP.
PBI-026,Feature,Reproducible PLS scenario test harness,"Context: PLS calculations and workflows require repeatable verification. Business problem: without a repeatable harness the team cannot validate business scenarios consistently. User value: QA and developers can rerun known profit and loss scenarios with expected outputs. Scope: scenario definitions, repeatable execution, expected result comparison, test evidence. Out of scope: enterprise-scale performance suite.","[ReqID: R26] Given a defined PLS scenario exists in the harness, when the scenario is executed, then the platform produces the expected profit and loss result for comparison. | [ReqID: R26] Given the scenario output differs from the expected result, when the test run completes, then the harness marks the scenario as failed and stores the evidence.",R26,Testability;Reliability;Audit;Maintainability,5,P1,QA Lead,,Deferred,PBI-007,DoR: Ready. PO Approval: Approved for backlog seeding from srs-v3 on 2026-03-10. Constraint refs: C01-C07. Deferred after MVP.
PBI-027,Feature,Identity and credential revocation,"Context: issued credentials may later become invalid or withdrawn. Business problem: without revocation support invalid credentials may continue to pass verification. User value: admins can revoke a credential and immediately affect verification outcomes. Scope: revoke action, revocation status lookup, verification check. Out of scope: cross-network revocation federation.","[ReqID: R27] Given an authorized admin revokes a credential, when revocation is confirmed, then the credential status changes to revoked in the verification store. | [ReqID: R27] Given a revoked credential is presented for verification, when the verification check runs, then the platform returns an invalid result and blocks the protected action.",R27,Security;Compliance;Reliability;Audit,3,P1,Identity Engineer,,Deferred,PBI-001;PBI-003,DoR: Ready. PO Approval: Approved for backlog seeding from srs-v3 on 2026-03-10. Constraint refs: C01-C07. Deferred after MVP.
PBI-028,Feature,Regulatory sandbox mode and audit hooks,"Context: pilot deployments may require a restricted sandbox operating mode. Business problem: without a sandbox mode, regulator-facing pilots may be harder to isolate and audit. User value: teams can run a restricted pilot mode with enhanced logging. Scope: sandbox mode flag, restricted deployment behavior, enhanced audit hooks. Out of scope: production regulator portal.","[ReqID: R28] Given sandbox mode is enabled for an environment, when users operate within that environment, then the platform applies the defined sandbox restrictions and enhanced logging rules. | [ReqID: R28] Given sandbox mode is disabled, when standard operations run, then sandbox-only restrictions are not applied.",R28,Compliance;Audit;Security;Operability,3,P2,Compliance Lead,,Deferred,PBI-022;PBI-025,DoR: Ready. PO Approval: Approved for backlog seeding from srs-v3 on 2026-03-10. Constraint refs: C01-C07. Deferred after MVP.
PBI-029,Feature,Multi-jurisdiction retention and consent configuration,"Context: different operating jurisdictions may require different retention and consent rules. Business problem: hard-coded policy behavior does not scale across jurisdictions. User value: admins can apply jurisdiction-specific privacy and retention settings. Scope: configurable rules by jurisdiction, policy lookup, testable rule application. Out of scope: legal interpretation engine.","[ReqID: R29] Given a record is associated with a configured jurisdiction, when retention or consent policy is evaluated, then the platform applies the rules defined for that jurisdiction. | [ReqID: R29] Given a jurisdiction configuration is changed, when policy tests are executed, then the platform reflects the new rules in the test results.",R29,Compliance;Configurability;Maintainability;Privacy,5,P2,Compliance Lead,,Deferred,PBI-019;PBI-024,DoR: Ready. PO Approval: Approved for backlog seeding from srs-v3 on 2026-03-10. Constraint refs: C01-C07. Deferred after MVP.
PBI-030,Feature,Consortium governance policy registry,"Context: multi-party platforms require explicit governance records for policy changes. Business problem: undocumented governance decisions weaken accountability and trust. User value: consortium admins can record bylaws and policy changes with traceable approval outcomes. Scope: policy registry, change proposal, approval record, history view. Out of scope: automated quorum execution across independent organizations.","[ReqID: R30] Given a governance policy change is proposed, when the proposal is submitted, then the platform stores the policy record with proposer, date, and current status. | [ReqID: R30] Given a policy change is approved, when the decision is finalized, then the registry records the approval outcome and preserves the policy history.",R30,Governance;Audit;Security;Compliance,5,P2,Governance Lead,,Deferred,PBI-003;PBI-022,DoR: Ready. PO Approval: Approved for backlog seeding from srs-v3 on 2026-03-10. Constraint refs: C01-C07. Deferred after MVP.
PBI-031,Story,"As an administrator, I want to register a member organization, so that participating organizations can be onboarded into the platform","Context: the platform requires a controlled member registry before roles and access can be managed. Business problem: unmanaged organization onboarding creates governance and security gaps. User role / actor: administrator. Expected behavior: administrator creates a member organization record with essential membership metadata and initial status. Business value: establishes the baseline organization registry for the platform. In scope: organization creation, uniqueness validation, membership status initialization. Out of scope: role assignment and protected-function enforcement.","[ReqID: R03] Given an administrator submits valid organization details, when the organization is created, then the platform stores the member organization with a unique identifier and active status. | [ReqID: R03] Given required organization data is missing or duplicated, when creation is attempted, then the platform blocks the request and shows validation errors.",R03,Security;Compliance;Maintainability,3,P0,Platform Engineer,,Completed,PBI-003,Important: Story-level acceptance should not be marked Accepted/Done until PBI-083 is resolved and duplicate-prevention behavior is verified.
PBI-032,Story,"As an administrator, I want to define and maintain platform roles, so that access can be governed consistently","Context: role-based access requires a stable role catalogue before user assignment. Business problem: inconsistent role definitions weaken access governance. User role / actor: administrator. Expected behavior: administrator can create, update, and manage platform roles used for membership access control. Business value: establishes a reusable role model for secure access management. In scope: role creation, role update, role status management. Out of scope: user-role assignment and runtime access denial.","[ReqID: R03] Given an administrator defines a valid role, when the role is saved, then the platform stores the role for future assignment. | [ReqID: R03] Given a duplicate or invalid role definition is submitted, when save is attempted, then the platform rejects the change and returns a validation error.",R03,Security;Compliance;Maintainability,3,P0,Platform Engineer,,Completed,PBI-003,DoR: Ready. PO Approval: Approved for Sprint 1 decomposition of PBI-003.
PBI-033,Story,"As an administrator, I want to assign platform roles to member users, so that each user can access only the functions required for their responsibilities","Context: once organizations and roles exist, users must be bound to those roles to support controlled access. Business problem: users without structured role assignment cannot be governed consistently. User role / actor: administrator. Expected behavior: administrator assigns, changes, or removes roles for users associated with member organizations. Business value: enables least-privilege access control. In scope: assign role, change role, remove role, membership validation. Out of scope: deactivation enforcement.","[ReqID: R03] Given a user belongs to a valid member organization and a valid role exists, when an administrator assigns the role, then the platform stores the assignment successfully. | [ReqID: R03] Given the user is not associated with a valid member organization or the role is invalid, when assignment is attempted, then the platform blocks the assignment and shows the reason.",R03,Security;Compliance;Maintainability;Audit,5,P0,Platform Engineer,,Completed,PBI-003;PBI-031;PBI-032,DoR: Ready. PO Approval: Approved for Sprint 1 decomposition of PBI-003.
PBI-034,Story,"As the platform, I want to block access for deactivated members, so that removed organizations and users cannot use protected functions","Context: membership and role management are incomplete without enforcement against deactivated members. Business problem: inactive members retaining access creates governance and security risk. User role / actor: system enforcement. Expected behavior: protected actions are denied when a member organization or user is deactivated. Business value: ensures access control reflects membership state. In scope: deactivation state check, denial of protected actions, error feedback. Out of scope: advanced non-repudiation analytics.","[ReqID: R03] Given a member organization or user is deactivated, when a protected action is attempted, then the platform denies access. | [ReqID: R03] Given an active member with a valid role attempts a protected action, when access is evaluated, then the platform allows the action to proceed.",R03,Security;Compliance;Reliability,5,P0,Platform Engineer,,Completed,PBI-003;PBI-031;PBI-033,DoR: Ready. PO Approval: Approved for Sprint 1 decomposition of PBI-003.
PBI-035,Story,"As a compliance coordinator, I want to submit a PLS item for Shariah review, so that governance starts from a formal and traceable request","Context: Shariah governance requires a formal starting point for review. Business problem: ad hoc review initiation makes approval workflow ambiguous and difficult to track. User role / actor: compliance coordinator. Expected behavior: coordinator submits a review request with the mandatory metadata for a PLS item. Business value: creates a controlled and traceable approval intake process. In scope: request creation, mandatory fields, initial workflow state. Out of scope: checklist completion and final decision.","[ReqID: R20] Given the required review-request data is complete, when the coordinator submits the request, then the platform creates a review record with initial Submitted status. | [ReqID: R20] Given mandatory review-request data is incomplete, when submission is attempted, then the platform blocks the request and shows validation errors.",R20,Compliance;Audit;Security,3,P0,Compliance Lead,,Completed,PBI-020,DoR: Ready. PO Approval: Approved for Sprint 1 decomposition of PBI-020.
PBI-036,Story,"As a Shariah reviewer, I want to record the review checklist outcome, so that the basis of the governance decision is documented","Context: governance decisions require structured review evidence before approval can be finalized. Business problem: undocumented checklist completion weakens governance assurance. User role / actor: Shariah reviewer. Expected behavior: reviewer completes and saves the checklist findings for a submitted review item. Business value: makes the approval basis explicit and auditable. In scope: checklist completion, reviewer comments, review completion state. Out of scope: final approve reject conditional-approve transition.","[ReqID: R20] Given a submitted review item exists, when the reviewer completes the checklist with all required entries, then the platform stores the checklist outcome and reviewer comments. | [ReqID: R20] Given mandatory checklist entries are missing, when the reviewer attempts to save completion, then the platform blocks completion and shows validation errors.",R20,Compliance;Audit;Security,3,P0,Shariah Compliance Lead,,Completed,PBI-020;PBI-035,DoR: Ready. PO Approval: Approved for Sprint 1 decomposition of PBI-020.
PBI-037,Story,"As a Shariah reviewer, I want to record approve, reject, or conditional-approve decisions, so that governance outcomes are explicit and auditable","Context: the review workflow must end in a formal governance outcome. Business problem: without explicit decision capture, approval status cannot be relied upon. User role / actor: Shariah reviewer. Expected behavior: reviewer records the final decision with rationale or conditions where applicable. Business value: enables clear governance outcomes and later compliance verification. In scope: approve, reject, conditional approve, rationale capture, state transition. Out of scope: activation gating against PLS contract execution.","[ReqID: R20] Given a completed review checklist exists, when the reviewer records an approval decision, then the platform changes the item status to Approved and stores the decision metadata. | [ReqID: R20] Given the reviewer records a rejection or conditional approval, when the decision is saved, then the platform stores the rationale or conditions and updates the workflow state accordingly.",R20,Compliance;Audit;Security,3,P0,Shariah Compliance Lead,,Completed,PBI-020;PBI-036,DoR: Ready. PO Approval: Approved for Sprint 1 decomposition of PBI-020.
PBI-038,Story,"As a compliance coordinator, I want to view the current approval status and decision history, so that I can track governance progress and outcomes","Context: governance workflow participants need visibility into approval progress and results. Business problem: without a consolidated view, coordinators cannot follow up or confirm outcome state efficiently. User role / actor: compliance coordinator. Expected behavior: coordinator can view the latest status and prior review history of a PLS review item. Business value: improves workflow transparency and operational follow-up. In scope: status view, decision history, summary of review progression. Out of scope: regulator export and linkage to downstream contract execution.","[ReqID: R20] Given a review item exists, when the coordinator opens its details, then the platform displays the current approval status and prior review history. | [ReqID: R20] Given no final decision has been recorded yet, when the coordinator views the item, then the platform still shows the submitted and review-progress states without error.",R20,Compliance;Audit;Usability;Security,2,P1,Compliance Lead,,Completed,PBI-020;PBI-035;PBI-037,DoR: Ready. PO Approval: Approved for Sprint 1 decomposition of PBI-020.
PBI-039,Task,"Do define member organization schema, uniqueness rules, and membership status model","Action to be performed: define the member organization data model, required fields, uniqueness rules, and active or inactive lifecycle states. Why it is needed: downstream API, UI, and access-control tasks depend on stable data and state rules. Expected output: reviewed schema, validation rules, and request-response contract. Scope: entity fields, uniqueness rule, state values, API contract. Explicit exclusions: UI build and endpoint implementation.","[ReqID: R03] Given the schema draft is reviewed, when validation rules are checked, then required fields, uniqueness constraints, and status values are explicitly defined. | [ReqID: R03] Given downstream tasks consume the model, when implementation starts, then the request and response contract is stable enough for API and UI work.",R03,Security;Compliance;Maintainability,2,P0,Platform Engineer,Sprint 1,Completed,PBI-031,"Important: Covers PBI-031 AC1 and AC2. Shared prerequisite for PBI-040 and PBI-041. Evidence: schema note, validation matrix, API contract."
PBI-040,Task,Do implement member organization creation API and service validation,"Action to be performed: build the backend endpoint and service logic for member organization creation with required validation and duplicate checks. Why it is needed: the story requires creation of unique active member organizations. Expected output: working create service with persistence and validation behavior. Scope: endpoint, service logic, required-field validation, duplicate prevention, persistence. Explicit exclusions: admin screen implementation.","[ReqID: R03] Given valid organization input is submitted, when the create service executes, then the organization is stored with a unique identifier and active status. | [ReqID: R03] Given missing or duplicate data is submitted, when validation runs, then the service rejects the request with the correct error response.",R03,Security;Compliance;Reliability,3,P0,Backend Engineer,Sprint 1,Completed,PBI-031;PBI-039,"Important: Delivered slice completed current backend create flow, but duplicate-prevention remains incomplete in the implementation path and is now tracked explicitly by PBI-083."
PBI-041,Task,Do implement administrator registration UI and error feedback for member onboarding,"Action to be performed: build the admin form and user feedback for member organization registration. Why it is needed: administrators need a usable interface to create organizations and handle invalid input. Expected output: working form with validation messages and success state. Scope: form fields, submit flow, validation feedback, success and error states. Explicit exclusions: backend authorization and audit logging.","[ReqID: R03] Given valid registration data is entered, when the administrator submits the form, then the UI sends the request and displays a success result aligned to the backend response. | [ReqID: R03] Given invalid or duplicate data is entered, when submission is attempted, then the UI displays meaningful validation or error feedback.",R03,Usability;Security;Maintainability,2,P0,Frontend Engineer,Sprint 3,Completed,PBI-031;PBI-039;PBI-040;PBI-079;PBI-080;PBI-081;PBI-082;PBI-083,"Important: Covers PBI-031 AC1 and AC2. Can run in parallel with PBI-040 after contract is stable. Evidence: screenshots, functional checks. When resumed, this task must consume the backend duplicate-conflict response semantics introduced by PBI-083."
PBI-042,Task,"Do implement organization-creation authorization, audit logging, and protected data handling","Action to be performed: add authorization checks, audit events, and sensitive-field handling to organization creation. Why it is needed: the workflow is governance-sensitive and must be restricted and traceable. Expected output: admin-only creation path with audit records. Scope: permission checks, create-event logging, protected-field rules. Explicit exclusions: advanced reporting.","[ReqID: R03] Given a non-admin attempts organization creation, when access is evaluated, then the operation is denied. | [ReqID: R03] Given an authorized organization creation succeeds, when the action completes, then an audit record is written with actor and timestamp.",R03,Security;Compliance;Audit,2,P0,Security Engineer,Sprint 1,Completed,PBI-031;PBI-040,"Important: Covers PBI-031 AC1. Supports DoD compliance and traceability. Evidence: access-control test results, log samples."
PBI-043,Task,"Do execute end-to-end validation, regression checks, documentation updates, and demo evidence for member organization registration","Action to be performed: validate the full member-organization registration flow, update documentation, and collect evidence. Why it is needed: the story cannot meet Done without proof, regression safety, and supporting documentation. Expected output: completed test evidence, docs updates, and demo-ready flow. Scope: functional testing, regression checks, docs, demo evidence. Explicit exclusions: new feature development.","[ReqID: R03] Given the implementation tasks are complete, when end-to-end validation is run, then both valid and invalid registration paths pass. | [ReqID: R03] Given the story is prepared for review, when evidence is collected, then test results, screenshots, and updated documentation are linked.",R03,Quality;Maintainability;Audit,2,P0,QA Lead,Sprint 1,Completed,PBI-031;PBI-040;PBI-041;PBI-042,Important: Original evidence covered the delivered slice. Final duplicate-path regression evidence and conflict-response verification are now expected under PBI-083 before story-level acceptance.
PBI-044,Task,"Do define role catalog model, constraints, and reference data","Action to be performed: define the platform role model, allowed attributes, and role constraints. Why it is needed: role assignment and access behavior depend on a stable role catalog. Expected output: reviewed role model and validation rules. Scope: role entity, uniqueness, role status, reference data. Explicit exclusions: assignment workflow.","[ReqID: R03] Given the role model is reviewed, when constraints are checked, then allowed role attributes and uniqueness rules are explicitly defined. | [ReqID: R03] Given downstream implementation depends on the model, when build starts, then the role contract is stable enough for API and UI tasks.",R03,Security;Compliance;Maintainability,2,P0,Platform Engineer,Sprint 1,Completed,PBI-032,"Important: Covers PBI-032 AC1 and AC2. Shared prerequisite for PBI-045 and PBI-046. Evidence: role model, validation rules."
PBI-045,Task,Do implement role management API and duplicate or invalid-role validation,"Action to be performed: build the backend role create and update logic with validation. Why it is needed: the role catalog must be maintainable and protected from invalid definitions. Expected output: working role-management service with validation. Scope: create and update service, duplicate prevention, invalid-role checks, persistence. Explicit exclusions: role UI.","[ReqID: R03] Given a valid role definition is submitted, when the service runs, then the role is stored or updated successfully. | [ReqID: R03] Given a duplicate or invalid definition is submitted, when validation runs, then the request is rejected with the correct error.",R03,Security;Compliance;Reliability,3,P0,Backend Engineer,Sprint 1,Completed,PBI-032;PBI-044,"Important: Covers PBI-032 AC1 and AC2. Downstream prerequisite for role assignment story. Evidence: API tests, negative cases."
PBI-046,Task,Do implement administrator role management UI and system feedback,"Action to be performed: build the administrator interface for creating and maintaining roles with clear feedback. Why it is needed: role maintenance must be usable and testable in Sprint 1. Expected output: working role-management screen and feedback behavior. Scope: role form, update screen, validation messages, status display. Explicit exclusions: authorization middleware.","[ReqID: R03] Given valid role data is entered, when the administrator saves it, then the UI shows success and the role is available for later assignment. | [ReqID: R03] Given invalid or duplicate role data is entered, when save is attempted, then the UI shows the appropriate validation or error message.",R03,Usability;Maintainability;Security,2,P0,Frontend Engineer,Sprint 3,Completed,PBI-032;PBI-044,"Important: Covers PBI-032 AC1 and AC2. Evidence: screenshots, UI tests. Blocked pending governed frontend runway resolution under PBI-079 and its approved follow-up items. When resumed, this task must consume the backend role-management contract and validation/error semantics delivered by PBI-045 rather than introducing ad hoc UI-side rules."
PBI-047,Task,"Do implement authorization boundaries, audit logging, and role status checks","Action to be performed: add permission checks, audit events, and active-inactive role handling to role management. Why it is needed: governance requires controlled and traceable role changes. Expected output: protected role-management actions and audit records. Scope: admin-only role maintenance, audit logging, inactive-role rules. Explicit exclusions: analytics.","[ReqID: R03] Given a non-admin attempts to create or update a role, when access is evaluated, then the operation is denied. | [ReqID: R03] Given an authorized role change is made, when the action completes, then an audit event is recorded and role status rules are enforced.",R03,Security;Compliance;Audit,2,P0,Security Engineer,Sprint 1,Completed,PBI-032;PBI-045,"Important: Covers PBI-032 AC1. Supports compliance and later role-assignment integrity. Evidence: access tests, log samples."
PBI-048,Task,"Do execute role-management testing, regression checks, documentation updates, and demo evidence","Action to be performed: validate role management end to end and prepare evidence and documentation. Why it is needed: story Done requires test proof, safe regression posture, and reviewable artifacts. Expected output: completed tests, updated docs, and demo material. Scope: functional tests, regression checks, docs, demo evidence. Explicit exclusions: new feature implementation.","[ReqID: R03] Given implementation tasks are complete, when end-to-end validation is run, then valid and invalid role-management paths pass. | [ReqID: R03] Given the story is reviewed, when evidence is attached, then test results, screenshots, and documentation updates are available.",R03,Quality;Maintainability;Audit,2,P0,QA Lead,,Completed,PBI-032;PBI-045;PBI-046;PBI-047,Important: Covers PBI-032 AC1 and AC2 plus DoD. Needed before PO acceptance.
PBI-049,Task,Do define user-to-organization and user-to-role assignment rules and preconditions,"Action to be performed: define the assignment model, allowed preconditions, and invalid scenarios for assigning roles to users. Why it is needed: role assignment depends on organization membership, user availability, and valid roles. Expected output: reviewed assignment rules and failure cases. Scope: preconditions, allowed transitions, duplicate rules, invalid scenarios. Explicit exclusions: endpoint implementation.","[ReqID: R03] Given the assignment rules are reviewed, when prerequisites are checked, then valid organization, user, and role preconditions are explicitly defined. | [ReqID: R03] Given invalid scenarios are analyzed, when the rule set is completed, then blocked cases and user feedback requirements are documented.",R03,Security;Compliance;Maintainability,2,P0,Business Analyst,Sprint 1,Completed,PBI-033;PBI-031;PBI-032,Important: Covers PBI-033 AC1 and AC2. Assumption: user identity entity already exists or is mockable for Sprint 1.
PBI-050,Task,"Do implement role assignment service for assign, change, and remove actions","Action to be performed: build backend logic for assigning, changing, and removing roles from member users. Why it is needed: the story requires executable role-to-user binding with rule enforcement. Expected output: working assignment service and validation behavior. Scope: assign, change, remove, membership validation, invalid-role handling. Explicit exclusions: admin screen.","[ReqID: R03] Given a valid user, organization, and role are supplied, when assignment is executed, then the system stores the assignment successfully. | [ReqID: R03] Given the user is invalid, not a member, or the role is invalid, when assignment is attempted, then the request is rejected with the correct error. | [ReqID: R03] Given assign, change, and remove actions are in scope, when implementation is complete, then each supported action has automated coverage for happy path and relevant negative paths.",R03,Security;Compliance;Reliability;Audit,3,P0,Backend Engineer,Sprint 2,Completed,PBI-033;PBI-049;PBI-040;PBI-045;PBI-084;PBI-085,"Important: partial progress is valid for create-assignment, duplicate active assignment prevention, invalid-role rejection, member-organization existence validation, and current passing tests. Remaining AC is blocked until identity and membership lookup capability exists."
PBI-051,Task,Do implement administrator role-assignment UI and operational feedback,"Action to be performed: build the administrator interface for assigning, changing, and removing user roles with clear feedback. Why it is needed: administrators need a usable workflow for controlled assignment. Expected output: working role-assignment screen with validation messages. Scope: assign-change-remove UI, feedback, member and role lookup. Explicit exclusions: authorization middleware.","[ReqID: R03] Given valid assignment inputs are entered, when the administrator submits the change, then the UI shows success and updated assignment state. | [ReqID: R03] Given invalid assignment inputs are entered, when submission is attempted, then the UI displays the reason the action is blocked.",R03,Usability;Maintainability;Security,2,P0,Frontend Engineer,Sprint 3,Completed,PBI-033;PBI-049;PBI-050,"Important: Covers PBI-033 AC1 and AC2. Evidence: screenshots, functional test cases. Blocked pending both governed frontend runway resolution under PBI-079 and backend completion of assignment-validation semantics currently blocked in PBI-050 and tracked through PBI-084 and PBI-085. When resumed, this task must consume real invalid-user, non-member, invalid-role, and duplicate-active-assignment responses from the backend."
PBI-052,Task,"Do implement permission checks, audit logging, and invalid-assignment prevention","Action to be performed: add access control, audit trails, and preventive checks for invalid role assignments. Why it is needed: assignment is governance-sensitive and must be restricted and traceable. Expected output: admin-only assignment actions with audit records and blocked invalid operations. Scope: permission checks, audit logs, invalid-assignment prevention. Explicit exclusions: reporting.","[ReqID: R03] Given an unauthorized user attempts to assign a role, when access is evaluated, then the action is denied. | [ReqID: R03] Given an invalid or duplicate assignment is attempted, when the system validates it, then the action is blocked and logged as appropriate.",R03,Security;Compliance;Audit,2,P0,Security Engineer,Sprint 2,Completed,PBI-033;PBI-050,"Important: Covers PBI-033 AC1 and AC2. Supports compliance evidence and regression safety. Evidence: log samples, negative tests."
PBI-053,Task,"Do execute role-assignment testing with seeded data, documentation updates, and demo evidence","Action to be performed: validate role assignment with realistic data and prepare documentation and evidence. Why it is needed: story Done depends on proof across happy and invalid paths. Expected output: seeded test dataset, results, docs, and demo-ready assignment flow. Scope: seeded data, functional tests, regression tests, docs, demo evidence. Explicit exclusions: new feature logic.","[ReqID: R03] Given seeded users, roles, and organizations exist, when role-assignment validation is executed, then valid and invalid scenarios pass as expected. | [ReqID: R03] Given the story is reviewed, when evidence is attached, then test results, screenshots, and updated documentation are available.",R03,Quality;Maintainability;Audit,2,P0,QA Lead,Sprint 2,Completed,PBI-033;PBI-050;PBI-051;PBI-052,Important: Covers PBI-033 AC1 and AC2 plus DoD. Requires test data setup visible in evidence.
PBI-054,Task,"Do define deactivation rules, protected-function list, and access-denial behavior","Action to be performed: define what deactivation means for member organizations and users, identify protected functions, and specify denial behavior. Why it is needed: access-blocking implementation fails without explicit rules and target surface. Expected output: reviewed deactivation policy and protected-function inventory. Scope: state rules, protected functions, denial messages, lifecycle effects. Explicit exclusions: code integration.","[ReqID: R03] Given deactivation scenarios are reviewed, when the rules are finalized, then the system behavior for active and inactive states is explicitly defined. | [ReqID: R03] Given protected functions are identified, when implementation starts, then the guarded API and UI targets are known.",R03,Security;Compliance;Maintainability,2,P0,Business Analyst,Sprint 2,Completed,PBI-034;PBI-031,Important: Covers PBI-034 AC1 and AC2. Hidden assumption to surface early: protected-function list must be agreed before build.
PBI-055,Task,Do implement member and user deactivation handling in access-control services,"Action to be performed: add deactivation-aware checks to backend access-control services. Why it is needed: inactive members must be prevented from using protected functions. Expected output: service logic that evaluates active or inactive state before allowing access. Scope: deactivation status checks, effective-access evaluation, service hooks. Explicit exclusions: UI guard implementation.","[ReqID: R03] Given a deactivated member or user attempts a protected action, when access is evaluated, then the service denies the action. | [ReqID: R03] Given an active member with valid access attempts a protected action, when access is evaluated, then the service permits the action to continue.",R03,Security;Compliance;Reliability,3,P0,Backend Engineer,Sprint 2 (Optional),Completed,PBI-034;PBI-054;PBI-050,Important: Covers PBI-034 AC1 and AC2. Depends on assignment service realism from PBI-050.
PBI-056,Task,Do integrate protected endpoints and UI guards with deactivation checks,"Action to be performed: wire deactivation checks into protected endpoints and user-interface guards with clear feedback. Why it is needed: enforcement must exist at actual interaction points, not only in isolated services. Expected output: guarded API routes and UI actions with denial messages. Scope: endpoint protection, UI guards, error feedback. Explicit exclusions: audit analytics.","[ReqID: R03] Given a deactivated member reaches a protected endpoint or action, when the request is made, then the system blocks it and displays the appropriate feedback. | [ReqID: R03] Given an active member uses the same protected function, when access is checked, then the action is allowed.",R03,Security;Reliability;Usability,2,P0,Frontend Engineer,Sprint 3,Completed,PBI-034;PBI-054;PBI-055,"Important: Covers PBI-034 AC1 and AC2. Integration work is often underestimated; keep endpoint/UI parity visible. Blocked pending governed frontend runway resolution under PBI-079 and backend completion of deactivation-aware access checks from PBI-055. When resumed, this task must align UI guards and protected-action feedback to the protected-function list and denial behavior defined in PBI-054 and enforced by PBI-055."
PBI-057,Task,"Do implement deactivation audit logging, regression safeguards for active members, and configuration controls","Action to be performed: add logging and safeguards around deactivation enforcement and any needed configuration control. Why it is needed: governance enforcement must be traceable and must not break valid active-user flows. Expected output: audit logs, regression coverage, and configuration notes. Scope: denial logs, active-member regression checks, configuration or feature toggle if needed. Explicit exclusions: reporting dashboards.","[ReqID: R03] Given a deactivated-access attempt occurs, when the action is denied, then an audit record is written. | [ReqID: R03] Given active-member scenarios are re-tested, when regression checks run, then valid active-user flows still pass.",R03,Security;Audit;Reliability,2,P0,Security Engineer,Sprint 2 (Optional),Completed,PBI-034;PBI-055,Important: Covers PBI-034 AC1 and AC2. Evidence should include both deny and allow logs.
PBI-058,Task,"Do execute access-control validation, documentation updates, and demo evidence for deactivated-member blocking","Action to be performed: validate access denial and allow paths, update docs, and collect demo evidence. Why it is needed: the story is not Done without demonstrable behavior and supporting artifacts. Expected output: completed validation and review package. Scope: end-to-end tests, regression checks, docs, demo evidence. Explicit exclusions: new logic development.","[ReqID: R03] Given implementation tasks are complete, when access-control validation is executed, then deactivated members are blocked and active members continue to work. | [ReqID: R03] Given the story is reviewed, when evidence is attached, then test results, screenshots, and log excerpts are available.",R03,Quality;Maintainability;Audit,2,P0,QA Lead,,Completed,PBI-034;PBI-055;PBI-056;PBI-057,Important: Covers PBI-034 AC1 and AC2 plus DoD. Demo should show both blocked and allowed flows.
PBI-059,Task,"Do define review-request schema, mandatory metadata, and initial workflow status rules","Action to be performed: define the data contract and initial state rules for Shariah review submissions. Why it is needed: submission, checklist, and later decision stories depend on a stable request structure. Expected output: reviewed review-request schema and Submitted-state rule. Scope: fields, required metadata, state rules, request-response contract. Explicit exclusions: UI and service implementation.","[ReqID: R20] Given the request model is reviewed, when the schema is finalized, then mandatory metadata and initial status are explicitly defined. | [ReqID: R20] Given downstream stories consume the request model, when implementation begins, then the contract is stable enough for API and UI work.",R20,Compliance;Audit;Maintainability,2,P0,Compliance Lead,Sprint 1,Completed,PBI-035,"Important: Covers PBI-035 AC1 and AC2. Shared prerequisite for PBI-060, PBI-061, and PBI-064."
PBI-060,Task,Do implement review-request API and service validation for submission,"Action to be performed: build backend submission logic for Shariah review requests with mandatory validation and Submitted-state transition. Why it is needed: the review workflow must start from a controlled service path. Expected output: working submission API and persistence behavior. Scope: endpoint, required-field validation, persistence, Submitted transition. Explicit exclusions: UI form.","[ReqID: R20] Given valid review-request data is submitted, when the service processes it, then the review item is stored with Submitted status. | [ReqID: R20] Given mandatory data is missing, when the service validates the request, then the submission is rejected with the correct error.",R20,Compliance;Security;Reliability,3,P0,Backend Engineer,Sprint 1,Completed,PBI-035;PBI-059,Important: Covers PBI-035 AC1 and AC2. Prerequisite for checklist story. Evidence: API tests and state-transition checks.
PBI-061,Task,Do implement coordinator submission UI and validation feedback for review requests,"Action to be performed: build the coordinator UI for submitting review items with clear field validation and success feedback. Why it is needed: compliance users need a usable workflow to start review. Expected output: working submission form and feedback behavior. Scope: form, validation feedback, success state, reference capture. Explicit exclusions: permission middleware.","[ReqID: R20] Given valid submission data is entered, when the coordinator submits the form, then the UI shows successful creation of the review item. | [ReqID: R20] Given mandatory data is missing, when submission is attempted, then the UI displays validation feedback.",R20,Usability;Compliance;Maintainability,2,P0,Frontend Engineer,Sprint 3,Completed,PBI-035;PBI-059,"Important: Covers PBI-035 AC1 and AC2. Evidence: screenshots, functional checks. Blocked pending governed frontend runway resolution under PBI-079 and its approved follow-up items. When resumed, this task must consume the backend review-submission contract from PBI-060 and reflect Submitted-state creation plus backend validation/error semantics without duplicating business rules in the UI."
PBI-062,Task,"Do implement request access control, audit logging, and reference or attachment handling","Action to be performed: add permission checks, audit logging, and handling for linked references or attachments on review submission. Why it is needed: governance requests are regulated records and must be traceable and access-controlled. Expected output: protected submission path with logs and managed references. Scope: coordinator permissions, create-event logging, reference handling. Explicit exclusions: external storage optimization.","[ReqID: R20] Given an unauthorized user attempts to submit a review request, when access is evaluated, then the request is denied. | [ReqID: R20] Given an authorized request is submitted, when it completes, then an audit record and linked reference metadata are stored.",R20,Compliance;Audit;Security,2,P0,Security Engineer,Sprint 1,Completed,PBI-035;PBI-060,Important: Covers PBI-035 AC1. Supports evidence and regulated-data handling.
PBI-063,Task,"Do execute review-submission validation, documentation updates, and demo evidence","Action to be performed: validate review submission end to end, update supporting docs, and collect evidence. Why it is needed: the story is not Done without proof and review artifacts. Expected output: test results, docs, and demo-ready submission flow. Scope: functional tests, regression checks, docs, screenshots, demo evidence. Explicit exclusions: new business logic.","[ReqID: R20] Given implementation tasks are complete, when end-to-end submission validation is executed, then valid and invalid request paths pass. | [ReqID: R20] Given the story is prepared for review, when evidence is attached, then test results, screenshots, and updated documentation are available.",R20,Quality;Maintainability;Audit,2,P0,QA Lead,,Completed,PBI-035;PBI-060;PBI-061;PBI-062,Important: Covers PBI-035 AC1 and AC2 plus DoD. Needed before story closure.
PBI-064,Task,"Do define checklist structure, mandatory entries, and completion rules","Action to be performed: define the Shariah review checklist model, required entries, and completion criteria. Why it is needed: checklist persistence, UI, and decisioning depend on stable review evidence rules. Expected output: reviewed checklist schema and completion logic. Scope: checklist items, required entries, completion rules, state implications. Explicit exclusions: final decision rules.","[ReqID: R20] Given the checklist model is reviewed, when completion rules are checked, then mandatory entries and completion criteria are explicitly defined. | [ReqID: R20] Given downstream decision work depends on checklist completion, when the model is finalized, then the completion-state behavior is clear enough to implement.",R20,Compliance;Audit;Maintainability,2,P0,Shariah Compliance Lead,Sprint 2,Completed,PBI-036;PBI-035;PBI-059,Important: Covers PBI-036 AC1 and AC2. Shared prerequisite for PBI-065 and PBI-069.
PBI-065,Task,Do implement reviewer checklist API and persistence of checklist outcomes,"Action to be performed: build backend logic for reviewers to save checklist completion results and comments. Why it is needed: the checklist outcome must be stored and validated before decisioning. Expected output: working checklist service with persistence and validation. Scope: create-update checklist outcome, required-entry validation, persistence. Explicit exclusions: decision outcome service.","[ReqID: R20] Given a submitted review item exists and required checklist entries are complete, when the reviewer saves the checklist, then the outcome and comments are stored. | [ReqID: R20] Given required checklist entries are missing, when the reviewer attempts to save completion, then the system rejects the action with validation errors.",R20,Compliance;Security;Reliability,3,P0,Backend Engineer,Sprint 2,Completed,PBI-036;PBI-064;PBI-060,Important: Covers PBI-036 AC1 and AC2. True prerequisite for decision story execution.
PBI-066,Task,Do implement reviewer checklist UI and incomplete-entry feedback,"Action to be performed: build the reviewer screen for checklist completion with validation feedback. Why it is needed: reviewers need a usable workflow to record checklist outcomes and handle missing entries. Expected output: working checklist screen and feedback behavior. Scope: checklist UI, comment fields, error messages, save flow. Explicit exclusions: final decision form.","[ReqID: R20] Given all required checklist entries are completed, when the reviewer saves the checklist, then the UI shows successful completion. | [ReqID: R20] Given mandatory entries are missing, when save is attempted, then the UI highlights the missing items and blocks completion.",R20,Usability;Compliance;Maintainability,2,P0,Frontend Engineer,Sprint 3,Completed,PBI-036;PBI-064;PBI-065,"Important: Covers PBI-036 AC1 and AC2. Depends on stable checklist contract. Blocked pending governed frontend runway resolution under PBI-079 and its approved follow-up items. When resumed, this task must consume checklist structure, mandatory-entry rules, and completion/error semantics from PBI-064 and PBI-065 rather than encoding checklist behavior independently in the UI."
PBI-067,Task,"Do implement checklist access control, audit logging, and state-transition guards","Action to be performed: add permissions, audit logging, and valid-state checks to checklist completion. Why it is needed: only the right reviewer in the right workflow state should complete the checklist. Expected output: protected and traceable checklist flow. Scope: reviewer permissions, audit logs, Submitted-to-reviewed guard rules. Explicit exclusions: dashboard reporting.","[ReqID: R20] Given an unauthorized user attempts checklist completion, when access is evaluated, then the action is denied. | [ReqID: R20] Given a review item is in the wrong state, when checklist completion is attempted, then the system blocks the transition and records the result appropriately.",R20,Compliance;Audit;Security,2,P0,Security Engineer,Sprint 2,Completed,PBI-036;PBI-065,Important: Covers PBI-036 AC1 and AC2. Evidence should show both authorization and invalid-state handling.
PBI-068,Task,"Do execute checklist validation, regression checks, documentation updates, and demo evidence","Action to be performed: validate checklist completion end to end, update guidance, and gather review evidence. Why it is needed: the story must prove checklist behavior before decisioning can be trusted. Expected output: validated checklist flow and updated docs. Scope: functional tests, regression tests, docs, screenshots, demo evidence. Explicit exclusions: new feature logic.","[ReqID: R20] Given implementation tasks are complete, when checklist validation runs, then valid and invalid completion paths pass. | [ReqID: R20] Given the story is prepared for acceptance, when evidence is attached, then tests, screenshots, and updated documentation are available.",R20,Quality;Maintainability;Audit,2,P0,QA Lead,,Completed,PBI-036;PBI-065;PBI-066;PBI-067,Important: Covers PBI-036 AC1 and AC2 plus DoD. Downstream consumer is PBI-037.
PBI-069,Task,"Do define decision states, rationale rules, and conditional-approval constraints","Action to be performed: define the formal governance decision model including approval, rejection, and conditional approval rules. Why it is needed: decision logic is high-risk and must be explicit before service and UI implementation. Expected output: reviewed state-transition matrix and field rules. Scope: decision states, mandatory rationale, conditional fields, invalid transitions. Explicit exclusions: API and UI implementation.","[ReqID: R20] Given decision outcomes are reviewed, when the decision model is finalized, then valid transitions and mandatory fields are explicitly defined. | [ReqID: R20] Given conditional approval is supported, when the rule set is checked, then condition-specific constraints are documented.",R20,Compliance;Audit;Maintainability,2,P0,Shariah Compliance Lead,Sprint 2,Completed,PBI-037;PBI-036;PBI-064,Important: Covers PBI-037 AC1 and AC2. High-risk rules task; decompose early to prevent rework.
PBI-070,Task,"Do implement decision API and service logic for approve, reject, and conditional approve","Action to be performed: build backend decision logic for reviewers to record governance outcomes. Why it is needed: the review workflow must end in a formal, validated decision. Expected output: working decision service with transition validation and persistence. Scope: approve, reject, conditional approve, rationale/condition validation, state updates. Explicit exclusions: decision UI.","[ReqID: R20] Given a completed review checklist exists and a valid decision is submitted, when the service processes it, then the review item transitions to the correct decision state. | [ReqID: R20] Given the decision is invalid or the item is not ready for decision, when processing is attempted, then the service blocks the action and returns the correct error.",R20,Compliance;Security;Reliability;Audit,3,P0,Backend Engineer,Sprint 2,Completed,PBI-037;PBI-069;PBI-065,Important: Covers PBI-037 AC1 and AC2. Downstream prerequisite for status-history story.
PBI-071,Task,Do implement reviewer decision UI and status feedback,"Action to be performed: build the reviewer interface for approval, rejection, and conditional approval with proper feedback. Why it is needed: reviewers need a usable decision workflow that exposes required rationale or conditions. Expected output: working decision form and status feedback. Scope: decision UI, rationale fields, conditional fields, save feedback. Explicit exclusions: analytics.","[ReqID: R20] Given a valid decision and required fields are entered, when the reviewer saves the decision, then the UI shows the updated decision state. | [ReqID: R20] Given required rationale or condition data is missing, when save is attempted, then the UI blocks the action and highlights the issue.",R20,Usability;Compliance;Maintainability,2,P0,Frontend Engineer,Sprint 3,Completed,PBI-037;PBI-069;PBI-070,"Important: Covers PBI-037 AC1 and AC2. Requires stable decision contract from PBI-070. Blocked pending governed frontend runway resolution under PBI-079 and its approved follow-up items. When resumed, this task must consume backend decision-state, rationale, and conditional-approval semantics from PBI-069 and PBI-070 and must not invent alternate UI-only decision rules."
PBI-072,Task,"Do implement decision access control, audit logging, and invalid-state prevention","Action to be performed: add authorization, audit trails, and invalid-state prevention for governance decisions. Why it is needed: decision capture is sensitive and must be traceable and protected. Expected output: protected decision path with audit records and state guards. Scope: reviewer permission checks, decision-event logs, invalid-state blocking. Explicit exclusions: reporting.","[ReqID: R20] Given an unauthorized user attempts to record a decision, when access is evaluated, then the action is denied. | [ReqID: R20] Given a decision is attempted from an invalid workflow state, when the system checks it, then the action is blocked and the event is logged as appropriate.",R20,Compliance;Audit;Security,2,P0,Security Engineer,Sprint 2,Completed,PBI-037;PBI-070,Important: Covers PBI-037 AC1 and AC2. Evidence should include invalid-state protection.
PBI-073,Task,"Do execute decision-flow validation, documentation updates, and demo evidence","Action to be performed: validate approve, reject, and conditional-approve flows end to end and prepare evidence. Why it is needed: the story is not Done until all decision variants are proven and documented. Expected output: completed tests, updated docs, and demo material. Scope: multi-path functional tests, regression checks, docs, screenshots, demo evidence. Explicit exclusions: new feature logic.","[ReqID: R20] Given decision implementation is complete, when end-to-end validation runs, then approve, reject, and conditional-approve flows behave as expected. | [ReqID: R20] Given the story is reviewed, when evidence is attached, then test results, screenshots, and updated documentation are available.",R20,Quality;Maintainability;Audit,2,P0,QA Lead,,Completed,PBI-037;PBI-070;PBI-071;PBI-072,Important: Covers PBI-037 AC1 and AC2 plus DoD. Should include evidence for all three decision outcomes.
PBI-074,Task,Do define status-history query model and review progression data contract,"Action to be performed: define how current status and review history will be queried and presented. Why it is needed: the view story depends on stable read models and history mapping rules. Expected output: reviewed query contract and progression model. Scope: current-status derivation, action history model, response shape. Explicit exclusions: UI rendering.","[ReqID: R20] Given review progression data is analyzed, when the query model is finalized, then the current-status and prior-action structures are explicitly defined. | [ReqID: R20] Given incomplete or intermediate histories exist, when mapping rules are checked, then the response behavior for those states is documented.",R20,Maintainability;Audit;Usability,2,P1,Business Analyst,Sprint 2,Completed,PBI-038;PBI-037;PBI-069,Important: Covers PBI-038 AC1 and AC2. Shared contract for API and UI work.
PBI-075,Task,Do implement status-history API and current-status query service,"Action to be performed: build backend read logic for current approval status and prior review history. Why it is needed: the coordinator needs a reliable source of workflow transparency. Expected output: working query service returning current state and history. Scope: read endpoint, history retrieval, current-status derivation, intermediate-state support. Explicit exclusions: UI layer.","[ReqID: R20] Given a review item exists, when the query service is called, then the current status and prior review actions are returned in the expected structure. | [ReqID: R20] Given no final decision exists yet, when the query runs, then the service still returns the submitted and in-progress states without error.",R20,Reliability;Audit;Maintainability,3,P1,Backend Engineer,Sprint 2,Completed,PBI-038;PBI-074;PBI-070,Important: Covers PBI-038 AC1 and AC2. Depends on real decision data from PBI-070.
PBI-076,Task,Do implement coordinator status-history UI and empty or intermediate-state handling,"Action to be performed: build the coordinator view for current status and decision history, including incomplete-history cases. Why it is needed: transparency requires a usable interface, not only an API. Expected output: working status-history screen with safe handling for empty or intermediate states. Scope: current status display, history timeline or list, no-decision-yet state, decision summary. Explicit exclusions: export feature.","[ReqID: R20] Given a review item with history exists, when the coordinator opens the screen, then the current status and prior actions are displayed clearly. | [ReqID: R20] Given no final decision exists yet, when the coordinator opens the screen, then the UI shows the available progress states without errors.",R20,Usability;Maintainability;Security,2,P1,Frontend Engineer,Sprint 3,Completed,PBI-038;PBI-074;PBI-075,"Important: Covers PBI-038 AC1 and AC2. Must explicitly handle empty and intermediate histories. Blocked pending governed frontend runway resolution under PBI-079 and its approved follow-up items. When resumed, this task must consume the status-history query and intermediate-state semantics from PBI-074 and PBI-075 so the UI reflects real backend progression states rather than assumed timeline behavior."
PBI-077,Task,"Do implement view permissions, audit read logging, and response hardening for history access","Action to be performed: add permissions, read-audit logging, and safe response handling for status-history access. Why it is needed: governance history is sensitive and must be read only by authorized roles. Expected output: protected read path with logging and safe handling of incomplete data. Scope: permission checks, read-event logs, safe response rules. Explicit exclusions: analytics dashboard.","[ReqID: R20] Given an unauthorized user attempts to view review history, when access is evaluated, then the request is denied. | [ReqID: R20] Given an authorized user views the history, when the response is returned, then read access is logged and incomplete histories are handled safely.",R20,Compliance;Audit;Security,2,P1,Security Engineer,,Completed,PBI-038;PBI-075,Important: Covers PBI-038 AC1 and AC2. Read logging matters for governance evidence.
PBI-078,Task,"Do execute status-history validation, regression checks, documentation updates, and demo evidence","Action to be performed: validate the status-history flow, update guidance, and collect review evidence. Why it is needed: the story is not Done without functional proof, docs, and demo material. Expected output: completed validation and acceptance package. Scope: functional tests, regression checks, docs, screenshots, demo evidence. Explicit exclusions: new feature logic.","[ReqID: R20] Given the implementation tasks are complete, when status-history validation runs, then current status and history display work for complete and incomplete review items. | [ReqID: R20] Given the story is reviewed, when evidence is attached, then test results, screenshots, and updated documentation are available.",R20,Quality;Maintainability;Audit,2,P1,QA Lead,,Completed,PBI-038;PBI-075;PBI-076;PBI-077,Important: Covers PBI-038 AC1 and AC2 plus DoD. Demo should show both intermediate and final decision histories.
PBI-079,Spike,Investigate governed frontend runway for repository-aligned UI work,"Unknown / problem statement: the repository currently provides backend execution runway but no governed frontend execution boundary for Sprint UI work. Why a decision is needed now: PBI-041 cannot proceed safely without an approved frontend boundary, toolchain decision, and contract-consumer pattern. Investigation scope: frontend location, build/run/test commands, boundary ownership, contract-consumer rule, auth/session assumption, and minimum documentation updates. Explicit exclusions: no production-ready member onboarding form implementation. Approach: inspect current repo constraints, evaluate minimum frontend boundary options, and produce a documented recommendation.","[ReqID: R03] Given the spike timebox ends, when findings are reviewed, then a documented recommendation exists for whether frontend work proceeds now or remains deferred. | [ReqID: R03] Given a frontend boundary is recommended, when the spike closes, then minimum folder structure, commands, contract-consumer approach, and documentation impact are explicitly defined. | [ReqID: R03] Given PBI-041 depends on the outcome, when the spike closes, then follow-up backlog items and dependencies are identified.",R03,Maintainability;Reliability;Architecture,3,P0,Platform Engineer,Sprint 3,Completed,PBI-041,"Timebox: 2-3 calendar days. Exit Criteria: approved recommendation, minimum frontend boundary decision, run/build/test command decision, contract-consumer rule, follow-up PBIs. Important: This item exists to resolve the blocker before any resumed frontend delivery."
PBI-080,Enabler,Enable governed frontend application boundary for future Sprint UI work,"Capability to be created or improved: establish a minimal governed frontend execution boundary inside the repository for future UI delivery. Why it is needed: frontend work should not proceed through ad hoc files or disconnected mock screens. Which future PBIs it enables: PBI-041 and later UI tasks under membership and shariah-review flows. Technical scope: frontend entry point, page shell, package scripts, build/run/test commands, minimal shared structure, and repo-aligned folder conventions. Explicit exclusions: completed member onboarding form behavior and advanced auth/session implementation.","[ReqID: R03] Given the approved runway decision exists, when the frontend boundary is created, then the repository contains a working frontend entry point and consistent local run/build/test flow. | [ReqID: R03] Given future UI tasks start, when contributors implement frontend work, then they do so inside the governed boundary rather than inventing a new structure. | [ReqID: R03] Given the boundary is reviewed, when the enabler is checked, then the scaffold and commands are documented and repeatable.",R03,Maintainability;Reliability;Architecture,3,P0,Frontend Engineer,Sprint 3,Completed,PBI-079,"Important: Shared enablement item, not a child-only implementation detail of PBI-041. Evidence should include successful run/build output and scaffold tree."
PBI-081,Task,Do define contract-consumer pattern and member onboarding page shell for future UI work,"Action to be performed: define and implement the minimal frontend contract-consumer pattern and initial member onboarding page shell aligned to the existing backend membership contract. Why it is needed: future form work should consume backend contracts through an agreed pattern rather than ad hoc fetch logic. Expected output: onboarding page shell wired to a typed request layer or equivalent contract-aware client seam. Scope: page shell, request abstraction, request/response typing, success/error handling seam, and backend-consumer alignment. Explicit exclusions: final registration form UX, advanced auth enforcement, and completed frontend validation flows.","[ReqID: R03] Given the frontend boundary exists, when the page shell is reviewed, then there is a defined and reusable path to call member-organization creation. | [ReqID: R03] Given the backend contract is consumed, when success and error responses are handled, then the shell reflects the backend response model without ad hoc request code. | [ReqID: R03] Given later form work resumes, when submission behavior is added, then it plugs into the agreed client pattern.",R03,Maintainability;Usability;Integration,2,P0,Frontend Engineer,Sprint 3,Completed,PBI-079;PBI-080;PBI-039;PBI-040,Important: Direct unblocker for future PBI-041 resumption. Success-state design must align to backend-created organization lifecycle and not imply unsupported immediate activation.
PBI-082,Task,Do align architecture and coding guidance for governed frontend boundary,"Action to be performed: update repository architecture and coding guidance so future frontend work follows the same governed rules as the backend slice. Why it is needed: contributors should not rely on implicit chat memory or inconsistent local conventions for frontend implementation. Expected output: updated architecture, coding, and sprint execution guidance covering frontend boundary, folder rules, contract-first consumption, and test expectations. Scope: documentation alignment for the approved frontend boundary only. Explicit exclusions: broad SDLC rewrite and completed UI feature delivery.","[ReqID: R03] Given frontend runway is approved, when repository guidance is reviewed, then the frontend boundary and coding rules are explicit. | [ReqID: R03] Given future UI tasks are executed, when contributors implement frontend work, then documented conventions exist for structure, contract consumption, and test expectations.",R03,Maintainability;Compliance;Architecture,1,P0,Platform Engineer,Sprint 3,Completed,PBI-079,"Important: Update architecture guidance, coding rules, and sprint execution notes together so the repository does not contain conflicting delivery instructions."
PBI-083,Bug,Fix duplicate member organization creation by registrationNumber,"Observed behavior: the current member organization creation flow allows multiple organizations to be created with the same registrationNumber. Expected behavior: member organization creation must enforce uniqueness on registrationNumber and reject duplicate creation attempts with the correct conflict response. Business or technical impact: duplicate organization records create data-integrity risk, break expected onboarding behavior, and misalign downstream frontend and operational assumptions. Affected users or environments: backend membership creation flow in current development and any environment using the implemented repository path. Reproduction steps: create a member organization with a valid registrationNumber, then submit another create request with the same registrationNumber and observe that the second organization is still created.","[ReqID: R03] Given a member organization with the same registrationNumber already exists, when creation is attempted again, then the backend rejects the request with the correct conflict response. | [ReqID: R03] Given a unique registrationNumber is submitted, when creation is attempted, then the organization is still created successfully without breaking current validation and audit behavior. | [ReqID: R03] Given duplicate rejection is triggered, when automated tests run, then application and API coverage prove the duplicate path is blocked and current successful creation behavior still passes.",R03,Reliability;Security;Maintainability;Audit,2,P0,Backend Engineer,Sprint 2,Completed,PBI-031;PBI-040;PBI-043,"Important: This is a defect against the expected uniqueness behavior in the member organization creation slice, not new scope. Evidence: repository or application tests for duplicate detection, route or API tests for conflict response, sample duplicate request and response, API contract note update if conflict semantics are documented. Recommendation: do not mark PBI-031 fully Accepted/Done until this bug is resolved."
PBI-084,Spike,Investigate identity and organization-membership source of truth for role assignment validation,"Unknown / problem statement: PBI-050 cannot safely implement invalid-user and non-member rejection because no backend source of truth is established for user existence lookup or user-to-organization membership lookup. Why a decision is needed now: role assignment implementation is blocked and downstream deactivation/access work depends on realistic assignment validation. Investigation scope: ownership of user lookup, ownership of user-to-organization membership lookup, minimal backend ports/interfaces, assignment multiplicity implications, and contract/doc updates needed across architecture, API, and state-model files. Explicit exclusions: no placeholder validation logic and no completion of PBI-050 business behavior in this Spike. Approach: architecture review, contract proposal, ownership decision, and follow-up implementation breakdown.","[ReqID: R03] Given a userId, when the Spike concludes, then the approved backend source-of-truth boundary for determining whether that user exists is documented. | [ReqID: R03] Given a userId and organizationId, when the Spike concludes, then the approved backend source-of-truth boundary for determining whether that user belongs to that organization is documented. | [ReqID: R03] Given role assignment depends on these lookups, when the Spike concludes, then follow-up implementation PBIs and required doc updates are explicitly identified. | [ReqID: R03] Given ownership is currently unclear, when the Spike concludes, then the correct module or service boundary is assigned explicitly.",R03,Architecture;Maintainability;Integration;Reliability,3,P0,Platform Engineer,Sprint 2,Completed,PBI-050,"Timebox: 2-3 calendar days. Exit Criteria: ownership decision, lookup contract proposal, multiplicity-impact note, and explicit follow-up PBIs. Important: resolves blocker without permitting placeholder logic."
PBI-085,Enabler,Enable identity and organization-membership lookup ports for role assignment validation,"Capability to be created or improved: implement the minimal backend lookup capability required so role assignment can validate user existence and user-to-organization membership through approved ports/adapters. Why it is needed: PBI-050 cannot complete its remaining acceptance criteria with contract definitions alone; it needs executable lookup boundaries. Which future PBIs it enables: PBI-050 completion, PBI-052 hardening, PBI-055 deactivation-aware access checks, and later protected-action enforcement. Technical scope: application ports, infrastructure adapters or repository seams, integration points for user existence lookup and organization membership lookup, and test seams for assignment validation. Explicit exclusions: UI behavior, final identity lifecycle design, and broader auth/provider implementation beyond the approved minimum contract.","[ReqID: R03] Given the approved lookup contracts exist, when the identity lookup port is invoked, then the backend can determine whether the referenced user exists. | [ReqID: R03] Given the approved lookup contracts exist, when the membership lookup port is invoked with userId and organizationId, then the backend can determine whether that user belongs to that organization. | [ReqID: R03] Given PBI-050 resumes, when assignment validation runs, then invalid-user and non-member rejection can be implemented without placeholder logic. | [ReqID: R03] Given these lookup capabilities are added, when tests execute, then the ports/adapters are covered by automated tests and are safe for assignment-service integration.",R03,Maintainability;Integration;Reliability;Security,3,P0,Backend Engineer,Sprint 2,Completed,PBI-084,"Important: this is the executable unblocker after the Spike. Evidence: port definitions, adapter tests, integration evidence, and updated API/state-model notes if behavior becomes explicit."
PBI-086,Spike,Investigate authenticated actor source of truth for protected backend actions,"Unknown / problem statement: protected backend actions currently rely on client-supplied actor headers, while the durable architecture intent assumes trusted auth-derived actor context. Why a decision is needed now: authorization hardening, audit integrity, and future frontend/API integration depend on a stable actor boundary. Investigation scope: trusted actor source, request-context ownership, plugin or middleware boundary, transition away from x-actor-* scaffolding, and impact on protected routes and audits. Explicit exclusions: no production auth provider rollout in this Spike. Approach: architecture review, request-context proposal, route-consumption pattern, and migration recommendation.","[ReqID: R03;R20;R22] Given the Spike concludes, when the recommendation is reviewed, then the approved source of truth for authenticated actor context is explicitly documented. | [ReqID: R03;R20;R22] Given protected routes consume actor data, when the Spike closes, then the middleware or plugin boundary and route access pattern are defined. | [ReqID: R03;R20;R22] Given downstream hardening work depends on this decision, when the Spike closes, then follow-up PBIs and migration implications are identified.",R03;R20;R22,Security;Audit;Architecture;Maintainability,3,P0,Platform Engineer,Sprint 2,Completed,None,"Important: Durable docs now state the intended baseline more explicitly: protected writes must use server-derived authenticated actor context and not client-authored identity input. This Spike should now focus on inventorying actual current route usage, confirming the trusted request-context boundary, and defining the migration path from any temporary header-based behavior."
PBI-087,Enabler,Enable auth-derived request actor context for protected routes and audits,"Capability to be created or improved: provide a shared backend mechanism that populates trusted actor context for protected route handlers and audit emitters. Why it is needed: protected actions should not rely on spoofable client-supplied actor headers once the actor boundary is approved. Which future PBIs it enables: PBI-088, PBI-091, PBI-096, stronger deactivation enforcement, and future frontend integration. Technical scope: middleware or plugin, request actor context shape, route-consumption pattern, and automated coverage. Explicit exclusions: full external identity-provider rollout and final UI auth flows.","[ReqID: R03;R20;R22] Given the approved actor-boundary decision exists, when the shared request-context mechanism is implemented, then protected routes can read trusted actor context from the request lifecycle. | [ReqID: R03;R20;R22] Given audit behavior depends on actor attribution, when protected actions execute, then audit emitters can consume the same trusted actor context. | [ReqID: R03;R20;R22] Given the enabler is completed, when automated tests run, then the actor-context path is covered and route handlers no longer depend on raw x-actor-* headers for trusted decisions.",R03;R20;R22,Security;Audit;Integration;Maintainability,5,P0,Backend Engineer,Sprint 2,Completed,PBI-086,Important: Durable docs now define the interim contract expectation clearly enough to implement this without re-debating public semantics. This item should execute against the documented server-derived actor baseline and produce the reusable request-context boundary that later Wave 4 tasks consume.
PBI-088,Task,Do tighten Shariah review submission authorization to coordinator-only or policy-based permission,"Action to be performed: replace the current broad any-active-assignment submission rule with the approved protected-action authorization rule for Shariah review submission. Why it is needed: current behavior is weaker than business intent and may allow unrelated assigned actors to submit review requests. Expected output: explicit review-submission authorization rule enforced in code, covered by tests, and aligned with durable docs. Scope: route/service authorization check, negative and positive tests, and doc alignment. Explicit exclusions: broader auth-provider rollout.","[ReqID: R20] Given an actor lacks the approved permission for review submission, when submission is attempted, then the backend rejects the request with the correct forbidden response. | [ReqID: R20] Given an actor satisfies the approved coordinator-only or policy-based rule, when submission is attempted, then the backend still creates the review request successfully. | [ReqID: R20] Given the authorization rule is tightened, when tests and docs are reviewed, then the protected-action behavior is covered and documented consistently.",R20,Security;Compliance;Audit,3,P0,Backend Engineer,Sprint 2,Completed,PBI-062;PBI-086;PBI-087,"Important: Durable docs now already fix one major ambiguity: submitter identity is server-derived, not client-authored. This item should focus only on tightening permission semantics for who may submit, not on re-opening actor-source contract design."
PBI-089,Enabler,Enable standardized API error envelope across schema and application validation failures,"Capability to be created or improved: provide one consistent error-envelope contract for route schema failures and application validation failures. Why it is needed: inconsistent error shapes complicate frontend/API consumption and create route-specific handling. Which future PBIs it enables: resumed frontend tasks, API docs cleanup, and more predictable integration testing. Technical scope: shared error-envelope contract, route-level mapping pattern, validation-failure handling, and automated coverage. Explicit exclusions: localized frontend error-message UX.","[ReqID: R03;R20] Given a schema-validation failure occurs, when the response is returned, then it follows the approved common error-envelope structure. | [ReqID: R03;R20] Given an application-validation failure occurs, when the response is returned, then it uses the same envelope family with route-independent semantics. | [ReqID: R03;R20] Given the enabler is implemented, when API tests run, then both schema and application failures are covered under one documented response model.",R03;R20,Reliability;Maintainability;Integration;Usability,5,P1,Platform Engineer,Sprint 2 (Optional),Completed,None,Important: unlocks cleaner frontend consumption and reduces route-specific error-handling drift.
PBI-090,Spike,Investigate audit policy for denied protected actions,"Unknown / problem statement: audit behavior for forbidden, invalid, and denied protected actions is inconsistent across current modules. Why a decision is needed now: compliance evidence, deactivation enforcement, and route-hardening tasks need one explicit policy. Investigation scope: success, forbidden, invalid, conflict, and not-found behavior for protected routes; minimum audit payload; and policy ownership. Explicit exclusions: no broad refactor of all route code in this Spike. Approach: review implemented audit patterns, compare them against durable guidance, and produce an approved policy.","[ReqID: R22;R03;R20] Given the Spike concludes, when the policy is reviewed, then audit behavior for success and denied protected actions is explicitly defined. | [ReqID: R22;R03;R20] Given protected actions share compliance needs, when the Spike closes, then the minimum audit payload and route-application rule are documented. | [ReqID: R22;R03;R20] Given later implementation depends on the decision, when the Spike closes, then concrete follow-up PBIs and affected modules are identified.",R22;R03;R20,Audit;Compliance;Architecture;Security,3,P1,Security Engineer,Sprint 2,Completed,None,"Important: Durable docs now include an interim audit baseline, so this Spike no longer starts from a blank page. Its purpose is to settle denied-action coverage, event-catalog boundaries, and route-application consistency before broad route hardening continues."
PBI-091,Enabler,Enable uniform audit policy enforcement across protected routes,"Capability to be created or improved: implement the approved audit policy consistently across protected route paths. Why it is needed: current modules apply audit behavior inconsistently, especially for denied or invalid protected attempts. Which future PBIs it enables: compliance evidence, deactivation wave, authorization hardening, and reviewable security behavior. Technical scope: shared route pattern or helper updates, audit invocation alignment, route-level tests, and module consistency updates. Explicit exclusions: external SIEM integration and analytics dashboards.","[ReqID: R22;R03;R20] Given the approved audit policy exists, when protected routes are executed, then success and denied outcomes are audited according to the same rule set. | [ReqID: R22;R03;R20] Given modules currently differ, when the enabler is completed, then affected protected routes follow the approved audit pattern consistently. | [ReqID: R22;R03;R20] Given the changes are implemented, when automated tests run, then audit behavior is covered for relevant positive and denied paths.",R22;R03;R20,Audit;Compliance;Maintainability;Security,5,P1,Backend Engineer,Sprint 2,Completed,PBI-086;PBI-087;PBI-090,Important: Durable docs now provide a minimum audit baseline and actor-source expectation. This item should implement uniform route behavior on top of that baseline rather than inventing per-route audit semantics during execution.
PBI-092,Enabler,"Enable CI workflow for install, test, and build enforcement","Capability to be created or improved: add repository-native CI enforcement for install, test, and build execution. Why it is needed: passing locally is not an enforceable quality gate and Sprint 1 execution exposed that risk. Which future PBIs it enables: all backend follow-up work and safer multi-contributor execution. Technical scope: CI workflow, install/test/build steps, failure visibility, and repository integration. Explicit exclusions: deployment automation and environment promotion.","[ReqID: R25;R26] Given a change is pushed or proposed, when CI runs, then install, test, and build steps execute automatically. | [ReqID: R25;R26] Given a quality gate fails, when CI completes, then the workflow reports the failure and blocks silent green assumptions. | [ReqID: R25;R26] Given the enabler is reviewed, when the pipeline definition is checked, then the repository has a repeatable CI baseline for future PBIs.",R25;R26,Reliability;Maintainability;Operability,3,P1,DevOps Engineer,Sprint 2,Completed,None,Important: establishes a baseline enforcement gate for Sprint 2 and beyond.
PBI-093,Task,Do replace explicit-file test script with safe automatic test discovery,"Action to be performed: replace the fragile explicit file-list test execution pattern with a safe discovery approach that reliably includes new tests. Why it is needed: Sprint 1 exposed a structural risk where added tests may not run if the script is not updated. Expected output: npm test executes all intended project tests without manual file enumeration. Scope: test command update, discovery pattern, verification of included tests, and script documentation. Explicit exclusions: changing the chosen test runner unless necessary.","[ReqID: R26] Given new tests are added to the project, when npm test is executed, then the test suite discovers and runs them without manual script edits. | [ReqID: R26] Given the test command is updated, when validation is performed, then previously covered tests still run and the omission risk is removed. | [ReqID: R26] Given the task is completed, when contributors review the project scripts, then the discovery model is documented and usable.",R26,Reliability;Maintainability;Testability,2,P1,Platform Engineer,Sprint 2,Completed,None,Important: addresses Sprint 1 test-discovery fragility directly and should be aligned with PBI-092.
PBI-094,Task,Do refresh durable context docs to match implemented backend behavior and approved temporary scaffolding,"Action to be performed: update durable context docs so they reflect implemented backend behavior, explicit temporary scaffolding, and approved Sprint 2 architecture decisions. Why it is needed: current docs are useful but behind the code in actor identity, authorization semantics, audit behavior, and some sprint-execution assumptions. Expected output: updated API contracts, architecture notes, coding rules, sprint execution notes, and state-model text where applicable. Scope: documentation refresh for implemented backend behavior and approved temporary or final boundaries. Explicit exclusions: broad SDLC rewrite.","[ReqID: R03;R20;R22] Given Sprint 2 architecture decisions are approved, when the durable docs are refreshed, then current backend behavior and temporary scaffolding are documented accurately. | [ReqID: R03;R20;R22] Given contributors plan future PBIs, when they read the durable docs, then they do not rely on stale assumptions for actor identity, authorization, audit, or review-submission behavior.",R03;R20;R22,Maintainability;Compliance;Documentation,2,P1,Platform Engineer,Sprint 2,Completed,PBI-086;PBI-090,"Important: Wave 3.5 focused doc-hardening pass applied before Wave 4. Durable docs now explicitly capture server-derived actor context for protected writes, Shariah submission actor handling, interim audit baseline, and current protected-action assumptions. Keep this item open until repo review/acceptance confirms the docs are the active source of truth."
PBI-095,Spike,Investigate protected-function matrix and deactivation policy boundary,"Unknown / problem statement: the deactivation wave remains blocked because the project still lacks an approved protected-function matrix and final deactivation policy semantics. Why a decision is needed now: PBI-054 through PBI-058 can otherwise inherit the same deadlock seen in assignment validation. Investigation scope: list of protected functions, deactivation effects on organizations and users, allow/deny semantics, and audit implications. Explicit exclusions: no full deactivation implementation in this Spike. Approach: analyze current protected routes and planned flows, define a protected-function matrix, and identify follow-up implementation work.","[ReqID: R03;R22] Given the Spike concludes, when the protected-function matrix is reviewed, then the set of protected actions and their deactivation behavior is explicitly defined. | [ReqID: R03;R22] Given deactivation has audit implications, when the Spike closes, then the relationship between deny behavior and audit policy is documented. | [ReqID: R03;R22] Given blocked deactivation tasks depend on this definition, when the Spike closes, then implementation follow-ups for the deactivation wave are identified.",R03;R22,Security;Audit;Architecture;Maintainability,3,P1,Security Engineer,Sprint 2,Completed,PBI-086;PBI-090,Timebox: 2-3 calendar days. Important: prerequisite governance work for resuming the deactivation wave.
PBI-096,Task,Do harden role-assignment creation authorization,"Action to be performed: define and implement explicit authorization on the role-assignment creation route using the approved actor boundary and assignment-validation prerequisites. Why it is needed: assignment creation behavior exists, but governance over who may create assignments is underdefined relative to security expectations. Expected output: protected assignment-creation authorization, negative and positive tests, and docs alignment. Scope: assignment-create authorization rule, route/service enforcement, automated coverage, and note updates. Explicit exclusions: broader UI work and full deactivation implementation.","[ReqID: R03;R22] Given an actor lacks the approved permission to create assignments, when assignment creation is attempted, then the backend rejects the request with the correct forbidden response. | [ReqID: R03;R22] Given an actor satisfies the approved authorization rule and assignment validation passes, when creation is attempted, then the backend still creates the assignment successfully. | [ReqID: R03;R22] Given the authorization is hardened, when tests and docs are reviewed, then the protected route behavior is covered and aligned.",R03;R22,Security;Compliance;Audit,3,P0,Backend Engineer,Sprint 2,Completed,PBI-086;PBI-087;PBI-084;PBI-085;PBI-050,"Important: Durable docs now clarify that trusted actor identity must be server-derived for protected actions. This item should therefore focus on assignment-create permission rules and backend enforcement, not on inventing temporary actor semantics."
PBI-097,Task,"Do reconcile Sprint 1 backlog statuses, evidence, and dependency notes with implemented repository state","Action to be performed: update backlog records for Sprint 1 implemented PBIs so statuses, dependency notes, blocker notes, and evidence references match the repository state. Why it is needed: planning is already being distorted by status drift and partial-completion ambiguity. Expected output: corrected backlog records for implemented Sprint 1 PBIs and explicit carry-over/blocker notes where needed. Scope: PBI-039 through PBI-062 status review, note reconciliation, evidence-note cleanup, and carry-over clarity. Explicit exclusions: net-new feature implementation.","[ReqID: R03;R20] Given Sprint 1 implementation evidence exists, when the backlog is reconciled, then statuses and dependency notes reflect the latest repository reality. | [ReqID: R03;R20] Given partial or blocked completion exists, when the review is completed, then blocker notes and carry-over intent are explicit enough for Sprint 2 planning.",R03;R20,Audit;Maintainability;Documentation,2,P1,Scrum Master,Sprint 2,Completed,None,Important: governance-cleanup task so Sprint 2 planning is based on the latest backlog rather than stale Sprint 1 assumptions.
PBI-098,Task,Do analyze current assignment-validation gap and unresolved flags,"Action to be performed: inspect the current role-assignment implementation, blocker note, and durable docs to isolate exactly which acceptance-criteria paths remain impossible and why. Why it is needed: the team must distinguish completed assignment behavior from work blocked by missing identity and membership source of truth. Expected output: reviewed gap note, explicit remaining behaviors, and constraint list for lookup ownership work. Scope: code-path review, blocker reconciliation, gap note, and dependency map. Explicit exclusions: no new runtime validation logic.","[ReqID: R03] Given the current assignment implementation is reviewed, when the analysis is completed, then the remaining blocked behaviors are explicitly listed against the relevant acceptance criteria. | [ReqID: R03] Given the durable docs and backlog are compared, when the task concludes, then the unresolved flags and required prerequisite decisions are identified without placeholder assumptions.",R03,Maintainability;Architecture,1,P0,Platform Engineer,Sprint 2,Completed,PBI-084;PBI-050,"Important: first execution slice for the blocker spike. Evidence: gap note, dependency map, acceptance-criteria coverage note."
PBI-099,Task,Do map ownership candidates and lookup-boundary options for user identity and organization membership,"Action to be performed: evaluate where user-existence lookup and user-to-organization membership lookup should live in the backend architecture. Why it is needed: role assignment cannot safely resume until lookup ownership is explicit. Expected output: ownership options, proposed boundary, and trade-off note. Scope: boundary options, ownership candidates, adapter direction, and multiplicity impact note. Explicit exclusions: no production lookup implementation.","[ReqID: R03] Given the current architecture is reviewed, when boundary options are compared, then the preferred owner for user lookup and organization-membership lookup is documented. | [ReqID: R03] Given assignment validation depends on these lookups, when the task concludes, then the selected option is justified well enough for implementation follow-up.",R03,Architecture;Maintainability;Integration,1,P0,Platform Engineer,Sprint 2,Completed,PBI-084;PBI-098,"Important: use durable docs as source of truth, not code-only drift. Evidence: boundary options matrix and recommendation."
PBI-100,Task,Do produce approved identity and membership lookup contract proposal and follow-up mapping,"Action to be performed: draft the minimal application-level contracts for user existence lookup and organization-membership lookup and map the exact implementation follow-ups needed. Why it is needed: PBI-085 cannot start cleanly without an approved contract. Expected output: contract proposal, method semantics, ownership note, and follow-up mapping. Scope: interface definitions, expected outcomes, error semantics, and backlog mapping. Explicit exclusions: runtime adapter code.","[ReqID: R03] Given the ownership decision exists, when the contract proposal is finalized, then the lookup interfaces define how the backend determines whether a user exists and whether a user belongs to an organization. | [ReqID: R03] Given follow-up implementation depends on the proposal, when the task closes, then the implementation map and dependent backlog items are explicit.",R03,Architecture;Maintainability;Reliability,1,P0,Platform Engineer,Sprint 2,Completed,PBI-084;PBI-099,"Important: closes the Spike with an executable contract, not just discussion. Evidence: contract diff, follow-up mapping, ownership note."
PBI-101,Task,Do implement application lookup ports for user existence and organization membership,"Action to be performed: add the application-layer ports required to ask whether a user exists and whether a user belongs to an organization. Why it is needed: assignment validation needs executable lookup seams, not only conceptual ownership. Expected output: application interfaces and service-level usage seam. Scope: port definitions, result shapes, and integration seam for role-assignment validation. Explicit exclusions: final infrastructure adapters.","[ReqID: R03] Given the approved lookup contract exists, when the ports are implemented, then the application layer exposes a stable seam for user existence lookup and organization-membership lookup. | [ReqID: R03] Given downstream services consume the ports, when compilation and tests run, then the interfaces are usable without placeholder logic in the assignment service.",R03,Maintainability;Integration;Reliability,2,P0,Backend Engineer,Sprint 2,Completed,PBI-085;PBI-100,Important: first executable slice of the unblocker enabler. Evidence: interface diff and compile-safe consumption seam.
PBI-102,Task,Do implement initial lookup adapters or test seams for identity and organization membership,"Action to be performed: add the initial infrastructure adapters or in-memory test seams that satisfy the new lookup ports. Why it is needed: the assignment service cannot be resumed or tested without executable implementations behind the ports. Expected output: working adapter or test seam for user existence and organization-membership checks. Scope: infrastructure classes, test doubles, and minimal integration wiring. Explicit exclusions: full external identity-provider integration.","[ReqID: R03] Given the lookup ports exist, when the adapters or test seams are added, then the backend can answer whether a user exists and whether that user belongs to an organization. | [ReqID: R03] Given assignment validation needs automated proof, when the task is completed, then the lookup path is usable in tests and later service integration.",R03,Integration;Reliability;Maintainability,2,P0,Backend Engineer,Sprint 2,Completed,PBI-085;PBI-101,Important: keep the implementation minimal but executable. Evidence: adapter tests or service-level seam tests.
PBI-103,Task,Do integrate identity and membership lookups into the role-assignment validation flow,"Action to be performed: wire the approved lookup capabilities into the role-assignment service so invalid-user and non-member paths are enforced. Why it is needed: this is the missing business validation that currently blocks PBI-050 completion. Expected output: assignment service rejects invalid users and users not belonging to the organization. Scope: service integration, validation order, and conflict/validation mapping. Explicit exclusions: UI behavior.","[ReqID: R03] Given a referenced user does not exist, when assignment creation is attempted, then the service rejects the request with the correct error response. | [ReqID: R03] Given a referenced user exists but does not belong to the organization, when assignment creation is attempted, then the service rejects the request with the correct error response.",R03,Reliability;Security;Maintainability,2,P0,Backend Engineer,Sprint 2,Completed,PBI-085;PBI-102;PBI-050,"Important: this task resumes the blocked acceptance criteria of PBI-050. Evidence: service tests for invalid-user and non-member paths. Status: service-level validation slice complete, task not fully complete until runtime wiring and error mapping are added"
PBI-104,Task,"Do execute lookup-integration tests, docs updates, and evidence for resumed assignment validation","Action to be performed: validate the resumed identity and membership rejection paths, update durable docs if behavior is clarified, and collect evidence. Why it is needed: PBI-050 cannot close on implementation alone. Expected output: automated coverage, evidence bundle, and doc alignment. Scope: application tests, route tests, regression checks, and notes updates. Explicit exclusions: new business behavior beyond the resumed validation paths.","[ReqID: R03] Given lookup integration is complete, when automated tests run, then invalid-user and non-member rejection paths are covered without breaking existing successful assignment behavior. | [ReqID: R03] Given the resumed validation changes contract or state understanding, when the task closes, then the relevant durable docs are updated and evidence is attached.",R03,Quality;Maintainability;Audit,1,P0,QA Lead,Sprint 2,Completed,PBI-085;PBI-103;PBI-050,Important: evidence task for the resumed blocked slice. Include route-level error cases and assignment success regression.
PBI-105,Task,Do inventory current actor-source usage in protected routes and audit emitters,"Action to be performed: inspect where protected routes and audit emitters currently source actor identity. Why it is needed: the actor-boundary spike must start from current implementation truth, not assumption. Expected output: actor-source inventory and route impact list. Scope: route handlers, audit calls, request headers, and current actor derivation patterns. Explicit exclusions: auth-boundary implementation.","[ReqID: R03;R20;R22] Given the current codebase is reviewed, when the inventory is completed, then all protected routes and audit emitters relying on actor identity are listed. | [ReqID: R03;R20;R22] Given current implementations may differ, when the task closes, then the places that still depend on raw client-supplied actor data are explicitly identified.",R03;R20;R22,Architecture;Audit;Maintainability,1,P0,Platform Engineer,Sprint 2,Completed,PBI-086,Important: first slice of the actor-boundary spike. Evidence: route inventory and actor-source matrix.
PBI-106,Task,Do produce approved trusted actor-context boundary and migration proposal,"Action to be performed: define the approved request-context boundary for trusted actor data and map the route/audit migration steps. Why it is needed: follow-up implementation must converge on one request-actor pattern. Expected output: approved actor-context contract, migration note, and affected-route map. Scope: request context shape, middleware/plugin boundary, migration steps, and backlog impact. Explicit exclusions: actual middleware code.","[ReqID: R03;R20;R22] Given the actor-source inventory exists, when the proposal is finalized, then the trusted actor-context boundary and route-consumption pattern are explicitly defined. | [ReqID: R03;R20;R22] Given downstream hardening depends on this decision, when the task closes, then affected routes and follow-up implementation work are identified clearly.",R03;R20;R22,Architecture;Security;Maintainability,1,P0,Platform Engineer,Sprint 2,Completed,PBI-086;PBI-105,Important: closes the actor-boundary spike with a migration-ready proposal.
PBI-107,Task,Do implement shared request actor-context middleware or plugin,"Action to be performed: add the shared backend mechanism that populates trusted actor context into the request lifecycle. Why it is needed: protected routes and audits need a common trusted source rather than raw client headers. Expected output: request actor context mechanism and route-consumption seam. Scope: middleware/plugin, request typing, actor-context population, and integration seam. Explicit exclusions: full external identity-provider rollout.","[ReqID: R03;R20;R22] Given the approved actor-boundary proposal exists, when the middleware or plugin is implemented, then protected routes can read trusted actor context from the request lifecycle. | [ReqID: R03;R20;R22] Given the mechanism is in place, when build and tests run, then route handlers have a stable actor-context seam without direct dependence on raw client actor headers.",R03;R20;R22,Security;Integration;Maintainability,2,P0,Backend Engineer,Sprint 2,Completed,PBI-087;PBI-106,Important: first executable slice of the auth-derived actor enabler. Evidence: middleware/plugin tests and route-consumption example.
PBI-108,Task,Do refactor protected route consumers and audit emitters to use trusted actor context,"Action to be performed: update protected route handlers and audit emitters to consume the new request actor context. Why it is needed: the shared actor-boundary enabler is incomplete until downstream consumers stop relying on raw request headers. Expected output: protected backend consumers use trusted actor context consistently. Scope: route refactors, audit emitter wiring, and negative-path safety checks. Explicit exclusions: UI auth flows.","[ReqID: R03;R20;R22] Given the actor-context mechanism exists, when protected routes execute, then authorization and audit code read actor information from the trusted request context. | [ReqID: R03;R20;R22] Given legacy raw-header consumption remains in affected routes, when the task is completed, then those routes are migrated or explicitly isolated for later work.",R03;R20;R22,Security;Audit;Maintainability,2,P0,Backend Engineer,Sprint 2,Completed,PBI-087;PBI-107,Important: route migration task; keep affected-route list explicit from PBI-106.
PBI-109,Task,"Do execute actor-context integration tests, route hardening checks, and docs updates","Action to be performed: validate the trusted actor-context path, update docs where actor handling changes, and collect evidence. Why it is needed: actor-boundary work is cross-cutting and must be proven. Expected output: tests, docs updates, and evidence for protected route consumption. Scope: integration tests, negative authorization checks, docs, and evidence. Explicit exclusions: unrelated auth-provider work.","[ReqID: R03;R20;R22] Given the actor-context refactor is complete, when integration and route tests run, then protected routes and audits behave correctly with trusted actor context. | [ReqID: R03;R20;R22] Given actor handling changed, when the task closes, then durable docs and evidence reflect the new trusted actor path.",R03;R20;R22,Quality;Audit;Maintainability,1,P0,QA Lead,Sprint 2,Completed,PBI-087;PBI-108,Important: required before broader authorization hardening is considered done.
PBI-110,Task,Do inventory current success and denied-action audit behavior across protected routes,"Action to be performed: inspect protected routes to catalog what is currently audited for success, forbidden, invalid, and denied outcomes. Why it is needed: audit-policy standardization must start from real implementation behavior. Expected output: route audit inventory and inconsistency list. Scope: current audit events, denied-action paths, and missing payload fields. Explicit exclusions: route refactor work.","[ReqID: R22;R03;R20] Given current protected routes are reviewed, when the inventory is completed, then audit behavior for success and denied outcomes is explicitly listed. | [ReqID: R22;R03;R20] Given inconsistency exists across modules, when the task closes, then the main policy gaps are documented for decision.",R22;R03;R20,Audit;Architecture;Maintainability,1,P1,Security Engineer,Sprint 2,Completed,PBI-090,Important: first slice of the audit-policy spike. Evidence: audit inventory and inconsistency note.
PBI-111,Task,Do produce approved denied-action audit policy and minimum payload definition,"Action to be performed: define the approved policy for auditing denied protected actions and the minimum payload required. Why it is needed: route hardening and deactivation work need one consistent audit rule. Expected output: approved policy note, minimum payload, and application guidance. Scope: success vs denied behavior, required fields, route application rule, and follow-up mapping. Explicit exclusions: broad implementation refactor in this task.","[ReqID: R22;R03;R20] Given the audit inventory exists, when the policy is approved, then success and denied-action audit behavior is defined consistently. | [ReqID: R22;R03;R20] Given downstream implementation depends on the policy, when the task closes, then the minimum payload and affected route classes are explicitly documented.",R22;R03;R20,Audit;Compliance;Architecture,1,P1,Security Engineer,Sprint 2,Completed,PBI-090;PBI-110,Important: closes the audit-policy spike with an implementation-ready rule set.
PBI-112,Task,Do define common API error-envelope contract for validation and application failures,"Action to be performed: define the standard response structure for schema-validation errors and application-validation errors. Why it is needed: API consistency is currently uneven and will complicate resumed UI/API consumption. Expected output: approved common error-envelope structure and mapping rules. Scope: envelope fields, error categories, route-application rule, and contract note. Explicit exclusions: route implementation changes.","[ReqID: R03;R20] Given API failures are reviewed, when the contract is approved, then schema and application validation failures share a consistent error-envelope structure. | [ReqID: R03;R20] Given later route refactoring depends on the contract, when the task closes, then the mapping rules are explicit enough for implementation.",R03;R20,Maintainability;Integration;Usability,1,P1,Platform Engineer,Sprint 2 (Optional),Completed,PBI-089,Important: first slice of the error-envelope enabler. Evidence: contract diff and example envelopes.
PBI-113,Task,Do implement shared error-envelope mapping helper for route and application failures,"Action to be performed: add the shared mapping/helper mechanism that produces the approved error envelope across routes. Why it is needed: consistency cannot be achieved safely through route-by-route ad hoc formatting. Expected output: reusable error-envelope mapping/helper. Scope: helper implementation, integration seam, and automated coverage. Explicit exclusions: full retrofit of all routes in this task.","[ReqID: R03;R20] Given the approved error-envelope contract exists, when the helper is implemented, then routes and application failures can emit the same envelope shape through a shared mechanism. | [ReqID: R03;R20] Given the helper is used in tests, when validation fails, then the returned structure matches the approved error contract.",R03;R20,Maintainability;Reliability;Integration,2,P1,Backend Engineer,Sprint 2 (Optional),Completed,PBI-089;PBI-112,Important: shared implementation slice before route retrofit.
PBI-114,Task,Do retrofit priority backend routes to the common error envelope and update tests/docs,"Action to be performed: apply the common error-envelope helper to the highest-priority backend routes and align tests and docs. Why it is needed: the enabler is not useful until real routes consume it. Expected output: selected routes return consistent validation/application-failure envelopes. Scope: route retrofit, tests, and docs updates for priority flows. Explicit exclusions: full repo-wide retrofit in one task.","[ReqID: R03;R20] Given the shared helper exists, when selected priority routes are refactored, then their validation and application failures return the approved common envelope. | [ReqID: R03;R20] Given route behavior changes, when the task closes, then tests and API docs reflect the new envelope consistently.",R03;R20,Reliability;Maintainability;Usability,2,P1,Backend Engineer,Sprint 2 (Optional),Completed,PBI-089;PBI-113,"Important: choose priority routes deliberately, starting with membership and shariah submission flows if pulled this sprint."
PBI-115,Task,"Do add repository CI workflow for install, test, and build execution","Action to be performed: create the repository-native CI workflow that runs install, test, and build on change. Why it is needed: local-only validation is not sufficient as a sprint quality gate. Expected output: CI pipeline file and successful baseline execution path. Scope: workflow config, install/test/build steps, and failure visibility. Explicit exclusions: deployment automation.","[ReqID: R25;R26] Given a change is pushed or proposed, when CI runs, then install, test, and build steps execute automatically. | [ReqID: R25;R26] Given one of the quality gates fails, when CI completes, then the failure is surfaced in the pipeline result.",R25;R26,Reliability;Operability;Maintainability,2,P1,DevOps Engineer,Sprint 2,Completed,PBI-092,Important: first slice of the CI enabler. Evidence: workflow file and successful baseline run.
PBI-116,Task,Do verify CI and local execution parity and document contributor expectations,"Action to be performed: verify the CI workflow matches the intended local commands and document contributor expectations. Why it is needed: a pipeline without contributor parity creates false failures and weak adoption. Expected output: parity check, script alignment note, and contributor guidance. Scope: command parity, expected environment notes, and documentation update. Explicit exclusions: new pipeline stages beyond the baseline quality gate.","[ReqID: R25;R26] Given the CI workflow exists, when parity is checked, then the CI commands align with supported local execution for install, test, and build. | [ReqID: R25;R26] Given contributors use the repository, when they read the guidance, then the expected local commands and CI behavior are explicit.",R25;R26,Maintainability;Operability;Documentation,1,P1,DevOps Engineer,Sprint 2,Completed,PBI-092;PBI-115,Important: closes the CI enabler with usable contributor guidance.
PBI-117,Task,Do inventory protected functions and deactivation effects across current backend flows,"Action to be performed: review current backend flows to identify which actions and reads are protected and what deactivation should do to each. Why it is needed: deactivation enforcement and audit behavior cannot be implemented safely without an explicit protected-function inventory. Expected output: protected-function inventory and deactivation-effect note. Scope: protected writes, sensitive reads, deny expectations, and affected modules. Explicit exclusions: enforcement code changes.","[ReqID: R03;R22] Given the current backend flows are reviewed, when the inventory is completed, then the protected actions and relevant reads are explicitly listed. | [ReqID: R03;R22] Given deactivation behavior varies by function, when the task closes, then expected allow/deny effects are documented by function class.",R03;R22,Security;Architecture;Maintainability,1,P1,Security Engineer,Sprint 2,Completed,PBI-095,Important: first slice of the deactivation-policy spike. Evidence: protected-function inventory and effect matrix draft.
PBI-118,Task,Do produce approved protected-function matrix and deactivation carry-over implementation map,"Action to be performed: finalize the protected-function matrix and map which deactivation tasks can proceed after the policy is approved. Why it is needed: backend deactivation enforcement should not repeat the same semantic deadlock seen in assignment validation. Expected output: approved matrix, deactivation-effect rules, and carry-over implementation map. Scope: matrix finalization, implementation map, and audit linkage note. Explicit exclusions: actual enforcement code beyond planning boundaries.","[ReqID: R03;R22] Given the protected-function inventory exists, when the matrix is approved, then the set of protected actions and deactivation behavior is explicitly defined. | [ReqID: R03;R22] Given deactivation implementation depends on the matrix, when the task closes, then the carry-over path into PBI-054, PBI-055, and PBI-057 is clearly mapped.",R03;R22,Security;Audit;Architecture,1,P1,Security Engineer,Sprint 2,Completed,PBI-095;PBI-117,Important: closes the deactivation-policy spike with an implementation-ready matrix.
PBI-119,Enabler,Enable modular test-file structure for oversized test suites,"Capability to be created or improved: refactor oversized test files into smaller, focused test units so the test suite is easier to read, maintain, and extend. Why it is needed: current test files have grown to roughly 4,000 lines each, which reduces readability, increases merge friction, and makes coverage gaps harder to manage. Which future PBIs it enables: safer backend changes, faster defect isolation, and clearer module-level regression ownership. Technical scope: split large test files by behavior or subdomain, preserve existing describe/test intent, update imports/helpers/shared fixtures as needed, and keep test execution behavior unchanged. Explicit exclusions: no intentional business-rule changes and no broad rewrite of passing test logic beyond structural refactoring.","[ReqID: R26] Given an oversized test file is selected for refactoring, when the split is completed, then the tests are reorganized into smaller focused files grouped by behavior, workflow, or validation concern. | [ReqID: R26] Given the refactoring is structural only, when the full test suite runs, then all previously covered scenarios still pass without changing intended business behavior. | [ReqID: R26] Given shared setup or helpers are needed after splitting, when the work is reviewed, then common fixtures/utilities are extracted or reused consistently instead of duplicated across files. | [ReqID: R26] Given contributors work on future test changes, when they open the refactored test area, then file boundaries are readable enough to locate relevant describe/test blocks without scanning one monolithic file.",R26,Maintainability;Testability;Reliability,3,P1,Platform Engineer,Sprint 2,Completed,None,"Important: target split should follow behavior-oriented boundaries, for example create-path, validation, duplicate/conflict, authorization, and state-transition coverage. Evidence: before/after file structure, passing full test suite, and note of any extracted shared test helpers. If refactoring spans many modules or exceeds 5 points, split by module or domain area rather than one backlog item."
PBI-120,Story,"As a security operator, I want protected access events recorded with trusted actor and outcome evidence, so that governed actions are traceable for investigation","Context: the platform now has completed governed workflows and protected backend actions, but PBI-022 still needs a business-facing audit outcome rather than only enabling foundations. Business problem: investigations and compliance reviews are weakened if protected writes, denied protected actions, and selected sensitive reads are not captured in a consistent searchable trail. User role / actor: security operator. Expected behavior: protected actions are recorded with actor identity, target, timestamp, outcome, request correlation, and non-repudiation or equivalent evidence. Business value: provides an operationally trustworthy audit baseline for investigation and compliance. In scope: event capture for governed writes, denied protected actions, and selected sensitive reads where policy requires; storage of event evidence fields; stable event shape for later query. Out of scope: external SIEM integration and analytics dashboards.","[ReqID: R22] Given a user accesses or changes a protected resource, when the action is processed, then the platform records the event with actor identity, timestamp, target, outcome, request correlation, and cryptographic or equivalent non-repudiation evidence. | [ReqID: R22] Given a denied protected action occurs, when the request is handled, then the denied outcome is recorded according to the approved audit policy. | [ReqID: R22] Given a selected sensitive read occurs, when policy requires audit capture, then the access event is recorded with the approved minimum payload.",R22,Security;Audit;NonRepudiation;Compliance,8,P0,Security Engineer,,Completed,PBI-022;PBI-087;PBI-091,"Important: Story estimate revised from 5 to 8 based on governed writes, denied actions, selected sensitive reads, shared event construction, and evidence-closure scope. Recommended first execution task: PBI-123."
PBI-121,Story,"As an auditor, I want to search access history by actor, target, action, outcome, and time range, so that I can investigate a selected user or resource efficiently","Context: recording events alone is not enough for audit operations; investigators need a usable way to retrieve relevant event sequences. Business problem: if access history cannot be queried by common investigation dimensions, audit evidence exists but remains operationally weak. User role / actor: auditor. Expected behavior: auditor can search access history using supported filters and receive a stable traceable sequence of matching events. Business value: improves investigation speed, reviewability, and compliance evidence retrieval. In scope: query model, supported filters, stable ordering, empty-result handling, and response contract. Out of scope: full-text search, external reporting, and BI-style dashboards.","[ReqID: R22] Given an auditor searches by actor, target, action, outcome, or time range, when the query is executed, then the platform returns the matching access-history events in a stable traceable order. | [ReqID: R22] Given no matching events exist, when the query is executed, then the platform returns an empty successful result rather than an error. | [ReqID: R22] Given matching events exist across protected writes, denied actions, or selected sensitive reads, when the query is executed, then the returned sequence preserves the approved audit payload and ordering rules.",R22,Security;Audit;Compliance;Usability,3,P0,Security Engineer,,Completed,PBI-022;PBI-120,Important: Child-task decomposition now added through PBI-128 to PBI-132. This story should start only after PBI-120 recording baseline is stable enough for query consumption.
PBI-122,Story,"As an auditor, I want to inspect event-level evidence and chronological sequence, so that I can prove who performed an action and how the access trail unfolded","Context: search results must support deeper inspection for non-repudiation and investigation closure. Business problem: a flat list of events is insufficient if auditors cannot inspect evidence details and reconstruct the sequence around a specific actor or resource. User role / actor: auditor. Expected behavior: the auditor can open a selected event or sequence and inspect actor, target, outcome, request correlation, and non-repudiation evidence in chronological context. Business value: supports stronger investigations, audit defensibility, and regulated evidence review. In scope: event-detail view model or equivalent read contract, chronological sequence support, evidence-field exposure, and incomplete-sequence handling. Out of scope: cryptographic key-management policy and external export tooling.","[ReqID: R22] Given an auditor selects an access event or investigation sequence, when the detail is retrieved, then the platform returns the actor, target, outcome, timestamp, request correlation, and non-repudiation or equivalent evidence fields needed for review. | [ReqID: R22] Given related events exist for the same actor or resource, when the auditor inspects the sequence, then the platform returns them in chronological order sufficient to reconstruct the access trail. | [ReqID: R22] Given the sequence is incomplete or limited by current scope, when the detail is viewed, then available evidence is still returned without crashing or misrepresenting the event chain.",R22,Security;Audit;NonRepudiation;Compliance,3,P1,Security Engineer,,In-Progress,PBI-022;PBI-120;PBI-121,Important: Child-task decomposition now added through PBI-133 to PBI-137. This story should start after recording and basic search/query behavior are stable.
PBI-123,Task,Do map protected-action audit capture scope and minimum event payload for PBI-120,"Action to be performed: define the exact PBI-120 capture scope across governed writes, denied protected actions, and selected sensitive reads using the approved actor-source and audit-policy baseline. Why it is needed: implementation should not guess which actions are in scope or which minimum fields must be present in each event. Expected output: reviewed capture matrix and minimum event payload contract for this story. Scope: protected-action inventory for this story, event field matrix, route-to-action mapping, and outcome coverage. Explicit exclusions: broad audit policy redesign and external reporting.","[ReqID: R22] Given the PBI-120 scope is reviewed, when the capture matrix is finalized, then the in-scope governed writes, denied protected actions, and selected sensitive reads are explicitly mapped. | [ReqID: R22] Given an audit event is required by PBI-120, when the payload baseline is reviewed, then actor identity, target, timestamp, outcome, request correlation, and non-repudiation or equivalent evidence fields are explicitly defined.",R22,Security;Audit;Compliance;Maintainability,2,P0,Security Engineer,,Completed,PBI-120;PBI-087;PBI-091,"Important: Covers story scoping and prevents route-by-route invention. This task should produce the implementation matrix consumed by PBI-124, PBI-125, and PBI-126."
PBI-124,Task,Do implement shared audit event capture seam and persistence path for PBI-120 scope,"Action to be performed: implement or extend the shared backend seam that constructs and persists audit events for the PBI-120 event set. Why it is needed: protected-route recording should use one stable capture path rather than route-specific ad hoc event creation. Expected output: reusable event creation/persistence path supporting the approved minimum payload. Scope: shared event builder or helper usage, persistence/repository path, request correlation propagation, and event-shape consistency. Explicit exclusions: search/query features for auditors and external SIEM integration.","[ReqID: R22] Given an in-scope protected event occurs, when the shared capture seam is invoked, then the platform persists an event carrying the approved minimum audit payload. | [ReqID: R22] Given different protected actions emit events, when the persistence path is reviewed, then event construction follows one stable shape rather than route-specific ad hoc payloads.",R22,Security;Audit;Reliability;Maintainability,3,P0,Backend Engineer,,Completed,PBI-120;PBI-123;PBI-087;PBI-091,"Important: Shared execution seam for this story only. If implementation review shows this seam is large enough to support multiple later stories beyond PBI-120, it may be promoted into a separate Enabler instead of remaining a task."
PBI-125,Task,Do integrate governed-write and denied-protected-action audit capture for PBI-120,"Action to be performed: wire the approved shared audit capture seam into the governed write paths and denied protected-action paths covered by this story. Why it is needed: PBI-120 must prove both successful protected writes and denied protected attempts are recorded consistently. Expected output: governed writes and denied protected actions emit stable audited outcomes according to the approved matrix. Scope: in-scope write routes, denied protected outcomes, outcome mapping, and automated coverage of positive and denied paths. Explicit exclusions: selected sensitive-read capture and broader query/read-model work.","[ReqID: R22] Given a governed write succeeds, when the protected action is processed, then the platform records the event with actor identity, target, timestamp, outcome, request correlation, and evidence fields. | [ReqID: R22] Given a denied protected action occurs, when the request is handled, then the denied outcome is recorded according to the approved audit policy.",R22,Security;Audit;Compliance;Reliability,3,P0,Backend Engineer,,Completed,PBI-120;PBI-123;PBI-124,Important: This is the main write/deny integration slice for PBI-120 and should not be expanded into query or UI work.
PBI-126,Task,Do integrate selected sensitive-read audit capture and hardening for PBI-120,"Action to be performed: wire the approved shared audit capture seam into the selected sensitive-read paths covered by this story and harden the read-path behavior accordingly. Why it is needed: PBI-120 explicitly includes selected sensitive reads where policy requires audit capture. Expected output: in-scope sensitive reads emit the approved audit payload without breaking normal read behavior. Scope: selected sensitive-read route integration, read-event outcome capture, incomplete-read safety handling, and automated coverage. Explicit exclusions: auditor search/query features and broad read-history UI concerns.","[ReqID: R22] Given a selected sensitive read occurs and policy requires capture, when the request is processed, then the platform records the access event with the approved minimum payload. | [ReqID: R22] Given the sensitive-read capture is integrated, when normal read behavior is exercised, then the route still returns its expected functional response while also producing the required audit evidence.",R22,Security;Audit;Compliance;Maintainability,2,P1,Backend Engineer,,Completed,PBI-120;PBI-123;PBI-124,Important: Keeps sensitive-read capture explicit instead of burying it inside the write/deny task. This reduces the chance that read-audit behavior is forgotten.
PBI-127,Task,"Do execute validation, regression, documentation updates, and evidence closure for PBI-120","Action to be performed: validate the full PBI-120 audit-recording story, execute regression checks, update durable docs, and collect completion evidence. Why it is needed: the story is not done when events are merely emitted; it must be proven that write, denied, and sensitive-read paths produce the required traceable evidence without breaking current behavior. Expected output: completed automated validation, updated docs, and reviewable evidence for story closure. Scope: positive and denied-path tests, sensitive-read audit tests, regression checks, durable doc updates, and evidence packaging. Explicit exclusions: search/read-model features for PBI-121 and evidence-inspection features for PBI-122.","[ReqID: R22] Given the implementation tasks are complete, when validation runs, then governed writes, denied protected actions, and selected sensitive reads all produce the approved audit evidence without breaking existing behavior. | [ReqID: R22] Given the story is prepared for review, when evidence is attached, then automated results, representative event samples, and durable doc updates are available for closure.",R22,Security;Audit;Quality;Documentation,2,P0,QA Lead,,Completed,PBI-120;PBI-125;PBI-126,"Important: Story-closing task. Evidence should include representative event payloads for success, denied, and selected sensitive-read capture."
PBI-128,Task,Do define access-history query contract and supported filters,"Action to be performed: define the read contract for auditor access-history queries, including supported filters, stable ordering, and empty-result behavior. Why it is needed: query implementation should not guess which filters are supported or how results are ordered. Expected output: reviewed query contract for actor, target, action, outcome, and time-range search. Scope: filter definitions, response shape, ordering rules, and empty-result semantics. Explicit exclusions: repository implementation and UI work.","[ReqID: R22] Given access-history search is in scope, when the query contract is finalized, then supported filters for actor, target, action, outcome, and time range are explicitly defined. | [ReqID: R22] Given search results may be empty or partial, when the contract is reviewed, then empty successful results and stable ordering rules are explicitly documented.",R22,Security;Audit;Compliance;Maintainability,2,P0,Security Engineer,,Completed,"PBI-120, PBI-127",Important: First task for PBI-121. This task should prevent ad hoc repository or API query behavior.
PBI-129,Task,Do implement access-history query repository and read model,"Action to be performed: implement the read-model and repository path needed to query recorded access events using the approved filter set. Why it is needed: PBI-121 requires a stable backend retrieval path before the query API can be exposed. Expected output: query repository or equivalent read-model logic supporting the approved filters and ordering. Scope: filter application, ordering, result projection, and empty-result handling. Explicit exclusions: transport-layer API exposure and UI work.","[ReqID: R22] Given recorded access events exist, when the repository or read model is queried with supported filters, then it returns matching events in the approved stable order. | [ReqID: R22] Given no matching events exist, when the read model is queried, then it returns an empty result without error.",R22,Security;Audit;Reliability;Maintainability,3,P0,Backend Engineer,,Completed,PBI-121;PBI-128,Important: Keep the read model aligned to the event payload defined by PBI-120 and the query contract defined by PBI-128.
PBI-130,Task,Do expose auditor access-history query API,"Action to be performed: expose the audited access-history query capability through a stable API endpoint for authorized auditors. Why it is needed: auditor search requires a transport contract, not only a repository path. Expected output: query API with supported filters, stable response shape, and correct authorization handling. Scope: route, request validation, response mapping, and integration to the read model. Explicit exclusions: UI work and external reporting.","[ReqID: R22] Given an authorized auditor executes a supported search query, when the API is called, then the platform returns matching access-history events in the approved response shape. | [ReqID: R22] Given unsupported or invalid query input is sent, when the API handles the request, then the platform returns the correct validation response.",R22,Security;Audit;Compliance;Integration,2,P0,Backend Engineer,,Completed,PBI-121;PBI-128;PBI-129,Important: Route should remain contract-focused and consume the shared error envelope and authorization semantics already standardized.
PBI-131,Task,"Do validate query filters, ordering, empty results, and authorization for access-history search","Action to be performed: validate the access-history query flow across supported filters, ordering behavior, empty-result handling, and authorization boundaries. Why it is needed: the story is not complete if query behavior is only partially proven or if auditor-only access is not verified. Expected output: automated coverage of happy path, empty results, validation failures, and authorization behavior. Scope: functional validation, negative-path checks, ordering assertions, and access checks. Explicit exclusions: UI evidence and event-detail inspection.","[ReqID: R22] Given supported query filters are used, when automated tests run, then the platform returns results in the approved stable order. | [ReqID: R22] Given no matching events exist or invalid input is supplied, when the query is executed, then empty-success or validation behavior matches the contract. | [ReqID: R22] Given a non-authorized actor attempts the query, when access is evaluated, then the platform denies the request correctly.",R22,Security;Audit;Quality;Compliance,2,P0,QA Lead,,Completed,PBI-121;PBI-130,"Important: This is the main validation task for PBI-121 and should include representative search paths across protected writes, denied actions, and selected sensitive reads."
PBI-132,Task,Do document access-history query behavior and collect evidence for PBI-121 closure,"Action to be performed: update durable docs and collect evidence for the completed auditor access-history query story. Why it is needed: PBI-121 requires reviewable proof that query behavior, supported filters, and authorization semantics are stable. Expected output: updated docs, representative query examples, and closure evidence. Scope: API/doc update, evidence packaging, and story-close review support. Explicit exclusions: event-detail inspection and UI implementation.","[ReqID: R22] Given the access-history query story is implemented, when documentation and evidence are reviewed, then supported filters, ordering, empty-result behavior, and authorization expectations are explicitly captured. | [ReqID: R22] Given the story is prepared for closure, when evidence is attached, then representative query request/response samples and automated validation results are available.",R22,Audit;Documentation;Compliance;Maintainability,1,P1,QA Lead,,Completed,PBI-121;PBI-131,"Important: Story-closing task for PBI-121. Evidence should include sample successful query, empty-result query, and denied-access case."
PBI-133,Task,Do define event-detail and sequence-inspection contract,"Action to be performed: define the contract for retrieving individual event details and related chronological event sequences for investigation. Why it is needed: PBI-122 should not guess which evidence fields are exposed or how sequence reconstruction works. Expected output: reviewed contract for event detail and chronological sequence inspection. Scope: detail payload, sequence scope by actor or target, ordering rules, and incomplete-sequence behavior. Explicit exclusions: repository or API implementation.","[ReqID: R22] Given event inspection is in scope, when the contract is finalized, then the required evidence fields and sequence retrieval rules are explicitly defined. | [ReqID: R22] Given some investigations may involve incomplete histories, when the contract is reviewed, then incomplete-sequence handling is documented explicitly.",R22,Security;Audit;NonRepudiation;Maintainability,2,P1,Security Engineer,,Completed,PBI-122;PBI-121,Important: First task for PBI-122. This task should define the MVP meaning of inspectable non-repudiation evidence.
PBI-134,Task,Do implement event-detail retrieval by event ID,"Action to be performed: implement backend retrieval of a single access-audit event by event identifier using the approved event-detail contract. Why it is needed: auditors must be able to inspect the evidence fields of a selected event directly. Expected output: event-detail retrieval path returning the approved evidence payload. Scope: detail retrieval, not-found behavior, and payload mapping. Explicit exclusions: actor/target sequence retrieval and UI work.","[ReqID: R22] Given an existing event ID is requested, when the detail retrieval executes, then the platform returns the approved event evidence fields for that event. | [ReqID: R22] Given a missing event ID is requested, when retrieval is attempted, then the platform returns the correct not-found behavior without exposing misleading data.",R22,Security;Audit;Reliability;NonRepudiation,2,P1,Backend Engineer,,Completed,PBI-122;PBI-133,Important: Keep this task limited to single-event inspection so sequence complexity does not hide inside it.
PBI-135,Task,Do implement chronological sequence retrieval by actor or target,"Action to be performed: implement backend retrieval of related event sequences by actor or target for chronological investigation. Why it is needed: PBI-122 requires reconstruction of how the access trail unfolded around a selected actor or resource. Expected output: sequence retrieval logic with stable chronological ordering. Scope: actor-based retrieval, target-based retrieval, ordering, and related-event projection. Explicit exclusions: UI presentation and cryptographic key-management concerns.","[ReqID: R22] Given related events exist for the same actor or target, when sequence retrieval is executed, then the platform returns them in chronological order sufficient to reconstruct the access trail. | [ReqID: R22] Given no related events exist beyond the selected baseline, when sequence retrieval is executed, then the platform returns the available evidence without error.",R22,Security;Audit;Reliability;Compliance,3,P1,Backend Engineer,,In-Progress,PBI-122;PBI-133;PBI-134,Important: Sequence retrieval should stay aligned to the event ordering and evidence-field rules defined in PBI-133.
PBI-136,Task,Do harden incomplete-sequence and missing-event handling for event inspection,"Action to be performed: harden event-detail and sequence-inspection behavior for missing events, incomplete histories, and limited evidence chains. Why it is needed: investigations must not crash or misrepresent evidence when event chains are partial. Expected output: stable missing/incomplete behavior with correct response semantics and regression coverage. Scope: incomplete-sequence handling, missing-event handling, and non-misleading response behavior. Explicit exclusions: external export or analytics.","[ReqID: R22] Given an investigation sequence is incomplete or limited by current scope, when detail or sequence inspection is requested, then the platform returns the available evidence without crashing or implying unsupported completeness. | [ReqID: R22] Given a requested event does not exist, when inspection is attempted, then the platform returns the correct not-found behavior.",R22,Security;Audit;Reliability;Maintainability,2,P1,Backend Engineer,,Planned,PBI-122;PBI-134;PBI-135,Important: Keeps incomplete-history risk explicit and prevents misleading evidence presentation.
PBI-137,Task,Do validate non-repudiation evidence inspection and document evidence for PBI-122 closure,"Action to be performed: validate event-detail and sequence inspection behavior, then update docs and collect closure evidence for PBI-122. Why it is needed: the story is not done until investigators can reliably inspect evidence fields and sequence behavior under normal and incomplete conditions. Expected output: automated validation, representative evidence samples, and updated docs. Scope: happy-path inspection, missing/incomplete handling, documentation, and story-close evidence. Explicit exclusions: external reporting and UI implementation.","[ReqID: R22] Given event-detail and sequence retrieval are implemented, when validation runs, then investigators can retrieve approved evidence fields and chronological sequences according to contract. | [ReqID: R22] Given missing or incomplete histories are exercised, when tests and evidence are reviewed, then the behavior is stable, documented, and non-misleading.",R22,Audit;Quality;Documentation;NonRepudiation,2,P1,QA Lead,,Planned,PBI-122;PBI-136,"Important: Story-closing task for PBI-122. Evidence should include single-event inspection, chronological sequence retrieval, and incomplete-history handling."
