PBI-###,Type,Title,Description,AcceptanceCriteria,ReqIDs,NFR_Tags,StoryPoints,Priority,Owner,Sprint,Status,Dependencies,Notes
PBI-001,Feature,DID-based SME identity registration,"Context: SMEs need verifiable digital identity before they can participate in the platform. Business problem: manual identity handling reduces trust and slows onboarding. User value: SMEs and admins can register and verify identity with stronger assurance. Scope: SME identity registration, VC submission, cryptographic verification, identity record creation. Out of scope: credential revocation lifecycle and advanced federation.","[ReqID: R01] Given an SME submits registration details with a valid verifiable credential, when verification is executed, then the platform creates an SME identity record and stores the verification result. | [ReqID: R01] Given an SME submits an invalid or tampered credential, when verification is executed, then registration is rejected and an audit entry is recorded.",R01,Security;Compliance;Privacy;Audit,5,P1,Identity Engineer,,Deferred,None,DoR: Ready. PO Approval: Approved for backlog seeding from srs-v3 on 2026-03-10. Constraint refs: C01-C07. Deferred after MVP.
PBI-002,Feature,KYC and AML onboarding workflow,"Context: regulated participants require onboarding controls before transacting. Business problem: without KYC and AML workflow the platform cannot safely support regulated financing activity. User value: compliance teams and banks can assess onboarding status consistently. Scope: onboarding intake, KYC review status, AML flagging, audit retention. Out of scope: external sanctions engine procurement.","[ReqID: R02] Given a new SME onboarding case is submitted, when required KYC fields and documents are complete, then the case enters compliance review with a traceable status. | [ReqID: R02] Given an SME fails a KYC or AML rule, when review is completed, then the SME is flagged or blocked from transacting and the decision is logged.",R02,Security;Compliance;Audit;Privacy,8,P0,Compliance Lead,MVP,Completed,PBI-003;PBI-022,DoR: Ready. PO Approval: Approved for MVP on 2026-03-10. Constraint refs: C01-C07. Regulated area; centralized-first workflow acceptable for MVP.
PBI-003,Feature,Permissioned membership and role management,"Context: the platform requires controlled membership and role assignment for participating organizations and internal operators. Business problem: unmanaged access creates governance and security risk. User value: admins can onboard organizations and enforce least-privilege access. Scope: member registration, role assignment, activation, deactivation, access enforcement. Out of scope: decentralized consortium governance automation.","[ReqID: R03] Given an administrator creates a member organization and assigns roles, when the record is saved, then the member can authenticate and access only permitted functions. | [ReqID: R03] Given a member is removed or deactivated, when access is attempted, then protected actions are denied and the attempt is logged.",R03,Security;Compliance;Maintainability;Audit,5,P0,Platform Engineer,MVP,Completed,None,DoR: Ready. PO Approval: Approved for MVP on 2026-03-10. Constraint refs: C01-C07. Foundational MVP capability.
PBI-004,Feature,EPCIS-compatible shipment and receipt event recording,"Context: supply-chain milestone events need a common exchange format. Business problem: inconsistent event capture reduces interoperability and traceability. User value: buyers and logistics partners can exchange standardized shipment and receipt events. Scope: EPCIS-aligned event ingestion, validation, storage, export. Out of scope: advanced logistics analytics.","[ReqID: R04] Given a shipment or receipt event is submitted in the supported event format, when validation runs, then the event is accepted only if it conforms to the required schema. | [ReqID: R04] Given a valid event exists, when an export is requested, then the platform returns an EPCIS-compatible event payload.",R04,Interoperability;Reliability;Audit,5,P2,Integration Engineer,,Deferred,PBI-005,DoR: Ready. PO Approval: Approved for backlog seeding from srs-v3 on 2026-03-10. Constraint refs: C01-C07. Deferred after MVP.
PBI-005,Feature,Immutable audit trail for procure-to-pay events,"Context: procure-to-pay actions require end-to-end traceability. Business problem: fragmented records make audits and dispute investigation difficult. User value: auditors and operators can trace PO, delivery, invoice, and settlement activity reliably. Scope: event capture, timestamping, actor traceability, hash or immutable reference storage. Out of scope: regulator export bundle formatting.","[ReqID: R05] Given a PO, delivery, invoice, or settlement action occurs, when the transaction is committed, then the platform records the event with timestamp, actor identity, and immutable reference data. | [ReqID: R05] Given an auditor opens a transaction history, when the audit trail is queried, then the ordered lifecycle of related events is displayed without gaps.",R05,Audit;Integrity;Compliance;Security,8,P0,Backend Engineer,MVP,Completed,PBI-003;PBI-022,DoR: Ready. PO Approval: Approved for MVP on 2026-03-10. Constraint refs: C01-C07. MVP may use centralized-first immutable audit storage or hybrid anchoring per C05-C06.
PBI-006,Feature,Order acceptance and escrow contract workflow,"Context: order acceptance and escrow handling are core transaction controls for financing-enabled procurement. Business problem: manual settlement logic is error-prone and hard to verify. User value: buyers, SMEs, and financiers can execute order and escrow flow with enforceable rules. Scope: order acceptance, escrow state transitions, release conditions, settlement triggers. Out of scope: full multi-party production smart-contract network operations.","[ReqID: R06] Given an approved order with escrow terms exists, when the buyer accepts the order, then the contract workflow creates an escrow state and records the governing terms. | [ReqID: R06] Given the defined proof conditions are satisfied, when release is triggered, then the escrow status changes and the release action is recorded for audit.",R06,Security;Audit;Reliability;Compliance,8,P0,Blockchain Engineer,MVP,Planned,PBI-005;PBI-003,DoR: Ready. PO Approval: Approved for MVP on 2026-03-10. Constraint refs: C01-C07. MVP implementation may be workflow-driven or hybrid anchored per C05-C06. Status review note 2026-05-26: evidence proves escrow first slice only; full release/settlement acceptance remains for backlog grooming. Scope grooming 2026-05-26: supervisor-demo escrow first slice is completed under PBI-341 to PBI-360; this parent remains Planned for broader release/settlement lifecycle acceptance.
PBI-007,Feature,PLS contract model and distribution workflow,"Context: the platform must support Shariah-compliant profit and loss sharing products. Business problem: PLS rules require explicit, auditable parameterization and controlled execution. User value: banks and Shariah reviewers can create and track compliant PLS contracts. Scope: contract creation, parameter capture, distribution calculation inputs, distribution record lifecycle. Out of scope: advanced portfolio optimization.","[ReqID: R07] Given a PLS contract is created with approved parameters, when the contract is activated, then the platform stores profit ratio, loss allocation, and linked parties in an auditable record. | [ReqID: R07] Given a distribution event is executed for an active contract, when the calculation is confirmed, then the resulting allocation is recorded against the contract history.",R07,Compliance;Audit;Security;Maintainability,8,P0,Islamic Finance Analyst,MVP,Planned,PBI-006;PBI-020,"DoR: Ready. PO Approval: Approved for MVP on 2026-03-10. Constraint refs: C01-C07. Regulated area; MVP scope limited to essential contract workflow. Status review note 2026-05-26: restricted PLS seedbed evidence exists under PBI-393, but legacy full contract creation/distribution scope remains for backlog grooming. Scope grooming 2026-05-26: restricted PLS seedbed is completed under PBI-393 to PBI-405; this parent remains Planned until broader contract/distribution workflow acceptance is explicitly closed or narrowed."
PBI-008,Feature,Tokenized receivables issuance and redemption,"Context: receivables financing requires a traceable digital representation of the underlying invoice. Business problem: without controlled token lifecycle, provenance and redemption checks are weak. User value: financiers can issue, transfer, and redeem receivable representations with traceability. Scope: token issuance, provenance link, transfer, redemption status. Out of scope: public-chain interoperability.","[ReqID: R08] Given an eligible invoice is approved for financing, when token issuance is requested, then the platform creates a receivable token linked to the original invoice and records provenance metadata. | [ReqID: R08] Given a receivable token is redeemed, when redemption is processed, then the token status changes to redeemed and the history shows the full lifecycle.",R08,Security;Audit;Performance;Compliance,8,P1,Blockchain Engineer,MVP,Deferred,PBI-006;PBI-007,DoR: Ready. PO Approval: Approved for MVP on 2026-03-10. Constraint refs: C01-C07. MVP scope limited to sandboxable issuance and redemption flow.
PBI-009,Feature,Transaction endorsement policy validation,"Context: sensitive transactions require policy-based approval before acceptance. Business problem: without endorsement validation, unauthorized transactions may be accepted. User value: admins can enforce transaction acceptance rules consistently. Scope: endorsement policy definition, signature validation, rejection handling. Out of scope: complex multi-network policy orchestration.","[ReqID: R09] Given a transaction requires named endorsers, when the transaction is submitted without all required endorsements, then the platform rejects it with a policy violation result. | [ReqID: R09] Given a transaction includes the required endorsements, when validation runs, then the platform accepts the transaction and stores the endorsement evidence.",R09,Security;Reliability;Compliance;Audit,3,P2,Security Engineer,,Deferred,PBI-003,DoR: Ready. PO Approval: Approved for backlog seeding from srs-v3 on 2026-03-10. Constraint refs: C01-C07. Deferred after MVP.
PBI-010,Feature,Privacy channels and private data visibility controls,"Context: some commercial terms are sensitive and should only be visible to authorized parties. Business problem: broad data exposure increases privacy and confidentiality risk. User value: permitted participants can view sensitive data while others see only restricted proofs or summaries. Scope: authorization checks, restricted data views, proof or hash visibility for non-permitted users. Out of scope: advanced data masking analytics.","[ReqID: R10] Given a user with authorized access opens a protected record, when the record is loaded, then the user can view the sensitive fields allowed by policy. | [ReqID: R10] Given a user without authorized access requests the same record, when access is evaluated, then the sensitive fields are hidden and only the permitted proof or metadata is returned.",R10,Privacy;Security;Compliance;Audit,5,P1,Security Engineer,,Deferred,PBI-003;PBI-022,DoR: Ready. PO Approval: Approved for backlog seeding from srs-v3 on 2026-03-10. Constraint refs: C01-C07. Deferred after MVP.
PBI-011,Feature,ISO20022-compatible payment API gateway,"Context: external payment integration requires a standardized messaging interface. Business problem: ad hoc payment mapping increases integration friction and reconciliation defects. User value: banks and integrators can exchange payment requests using a known structure. Scope: payment message mapping, API submission, validation, response handling. Out of scope: production-grade bank certification.","[ReqID: R11] Given a payment request is created from a platform transaction, when the API payload is generated, then the required ISO20022-compatible fields are populated according to the mapping rules. | [ReqID: R11] Given a payload missing a required mapped field is submitted, when validation runs, then the request is rejected with a validation error.",R11,Interoperability;Performance;Security;Reliability,5,P1,Integration Engineer,,Deferred,PBI-005,DoR: Ready. PO Approval: Approved for backlog seeding from srs-v3 on 2026-03-10. Constraint refs: C01-C07. Deferred after MVP due integration cost C04.
PBI-012,Feature,Asynchronous reconciliation event processing,"Context: transaction reconciliation may need asynchronous processing. Business problem: synchronous-only reconciliation increases latency and operational fragility. User value: operators can process and retry reconciliation events reliably. Scope: event publishing, retry handling, completion status, operational visibility. Out of scope: enterprise message bus migration.","[ReqID: R12] Given a reconciliation-triggering event is published, when the event consumer processes it successfully, then the reconciliation status is updated within the defined workflow. | [ReqID: R12] Given event processing fails, when retry policy is applied, then the event is retried and the failure history is recorded.",R12,Performance;Reliability;Operability;Maintainability,5,P2,Backend Engineer,,Deferred,PBI-005,DoR: Ready. PO Approval: Approved for backlog seeding from srs-v3 on 2026-03-10. Constraint refs: C01-C07. Deferred after MVP.
PBI-013,Feature,Configurable transaction throughput baseline,"Context: the platform needs a measurable throughput target to guide delivery and testing. Business problem: without a defined baseline the team cannot validate performance expectations. User value: operators and stakeholders can assess whether the platform meets agreed throughput goals. Scope: configurable throughput target, load test scenario, latency measurement, pass fail criteria. Out of scope: horizontal scale architecture redesign.","[ReqID: R13] Given a configured throughput target exists, when load tests are executed, then the platform reports whether sustained throughput and latency remain within the target thresholds. | [ReqID: R13] Given measured results fall below the accepted baseline, when test execution completes, then a performance failure result is recorded with supporting metrics.",R13,Performance;Scalability;Reliability,3,P2,QA Lead,,Deferred,PBI-025,DoR: Ready. PO Approval: Approved for backlog seeding from srs-v3 on 2026-03-10. Constraint refs: C01-C07. Deferred after MVP.
PBI-014,Feature,Machine-readable procurement metadata publishing,"Context: digital procurement transparency requires structured metadata. Business problem: unstructured tender information is harder to reuse, validate, and audit. User value: procurement officers and regulators can publish and consume tender metadata consistently. Scope: metadata capture, validation, machine-readable export. Out of scope: public procurement portal redesign.","[ReqID: R14] Given a tender record is created, when required metadata fields are completed, then the platform stores the tender with the supported machine-readable structure. | [ReqID: R14] Given a valid tender record exists, when metadata export is requested, then the platform returns the required machine-readable metadata fields.",R14,Compliance;Interoperability;Usability,3,P2,Procurement Analyst,,Deferred,None,DoR: Ready. PO Approval: Approved for backlog seeding from srs-v3 on 2026-03-10. Constraint refs: C01-C07. Deferred after MVP.
PBI-015,Feature,Regulator audit reporting and signed export bundle,"Context: regulators and auditors need a consumable audit package from platform records. Business problem: raw event data alone is difficult to review and transmit. User value: regulators can request and receive signed audit exports within an agreed turnaround. Scope: audit bundle generation, signing, export request handling, delivery status tracking. Out of scope: regulator portal integration.","[ReqID: R15] Given an authorized regulator export request is submitted, when the export job completes, then the platform generates a signed audit bundle containing the requested records. | [ReqID: R15] Given an export bundle has been generated, when the requester downloads it, then the bundle includes integrity metadata sufficient to verify authenticity.",R15,Audit;Compliance;Performance;Security,5,P1,Compliance Lead,MVP,Planned,PBI-005;PBI-022,"DoR: Ready. PO Approval: Approved for MVP on 2026-03-10. Constraint refs: C01-C07. MVP scope excludes external regulator integration. Status review note 2026-05-26: export bundle MVP evidence exists under PBI-406, but production signing/download scope remains for backlog grooming. Scope grooming 2026-05-26: regulator export MVP evidence is completed under PBI-406 to PBI-412; this parent remains Planned until production signing/download/integrity scope is explicitly closed or narrowed."
PBI-016,Feature,Upgradeable contract versioning workflow,"Context: contract logic and templates will evolve over time. Business problem: unmanaged upgrades create compatibility and audit risk. User value: developers and reviewers can upgrade contract versions with traceability. Scope: version tagging, upgrade path, migration support, audit history. Out of scope: automated multi-network migration.","[ReqID: R16] Given a new contract version is prepared, when the upgrade process is executed, then the platform records the prior version, new version, and upgrade metadata. | [ReqID: R16] Given an upgrade affects existing records, when migration validation is run, then the platform reports whether affected records remain accessible or are migrated successfully.",R16,Maintainability;Audit;Reliability;Compliance,5,P2,Platform Engineer,,Deferred,PBI-006;PBI-007,DoR: Ready. PO Approval: Approved for backlog seeding from srs-v3 on 2026-03-10. Constraint refs: C01-C07. Deferred after MVP.
PBI-017,Feature,Role-based UI and operational dashboards,"Context: different actors require different workflows and visibility. Business problem: a one-size-fits-all interface increases error rate and reduces productivity. User value: each role can view relevant data and actions only. Scope: role-based navigation, dashboard widgets, role action permissions, tailored views. Out of scope: advanced analytics personalization.","[ReqID: R17] Given a user logs in with a defined platform role, when the dashboard loads, then the user sees the role-specific widgets and actions assigned to that role. | [ReqID: R17] Given a user attempts to access an action outside the assigned role, when authorization is evaluated, then the action is hidden or blocked.",R17,Usability;Security;Accessibility;Audit,5,P1,Frontend Engineer,MVP,Completed,PBI-003;PBI-022,DoR: Ready. PO Approval: Approved for MVP on 2026-03-10. Constraint refs: C01-C07. MVP should focus on essential role views only.
PBI-018,Feature,Delivery evidence with signed IoT or QR proof,"Context: proof of delivery supports settlement and dispute reduction. Business problem: delivery confirmation without verifiable evidence is weaker for financing and audit. User value: buyers and logistics parties can verify delivery evidence linked to transactions. Scope: signed proof capture, linkage to delivery event, verification result display. Out of scope: hardware device management.","[ReqID: R18] Given a delivery event has a signed IoT or QR proof, when the proof is submitted, then the platform verifies the signature and links the proof to the delivery record. | [ReqID: R18] Given a linked proof exists, when a buyer reviews the delivery record, then the proof status and verification result are visible.",R18,Integrity;Interoperability;Reliability;Audit,5,P2,Integration Engineer,,Deferred,PBI-004;PBI-005,DoR: Ready. PO Approval: Approved for backlog seeding from srs-v3 on 2026-03-10. Constraint refs: C01-C07. Deferred after MVP. Scope grooming 2026-05-26: remains Deferred because real signed IoT/QR delivery proof is not implemented; supervisor demo uses metadata-only delivery evidence under PBI-379 and PBI-380.
PBI-019,Feature,Data retention and legal-hold controls,"Context: transaction and compliance records must follow retention rules. Business problem: uncontrolled deletion or expiry can violate legal obligations. User value: auditors and legal users can enforce retention and legal-hold states. Scope: retention policy application, hold flagging, deletion prevention during hold. Out of scope: cross-jurisdiction rules engine.","[ReqID: R19] Given a record reaches a retention checkpoint, when the retention policy is evaluated, then the platform applies the configured retention state to the record. | [ReqID: R19] Given a legal hold is active on a record, when deletion or purge is attempted, then the action is blocked and logged.",R19,Compliance;Security;Retention;Audit,3,P1,Compliance Lead,,Deferred,PBI-022,DoR: Ready. PO Approval: Approved for backlog seeding from srs-v3 on 2026-03-10. Constraint refs: C01-C07. Deferred after MVP.
PBI-020,Feature,Shariah governance workflow for PLS approvals,"Context: PLS products require governance review before use. Business problem: without a formal approval workflow, compliant activation cannot be demonstrated. User value: Shariah reviewers and banks can track review outcomes before product activation. Scope: checklist workflow, review decision, approval history, activation gate. Out of scope: external board portal.","[ReqID: R20] Given a new PLS product or contract type is submitted for review, when the checklist is completed and approved, then the platform records the approval result and allows activation. | [ReqID: R20] Given required governance approval is missing, when activation is attempted, then the platform blocks activation and shows the missing approval state.",R20,Compliance;Audit;Security;Governance,5,P0,Shariah Compliance Lead,MVP,Completed,None,DoR: Ready. PO Approval: Approved for MVP on 2026-03-10. Constraint refs: C01-C07. Regulated area; MVP requires explicit audit history.
PBI-021,Feature,Dispute resolution and arbitration record workflow,"Context: procurement and financing flows may require formal dispute handling. Business problem: inconsistent dispute tracking weakens governance and evidence management. User value: parties can record disputes, evidence, and final status in one lifecycle. Scope: dispute creation, evidence attachment metadata, status updates, final resolution record. Out of scope: external arbitration system integration.","[ReqID: R21] Given a transaction dispute is raised, when the case is created, then the platform stores the dispute record with linked transaction context and initial status. | [ReqID: R21] Given a dispute reaches resolution, when the final decision is recorded, then the platform stores the final status and linked evidence history.",R21,Audit;Compliance;Reliability;Security,5,P2,Operations Lead,,Deferred,PBI-005,DoR: Ready. PO Approval: Approved for backlog seeding from srs-v3 on 2026-03-10. Constraint refs: C01-C07. Deferred after MVP.
PBI-022,Feature,Access logging and cryptographic non-repudiation,"Context: regulated and sensitive workflows require strong auditability of user actions. Business problem: incomplete access logging undermines investigations and compliance evidence. User value: auditors and security operators can trace who did what and prove action origin. Scope: access logs, signed action records, query support for investigation. Out of scope: external SIEM integration.","[ReqID: R22] Given a user accesses or changes a protected resource, when the action is processed, then the platform records the action with actor identity, timestamp, and cryptographic or equivalent non-repudiation evidence. | [ReqID: R22] Given an auditor reviews access history, when a search is executed, then the platform returns a traceable sequence of logged actions for the selected user or resource.",R22,Security;Audit;NonRepudiation;Compliance,5,P0,Security Engineer,MVP,Completed,PBI-003,DoR: Ready. PO Approval: Approved for MVP on 2026-03-10. Constraint refs: C01-C07. Foundational MVP control.
PBI-023,Feature,Legacy ERP interoperability adapter,"Context: enterprise buyers and suppliers may need existing ERP systems to exchange procurement data with the platform. Business problem: manual transfer reduces adoption and increases errors. User value: integrators can map PO and invoice flows between systems. Scope: adapter mappings, sample import export, error handling. Out of scope: full production ERP rollout.","[ReqID: R23] Given a sample PO or invoice payload is received from a supported legacy format, when mapping is executed, then the adapter produces the platform-compatible payload. | [ReqID: R23] Given a mapped payload is missing required fields, when validation runs, then the adapter rejects the payload and reports the mapping error.",R23,Interoperability;Reliability;Maintainability,8,P2,Integration Engineer,,Deferred,PBI-005,DoR: Ready. PO Approval: Approved for backlog seeding from srs-v3 on 2026-03-10. Constraint refs: C01-C07. Deferred after MVP due C04.
PBI-024,Feature,Consent management and privacy controls,"Context: user and organization data sharing requires explicit consent handling. Business problem: exports and sharing without tracked consent create privacy risk. User value: SMEs can grant and revoke consent and see that exports honor the current consent state. Scope: consent grant, consent revoke, consent check on export, audit history. Out of scope: advanced preference center.","[ReqID: R24] Given an SME grants consent for a defined data use, when the consent is saved, then the platform records the consent state with scope and timestamp. | [ReqID: R24] Given consent has been revoked, when an export requiring that consent is requested, then the platform blocks or limits the export according to the current consent state.",R24,Privacy;Compliance;Security;Audit,5,P1,Privacy Officer,,Deferred,PBI-022,DoR: Ready. PO Approval: Approved for backlog seeding from srs-v3 on 2026-03-10. Constraint refs: C01-C07. Deferred after MVP.
PBI-025,Feature,Monitoring dashboards and incident management hooks,"Context: platform operations require visibility and response readiness. Business problem: poor operational telemetry increases recovery time and hidden failures. User value: operators can monitor health, detect incidents, and follow response triggers. Scope: dashboards, alert conditions, incident hook integration, basic runbook linkage. Out of scope: full NOC implementation.","[ReqID: R25] Given a monitored service experiences a defined failure condition, when the threshold is crossed, then the platform triggers an alert and records the incident event. | [ReqID: R25] Given an operator opens the monitoring dashboard, when the page loads, then current service health and recent alerts are visible.",R25,Operability;Availability;Reliability;Security,3,P1,DevOps Engineer,,Deferred,PBI-022,DoR: Ready. PO Approval: Approved for backlog seeding from srs-v3 on 2026-03-10. Constraint refs: C01-C07. Deferred after MVP. Scope grooming 2026-05-26: remains Deferred because real monitoring and incident-management hooks are not implemented; security operator demo is read-only metadata scope under PBI-413 to PBI-417.
PBI-026,Feature,Reproducible PLS scenario test harness,"Context: PLS calculations and workflows require repeatable verification. Business problem: without a repeatable harness the team cannot validate business scenarios consistently. User value: QA and developers can rerun known profit and loss scenarios with expected outputs. Scope: scenario definitions, repeatable execution, expected result comparison, test evidence. Out of scope: enterprise-scale performance suite.","[ReqID: R26] Given a defined PLS scenario exists in the harness, when the scenario is executed, then the platform produces the expected profit and loss result for comparison. | [ReqID: R26] Given the scenario output differs from the expected result, when the test run completes, then the harness marks the scenario as failed and stores the evidence.",R26,Testability;Reliability;Audit;Maintainability,5,P1,QA Lead,,Deferred,PBI-007,DoR: Ready. PO Approval: Approved for backlog seeding from srs-v3 on 2026-03-10. Constraint refs: C01-C07. Deferred after MVP.
PBI-027,Feature,Identity and credential revocation,"Context: issued credentials may later become invalid or withdrawn. Business problem: without revocation support invalid credentials may continue to pass verification. User value: admins can revoke a credential and immediately affect verification outcomes. Scope: revoke action, revocation status lookup, verification check. Out of scope: cross-network revocation federation.","[ReqID: R27] Given an authorized admin revokes a credential, when revocation is confirmed, then the credential status changes to revoked in the verification store. | [ReqID: R27] Given a revoked credential is presented for verification, when the verification check runs, then the platform returns an invalid result and blocks the protected action.",R27,Security;Compliance;Reliability;Audit,3,P1,Identity Engineer,,Deferred,PBI-001;PBI-003,DoR: Ready. PO Approval: Approved for backlog seeding from srs-v3 on 2026-03-10. Constraint refs: C01-C07. Deferred after MVP.
PBI-028,Feature,Regulatory sandbox mode and audit hooks,"Context: pilot deployments may require a restricted sandbox operating mode. Business problem: without a sandbox mode, regulator-facing pilots may be harder to isolate and audit. User value: teams can run a restricted pilot mode with enhanced logging. Scope: sandbox mode flag, restricted deployment behavior, enhanced audit hooks. Out of scope: production regulator portal.","[ReqID: R28] Given sandbox mode is enabled for an environment, when users operate within that environment, then the platform applies the defined sandbox restrictions and enhanced logging rules. | [ReqID: R28] Given sandbox mode is disabled, when standard operations run, then sandbox-only restrictions are not applied.",R28,Compliance;Audit;Security;Operability,3,P2,Compliance Lead,,Deferred,PBI-022;PBI-025,DoR: Ready. PO Approval: Approved for backlog seeding from srs-v3 on 2026-03-10. Constraint refs: C01-C07. Deferred after MVP.
PBI-029,Feature,Multi-jurisdiction retention and consent configuration,"Context: different operating jurisdictions may require different retention and consent rules. Business problem: hard-coded policy behavior does not scale across jurisdictions. User value: admins can apply jurisdiction-specific privacy and retention settings. Scope: configurable rules by jurisdiction, policy lookup, testable rule application. Out of scope: legal interpretation engine.","[ReqID: R29] Given a record is associated with a configured jurisdiction, when retention or consent policy is evaluated, then the platform applies the rules defined for that jurisdiction. | [ReqID: R29] Given a jurisdiction configuration is changed, when policy tests are executed, then the platform reflects the new rules in the test results.",R29,Compliance;Configurability;Maintainability;Privacy,5,P2,Compliance Lead,,Deferred,PBI-019;PBI-024,DoR: Ready. PO Approval: Approved for backlog seeding from srs-v3 on 2026-03-10. Constraint refs: C01-C07. Deferred after MVP.
PBI-030,Feature,Consortium governance policy registry,"Context: multi-party platforms require explicit governance records for policy changes. Business problem: undocumented governance decisions weaken accountability and trust. User value: consortium admins can record bylaws and policy changes with traceable approval outcomes. Scope: policy registry, change proposal, approval record, history view. Out of scope: automated quorum execution across independent organizations.","[ReqID: R30] Given a governance policy change is proposed, when the proposal is submitted, then the platform stores the policy record with proposer, date, and current status. | [ReqID: R30] Given a policy change is approved, when the decision is finalized, then the registry records the approval outcome and preserves the policy history.",R30,Governance;Audit;Security;Compliance,5,P2,Governance Lead,,Deferred,PBI-003;PBI-022,DoR: Ready. PO Approval: Approved for backlog seeding from srs-v3 on 2026-03-10. Constraint refs: C01-C07. Deferred after MVP.
PBI-031,Story,"As an administrator, I want to register a member organization, so that participating organizations can be onboarded into the platform","Context: the platform requires a controlled member registry before roles and access can be managed. Business problem: unmanaged organization onboarding creates governance and security gaps. User role / actor: administrator. Expected behavior: administrator creates a member organization record with essential membership metadata and initial status. Business value: establishes the baseline organization registry for the platform. In scope: organization creation, uniqueness validation, membership status initialization. Out of scope: role assignment and protected-function enforcement.","[ReqID: R03] Given an administrator submits valid organization details, when the organization is created, then the platform stores the member organization with a unique identifier and active status. | [ReqID: R03] Given required organization data is missing or duplicated, when creation is attempted, then the platform blocks the request and shows validation errors.",R03,Security;Compliance;Maintainability,3,P0,Platform Engineer,,Completed,PBI-003,Important: Story-level acceptance should not be marked Accepted/Done until PBI-083 is resolved and duplicate-prevention behavior is verified.
PBI-032,Story,"As an administrator, I want to define and maintain platform roles, so that access can be governed consistently","Context: role-based access requires a stable role catalogue before user assignment. Business problem: inconsistent role definitions weaken access governance. User role / actor: administrator. Expected behavior: administrator can create, update, and manage platform roles used for membership access control. Business value: establishes a reusable role model for secure access management. In scope: role creation, role update, role status management. Out of scope: user-role assignment and runtime access denial.","[ReqID: R03] Given an administrator defines a valid role, when the role is saved, then the platform stores the role for future assignment. | [ReqID: R03] Given a duplicate or invalid role definition is submitted, when save is attempted, then the platform rejects the change and returns a validation error.",R03,Security;Compliance;Maintainability,3,P0,Platform Engineer,,Completed,PBI-003,DoR: Ready. PO Approval: Approved for Sprint 1 decomposition of PBI-003.
PBI-033,Story,"As an administrator, I want to assign platform roles to member users, so that each user can access only the functions required for their responsibilities","Context: once organizations and roles exist, users must be bound to those roles to support controlled access. Business problem: users without structured role assignment cannot be governed consistently. User role / actor: administrator. Expected behavior: administrator assigns, changes, or removes roles for users associated with member organizations. Business value: enables least-privilege access control. In scope: assign role, change role, remove role, membership validation. Out of scope: deactivation enforcement.","[ReqID: R03] Given a user belongs to a valid member organization and a valid role exists, when an administrator assigns the role, then the platform stores the assignment successfully. | [ReqID: R03] Given the user is not associated with a valid member organization or the role is invalid, when assignment is attempted, then the platform blocks the assignment and shows the reason.",R03,Security;Compliance;Maintainability;Audit,5,P0,Platform Engineer,,Completed,PBI-003;PBI-031;PBI-032,DoR: Ready. PO Approval: Approved for Sprint 1 decomposition of PBI-003.
PBI-034,Story,"As the platform, I want to block access for deactivated members, so that removed organizations and users cannot use protected functions","Context: membership and role management are incomplete without enforcement against deactivated members. Business problem: inactive members retaining access creates governance and security risk. User role / actor: system enforcement. Expected behavior: protected actions are denied when a member organization or user is deactivated. Business value: ensures access control reflects membership state. In scope: deactivation state check, denial of protected actions, error feedback. Out of scope: advanced non-repudiation analytics.","[ReqID: R03] Given a member organization or user is deactivated, when a protected action is attempted, then the platform denies access. | [ReqID: R03] Given an active member with a valid role attempts a protected action, when access is evaluated, then the platform allows the action to proceed.",R03,Security;Compliance;Reliability,5,P0,Platform Engineer,,Completed,PBI-003;PBI-031;PBI-033,DoR: Ready. PO Approval: Approved for Sprint 1 decomposition of PBI-003.
PBI-035,Story,"As a compliance coordinator, I want to submit a PLS item for Shariah review, so that governance starts from a formal and traceable request","Context: Shariah governance requires a formal starting point for review. Business problem: ad hoc review initiation makes approval workflow ambiguous and difficult to track. User role / actor: compliance coordinator. Expected behavior: coordinator submits a review request with the mandatory metadata for a PLS item. Business value: creates a controlled and traceable approval intake process. In scope: request creation, mandatory fields, initial workflow state. Out of scope: checklist completion and final decision.","[ReqID: R20] Given the required review-request data is complete, when the coordinator submits the request, then the platform creates a review record with initial Submitted status. | [ReqID: R20] Given mandatory review-request data is incomplete, when submission is attempted, then the platform blocks the request and shows validation errors.",R20,Compliance;Audit;Security,3,P0,Compliance Lead,,Completed,PBI-020,DoR: Ready. PO Approval: Approved for Sprint 1 decomposition of PBI-020.
PBI-036,Story,"As a Shariah reviewer, I want to record the review checklist outcome, so that the basis of the governance decision is documented","Context: governance decisions require structured review evidence before approval can be finalized. Business problem: undocumented checklist completion weakens governance assurance. User role / actor: Shariah reviewer. Expected behavior: reviewer completes and saves the checklist findings for a submitted review item. Business value: makes the approval basis explicit and auditable. In scope: checklist completion, reviewer comments, review completion state. Out of scope: final approve reject conditional-approve transition.","[ReqID: R20] Given a submitted review item exists, when the reviewer completes the checklist with all required entries, then the platform stores the checklist outcome and reviewer comments. | [ReqID: R20] Given mandatory checklist entries are missing, when the reviewer attempts to save completion, then the platform blocks completion and shows validation errors.",R20,Compliance;Audit;Security,3,P0,Shariah Compliance Lead,,Completed,PBI-020;PBI-035,DoR: Ready. PO Approval: Approved for Sprint 1 decomposition of PBI-020.
PBI-037,Story,"As a Shariah reviewer, I want to record approve, reject, or conditional-approve decisions, so that governance outcomes are explicit and auditable","Context: the review workflow must end in a formal governance outcome. Business problem: without explicit decision capture, approval status cannot be relied upon. User role / actor: Shariah reviewer. Expected behavior: reviewer records the final decision with rationale or conditions where applicable. Business value: enables clear governance outcomes and later compliance verification. In scope: approve, reject, conditional approve, rationale capture, state transition. Out of scope: activation gating against PLS contract execution.","[ReqID: R20] Given a completed review checklist exists, when the reviewer records an approval decision, then the platform changes the item status to Approved and stores the decision metadata. | [ReqID: R20] Given the reviewer records a rejection or conditional approval, when the decision is saved, then the platform stores the rationale or conditions and updates the workflow state accordingly.",R20,Compliance;Audit;Security,3,P0,Shariah Compliance Lead,,Completed,PBI-020;PBI-036,DoR: Ready. PO Approval: Approved for Sprint 1 decomposition of PBI-020.
PBI-038,Story,"As a compliance coordinator, I want to view the current approval status and decision history, so that I can track governance progress and outcomes","Context: governance workflow participants need visibility into approval progress and results. Business problem: without a consolidated view, coordinators cannot follow up or confirm outcome state efficiently. User role / actor: compliance coordinator. Expected behavior: coordinator can view the latest status and prior review history of a PLS review item. Business value: improves workflow transparency and operational follow-up. In scope: status view, decision history, summary of review progression. Out of scope: regulator export and linkage to downstream contract execution.","[ReqID: R20] Given a review item exists, when the coordinator opens its details, then the platform displays the current approval status and prior review history. | [ReqID: R20] Given no final decision has been recorded yet, when the coordinator views the item, then the platform still shows the submitted and review-progress states without error.",R20,Compliance;Audit;Usability;Security,2,P1,Compliance Lead,,Completed,PBI-020;PBI-035;PBI-037,DoR: Ready. PO Approval: Approved for Sprint 1 decomposition of PBI-020.
PBI-039,Task,"Do define member organization schema, uniqueness rules, and membership status model","Action to be performed: define the member organization data model, required fields, uniqueness rules, and active or inactive lifecycle states. Why it is needed: downstream API, UI, and access-control tasks depend on stable data and state rules. Expected output: reviewed schema, validation rules, and request-response contract. Scope: entity fields, uniqueness rule, state values, API contract. Explicit exclusions: UI build and endpoint implementation.","[ReqID: R03] Given the schema draft is reviewed, when validation rules are checked, then required fields, uniqueness constraints, and status values are explicitly defined. | [ReqID: R03] Given downstream tasks consume the model, when implementation starts, then the request and response contract is stable enough for API and UI work.",R03,Security;Compliance;Maintainability,2,P0,Platform Engineer,Sprint 1,Completed,PBI-031,"Important: Covers PBI-031 AC1 and AC2. Shared prerequisite for PBI-040 and PBI-041. Evidence: schema note, validation matrix, API contract."
PBI-040,Task,Do implement member organization creation API and service validation,"Action to be performed: build the backend endpoint and service logic for member organization creation with required validation and duplicate checks. Why it is needed: the story requires creation of unique active member organizations. Expected output: working create service with persistence and validation behavior. Scope: endpoint, service logic, required-field validation, duplicate prevention, persistence. Explicit exclusions: admin screen implementation.","[ReqID: R03] Given valid organization input is submitted, when the create service executes, then the organization is stored with a unique identifier and active status. | [ReqID: R03] Given missing or duplicate data is submitted, when validation runs, then the service rejects the request with the correct error response.",R03,Security;Compliance;Reliability,3,P0,Backend Engineer,Sprint 1,Completed,PBI-031;PBI-039,"Important: Delivered slice completed current backend create flow, but duplicate-prevention remains incomplete in the implementation path and is now tracked explicitly by PBI-083."
PBI-041,Task,Do implement administrator registration UI and error feedback for member onboarding,"Action to be performed: build the admin form and user feedback for member organization registration. Why it is needed: administrators need a usable interface to create organizations and handle invalid input. Expected output: working form with validation messages and success state. Scope: form fields, submit flow, validation feedback, success and error states. Explicit exclusions: backend authorization and audit logging.","[ReqID: R03] Given valid registration data is entered, when the administrator submits the form, then the UI sends the request and displays a success result aligned to the backend response. | [ReqID: R03] Given invalid or duplicate data is entered, when submission is attempted, then the UI displays meaningful validation or error feedback.",R03,Usability;Security;Maintainability,2,P0,Frontend Engineer,Sprint 3,Completed,PBI-031;PBI-039;PBI-040;PBI-079;PBI-080;PBI-081;PBI-082;PBI-083,"Important: Covers PBI-031 AC1 and AC2. Can run in parallel with PBI-040 after contract is stable. Evidence: screenshots, functional checks. When resumed, this task must consume the backend duplicate-conflict response semantics introduced by PBI-083."
PBI-042,Task,"Do implement organization-creation authorization, audit logging, and protected data handling","Action to be performed: add authorization checks, audit events, and sensitive-field handling to organization creation. Why it is needed: the workflow is governance-sensitive and must be restricted and traceable. Expected output: admin-only creation path with audit records. Scope: permission checks, create-event logging, protected-field rules. Explicit exclusions: advanced reporting.","[ReqID: R03] Given a non-admin attempts organization creation, when access is evaluated, then the operation is denied. | [ReqID: R03] Given an authorized organization creation succeeds, when the action completes, then an audit record is written with actor and timestamp.",R03,Security;Compliance;Audit,2,P0,Security Engineer,Sprint 1,Completed,PBI-031;PBI-040,"Important: Covers PBI-031 AC1. Supports DoD compliance and traceability. Evidence: access-control test results, log samples."
PBI-043,Task,"Do execute end-to-end validation, regression checks, documentation updates, and demo evidence for member organization registration","Action to be performed: validate the full member-organization registration flow, update documentation, and collect evidence. Why it is needed: the story cannot meet Done without proof, regression safety, and supporting documentation. Expected output: completed test evidence, docs updates, and demo-ready flow. Scope: functional testing, regression checks, docs, demo evidence. Explicit exclusions: new feature development.","[ReqID: R03] Given the implementation tasks are complete, when end-to-end validation is run, then both valid and invalid registration paths pass. | [ReqID: R03] Given the story is prepared for review, when evidence is collected, then test results, screenshots, and updated documentation are linked.",R03,Quality;Maintainability;Audit,2,P0,QA Lead,Sprint 1,Completed,PBI-031;PBI-040;PBI-041;PBI-042,Important: Original evidence covered the delivered slice. Final duplicate-path regression evidence and conflict-response verification are now expected under PBI-083 before story-level acceptance.
PBI-044,Task,"Do define role catalog model, constraints, and reference data","Action to be performed: define the platform role model, allowed attributes, and role constraints. Why it is needed: role assignment and access behavior depend on a stable role catalog. Expected output: reviewed role model and validation rules. Scope: role entity, uniqueness, role status, reference data. Explicit exclusions: assignment workflow.","[ReqID: R03] Given the role model is reviewed, when constraints are checked, then allowed role attributes and uniqueness rules are explicitly defined. | [ReqID: R03] Given downstream implementation depends on the model, when build starts, then the role contract is stable enough for API and UI tasks.",R03,Security;Compliance;Maintainability,2,P0,Platform Engineer,Sprint 1,Completed,PBI-032,"Important: Covers PBI-032 AC1 and AC2. Shared prerequisite for PBI-045 and PBI-046. Evidence: role model, validation rules."
PBI-045,Task,Do implement role management API and duplicate or invalid-role validation,"Action to be performed: build the backend role create and update logic with validation. Why it is needed: the role catalog must be maintainable and protected from invalid definitions. Expected output: working role-management service with validation. Scope: create and update service, duplicate prevention, invalid-role checks, persistence. Explicit exclusions: role UI.","[ReqID: R03] Given a valid role definition is submitted, when the service runs, then the role is stored or updated successfully. | [ReqID: R03] Given a duplicate or invalid definition is submitted, when validation runs, then the request is rejected with the correct error.",R03,Security;Compliance;Reliability,3,P0,Backend Engineer,Sprint 1,Completed,PBI-032;PBI-044,"Important: Covers PBI-032 AC1 and AC2. Downstream prerequisite for role assignment story. Evidence: API tests, negative cases."
PBI-046,Task,Do implement administrator role management UI and system feedback,"Action to be performed: build the administrator interface for creating and maintaining roles with clear feedback. Why it is needed: role maintenance must be usable and testable in Sprint 1. Expected output: working role-management screen and feedback behavior. Scope: role form, update screen, validation messages, status display. Explicit exclusions: authorization middleware.","[ReqID: R03] Given valid role data is entered, when the administrator saves it, then the UI shows success and the role is available for later assignment. | [ReqID: R03] Given invalid or duplicate role data is entered, when save is attempted, then the UI shows the appropriate validation or error message.",R03,Usability;Maintainability;Security,2,P0,Frontend Engineer,Sprint 3,Completed,PBI-032;PBI-044,"Important: Covers PBI-032 AC1 and AC2. Evidence: screenshots, UI tests. Blocked pending governed frontend runway resolution under PBI-079 and its approved follow-up items. When resumed, this task must consume the backend role-management contract and validation/error semantics delivered by PBI-045 rather than introducing ad hoc UI-side rules."
PBI-047,Task,"Do implement authorization boundaries, audit logging, and role status checks","Action to be performed: add permission checks, audit events, and active-inactive role handling to role management. Why it is needed: governance requires controlled and traceable role changes. Expected output: protected role-management actions and audit records. Scope: admin-only role maintenance, audit logging, inactive-role rules. Explicit exclusions: analytics.","[ReqID: R03] Given a non-admin attempts to create or update a role, when access is evaluated, then the operation is denied. | [ReqID: R03] Given an authorized role change is made, when the action completes, then an audit event is recorded and role status rules are enforced.",R03,Security;Compliance;Audit,2,P0,Security Engineer,Sprint 1,Completed,PBI-032;PBI-045,"Important: Covers PBI-032 AC1. Supports compliance and later role-assignment integrity. Evidence: access tests, log samples."
PBI-048,Task,"Do execute role-management testing, regression checks, documentation updates, and demo evidence","Action to be performed: validate role management end to end and prepare evidence and documentation. Why it is needed: story Done requires test proof, safe regression posture, and reviewable artifacts. Expected output: completed tests, updated docs, and demo material. Scope: functional tests, regression checks, docs, demo evidence. Explicit exclusions: new feature implementation.","[ReqID: R03] Given implementation tasks are complete, when end-to-end validation is run, then valid and invalid role-management paths pass. | [ReqID: R03] Given the story is reviewed, when evidence is attached, then test results, screenshots, and documentation updates are available.",R03,Quality;Maintainability;Audit,2,P0,QA Lead,,Completed,PBI-032;PBI-045;PBI-046;PBI-047,Important: Covers PBI-032 AC1 and AC2 plus DoD. Needed before PO acceptance.
PBI-049,Task,Do define user-to-organization and user-to-role assignment rules and preconditions,"Action to be performed: define the assignment model, allowed preconditions, and invalid scenarios for assigning roles to users. Why it is needed: role assignment depends on organization membership, user availability, and valid roles. Expected output: reviewed assignment rules and failure cases. Scope: preconditions, allowed transitions, duplicate rules, invalid scenarios. Explicit exclusions: endpoint implementation.","[ReqID: R03] Given the assignment rules are reviewed, when prerequisites are checked, then valid organization, user, and role preconditions are explicitly defined. | [ReqID: R03] Given invalid scenarios are analyzed, when the rule set is completed, then blocked cases and user feedback requirements are documented.",R03,Security;Compliance;Maintainability,2,P0,Business Analyst,Sprint 1,Completed,PBI-033;PBI-031;PBI-032,Important: Covers PBI-033 AC1 and AC2. Assumption: user identity entity already exists or is mockable for Sprint 1.
PBI-050,Task,"Do implement role assignment service for assign, change, and remove actions","Action to be performed: build backend logic for assigning, changing, and removing roles from member users. Why it is needed: the story requires executable role-to-user binding with rule enforcement. Expected output: working assignment service and validation behavior. Scope: assign, change, remove, membership validation, invalid-role handling. Explicit exclusions: admin screen.","[ReqID: R03] Given a valid user, organization, and role are supplied, when assignment is executed, then the system stores the assignment successfully. | [ReqID: R03] Given the user is invalid, not a member, or the role is invalid, when assignment is attempted, then the request is rejected with the correct error. | [ReqID: R03] Given assign, change, and remove actions are in scope, when implementation is complete, then each supported action has automated coverage for happy path and relevant negative paths.",R03,Security;Compliance;Reliability;Audit,3,P0,Backend Engineer,Sprint 2,Completed,PBI-033;PBI-049;PBI-040;PBI-045;PBI-084;PBI-085,"Important: partial progress is valid for create-assignment, duplicate active assignment prevention, invalid-role rejection, member-organization existence validation, and current passing tests. Remaining AC is blocked until identity and membership lookup capability exists."
PBI-051,Task,Do implement administrator role-assignment UI and operational feedback,"Action to be performed: build the administrator interface for assigning, changing, and removing user roles with clear feedback. Why it is needed: administrators need a usable workflow for controlled assignment. Expected output: working role-assignment screen with validation messages. Scope: assign-change-remove UI, feedback, member and role lookup. Explicit exclusions: authorization middleware.","[ReqID: R03] Given valid assignment inputs are entered, when the administrator submits the change, then the UI shows success and updated assignment state. | [ReqID: R03] Given invalid assignment inputs are entered, when submission is attempted, then the UI displays the reason the action is blocked.",R03,Usability;Maintainability;Security,2,P0,Frontend Engineer,Sprint 3,Completed,PBI-033;PBI-049;PBI-050,"Important: Covers PBI-033 AC1 and AC2. Evidence: screenshots, functional test cases. Blocked pending both governed frontend runway resolution under PBI-079 and backend completion of assignment-validation semantics currently blocked in PBI-050 and tracked through PBI-084 and PBI-085. When resumed, this task must consume real invalid-user, non-member, invalid-role, and duplicate-active-assignment responses from the backend."
PBI-052,Task,"Do implement permission checks, audit logging, and invalid-assignment prevention","Action to be performed: add access control, audit trails, and preventive checks for invalid role assignments. Why it is needed: assignment is governance-sensitive and must be restricted and traceable. Expected output: admin-only assignment actions with audit records and blocked invalid operations. Scope: permission checks, audit logs, invalid-assignment prevention. Explicit exclusions: reporting.","[ReqID: R03] Given an unauthorized user attempts to assign a role, when access is evaluated, then the action is denied. | [ReqID: R03] Given an invalid or duplicate assignment is attempted, when the system validates it, then the action is blocked and logged as appropriate.",R03,Security;Compliance;Audit,2,P0,Security Engineer,Sprint 2,Completed,PBI-033;PBI-050,"Important: Covers PBI-033 AC1 and AC2. Supports compliance evidence and regression safety. Evidence: log samples, negative tests."
PBI-053,Task,"Do execute role-assignment testing with seeded data, documentation updates, and demo evidence","Action to be performed: validate role assignment with realistic data and prepare documentation and evidence. Why it is needed: story Done depends on proof across happy and invalid paths. Expected output: seeded test dataset, results, docs, and demo-ready assignment flow. Scope: seeded data, functional tests, regression tests, docs, demo evidence. Explicit exclusions: new feature logic.","[ReqID: R03] Given seeded users, roles, and organizations exist, when role-assignment validation is executed, then valid and invalid scenarios pass as expected. | [ReqID: R03] Given the story is reviewed, when evidence is attached, then test results, screenshots, and updated documentation are available.",R03,Quality;Maintainability;Audit,2,P0,QA Lead,Sprint 2,Completed,PBI-033;PBI-050;PBI-051;PBI-052,Important: Covers PBI-033 AC1 and AC2 plus DoD. Requires test data setup visible in evidence.
PBI-054,Task,"Do define deactivation rules, protected-function list, and access-denial behavior","Action to be performed: define what deactivation means for member organizations and users, identify protected functions, and specify denial behavior. Why it is needed: access-blocking implementation fails without explicit rules and target surface. Expected output: reviewed deactivation policy and protected-function inventory. Scope: state rules, protected functions, denial messages, lifecycle effects. Explicit exclusions: code integration.","[ReqID: R03] Given deactivation scenarios are reviewed, when the rules are finalized, then the system behavior for active and inactive states is explicitly defined. | [ReqID: R03] Given protected functions are identified, when implementation starts, then the guarded API and UI targets are known.",R03,Security;Compliance;Maintainability,2,P0,Business Analyst,Sprint 2,Completed,PBI-034;PBI-031,Important: Covers PBI-034 AC1 and AC2. Hidden assumption to surface early: protected-function list must be agreed before build.
PBI-055,Task,Do implement member and user deactivation handling in access-control services,"Action to be performed: add deactivation-aware checks to backend access-control services. Why it is needed: inactive members must be prevented from using protected functions. Expected output: service logic that evaluates active or inactive state before allowing access. Scope: deactivation status checks, effective-access evaluation, service hooks. Explicit exclusions: UI guard implementation.","[ReqID: R03] Given a deactivated member or user attempts a protected action, when access is evaluated, then the service denies the action. | [ReqID: R03] Given an active member with valid access attempts a protected action, when access is evaluated, then the service permits the action to continue.",R03,Security;Compliance;Reliability,3,P0,Backend Engineer,Sprint 2 (Optional),Completed,PBI-034;PBI-054;PBI-050,Important: Covers PBI-034 AC1 and AC2. Depends on assignment service realism from PBI-050.
PBI-056,Task,Do integrate protected endpoints and UI guards with deactivation checks,"Action to be performed: wire deactivation checks into protected endpoints and user-interface guards with clear feedback. Why it is needed: enforcement must exist at actual interaction points, not only in isolated services. Expected output: guarded API routes and UI actions with denial messages. Scope: endpoint protection, UI guards, error feedback. Explicit exclusions: audit analytics.","[ReqID: R03] Given a deactivated member reaches a protected endpoint or action, when the request is made, then the system blocks it and displays the appropriate feedback. | [ReqID: R03] Given an active member uses the same protected function, when access is checked, then the action is allowed.",R03,Security;Reliability;Usability,2,P0,Frontend Engineer,Sprint 3,Completed,PBI-034;PBI-054;PBI-055,"Important: Covers PBI-034 AC1 and AC2. Integration work is often underestimated; keep endpoint/UI parity visible. Blocked pending governed frontend runway resolution under PBI-079 and backend completion of deactivation-aware access checks from PBI-055. When resumed, this task must align UI guards and protected-action feedback to the protected-function list and denial behavior defined in PBI-054 and enforced by PBI-055."
PBI-057,Task,"Do implement deactivation audit logging, regression safeguards for active members, and configuration controls","Action to be performed: add logging and safeguards around deactivation enforcement and any needed configuration control. Why it is needed: governance enforcement must be traceable and must not break valid active-user flows. Expected output: audit logs, regression coverage, and configuration notes. Scope: denial logs, active-member regression checks, configuration or feature toggle if needed. Explicit exclusions: reporting dashboards.","[ReqID: R03] Given a deactivated-access attempt occurs, when the action is denied, then an audit record is written. | [ReqID: R03] Given active-member scenarios are re-tested, when regression checks run, then valid active-user flows still pass.",R03,Security;Audit;Reliability,2,P0,Security Engineer,Sprint 2 (Optional),Completed,PBI-034;PBI-055,Important: Covers PBI-034 AC1 and AC2. Evidence should include both deny and allow logs.
PBI-058,Task,"Do execute access-control validation, documentation updates, and demo evidence for deactivated-member blocking","Action to be performed: validate access denial and allow paths, update docs, and collect demo evidence. Why it is needed: the story is not Done without demonstrable behavior and supporting artifacts. Expected output: completed validation and review package. Scope: end-to-end tests, regression checks, docs, demo evidence. Explicit exclusions: new logic development.","[ReqID: R03] Given implementation tasks are complete, when access-control validation is executed, then deactivated members are blocked and active members continue to work. | [ReqID: R03] Given the story is reviewed, when evidence is attached, then test results, screenshots, and log excerpts are available.",R03,Quality;Maintainability;Audit,2,P0,QA Lead,,Completed,PBI-034;PBI-055;PBI-056;PBI-057,Important: Covers PBI-034 AC1 and AC2 plus DoD. Demo should show both blocked and allowed flows.
PBI-059,Task,"Do define review-request schema, mandatory metadata, and initial workflow status rules","Action to be performed: define the data contract and initial state rules for Shariah review submissions. Why it is needed: submission, checklist, and later decision stories depend on a stable request structure. Expected output: reviewed review-request schema and Submitted-state rule. Scope: fields, required metadata, state rules, request-response contract. Explicit exclusions: UI and service implementation.","[ReqID: R20] Given the request model is reviewed, when the schema is finalized, then mandatory metadata and initial status are explicitly defined. | [ReqID: R20] Given downstream stories consume the request model, when implementation begins, then the contract is stable enough for API and UI work.",R20,Compliance;Audit;Maintainability,2,P0,Compliance Lead,Sprint 1,Completed,PBI-035,"Important: Covers PBI-035 AC1 and AC2. Shared prerequisite for PBI-060, PBI-061, and PBI-064."
PBI-060,Task,Do implement review-request API and service validation for submission,"Action to be performed: build backend submission logic for Shariah review requests with mandatory validation and Submitted-state transition. Why it is needed: the review workflow must start from a controlled service path. Expected output: working submission API and persistence behavior. Scope: endpoint, required-field validation, persistence, Submitted transition. Explicit exclusions: UI form.","[ReqID: R20] Given valid review-request data is submitted, when the service processes it, then the review item is stored with Submitted status. | [ReqID: R20] Given mandatory data is missing, when the service validates the request, then the submission is rejected with the correct error.",R20,Compliance;Security;Reliability,3,P0,Backend Engineer,Sprint 1,Completed,PBI-035;PBI-059,Important: Covers PBI-035 AC1 and AC2. Prerequisite for checklist story. Evidence: API tests and state-transition checks.
PBI-061,Task,Do implement coordinator submission UI and validation feedback for review requests,"Action to be performed: build the coordinator UI for submitting review items with clear field validation and success feedback. Why it is needed: compliance users need a usable workflow to start review. Expected output: working submission form and feedback behavior. Scope: form, validation feedback, success state, reference capture. Explicit exclusions: permission middleware.","[ReqID: R20] Given valid submission data is entered, when the coordinator submits the form, then the UI shows successful creation of the review item. | [ReqID: R20] Given mandatory data is missing, when submission is attempted, then the UI displays validation feedback.",R20,Usability;Compliance;Maintainability,2,P0,Frontend Engineer,Sprint 3,Completed,PBI-035;PBI-059,"Important: Covers PBI-035 AC1 and AC2. Evidence: screenshots, functional checks. Blocked pending governed frontend runway resolution under PBI-079 and its approved follow-up items. When resumed, this task must consume the backend review-submission contract from PBI-060 and reflect Submitted-state creation plus backend validation/error semantics without duplicating business rules in the UI."
PBI-062,Task,"Do implement request access control, audit logging, and reference or attachment handling","Action to be performed: add permission checks, audit logging, and handling for linked references or attachments on review submission. Why it is needed: governance requests are regulated records and must be traceable and access-controlled. Expected output: protected submission path with logs and managed references. Scope: coordinator permissions, create-event logging, reference handling. Explicit exclusions: external storage optimization.","[ReqID: R20] Given an unauthorized user attempts to submit a review request, when access is evaluated, then the request is denied. | [ReqID: R20] Given an authorized request is submitted, when it completes, then an audit record and linked reference metadata are stored.",R20,Compliance;Audit;Security,2,P0,Security Engineer,Sprint 1,Completed,PBI-035;PBI-060,Important: Covers PBI-035 AC1. Supports evidence and regulated-data handling.
PBI-063,Task,"Do execute review-submission validation, documentation updates, and demo evidence","Action to be performed: validate review submission end to end, update supporting docs, and collect evidence. Why it is needed: the story is not Done without proof and review artifacts. Expected output: test results, docs, and demo-ready submission flow. Scope: functional tests, regression checks, docs, screenshots, demo evidence. Explicit exclusions: new business logic.","[ReqID: R20] Given implementation tasks are complete, when end-to-end submission validation is executed, then valid and invalid request paths pass. | [ReqID: R20] Given the story is prepared for review, when evidence is attached, then test results, screenshots, and updated documentation are available.",R20,Quality;Maintainability;Audit,2,P0,QA Lead,,Completed,PBI-035;PBI-060;PBI-061;PBI-062,Important: Covers PBI-035 AC1 and AC2 plus DoD. Needed before story closure.
PBI-064,Task,"Do define checklist structure, mandatory entries, and completion rules","Action to be performed: define the Shariah review checklist model, required entries, and completion criteria. Why it is needed: checklist persistence, UI, and decisioning depend on stable review evidence rules. Expected output: reviewed checklist schema and completion logic. Scope: checklist items, required entries, completion rules, state implications. Explicit exclusions: final decision rules.","[ReqID: R20] Given the checklist model is reviewed, when completion rules are checked, then mandatory entries and completion criteria are explicitly defined. | [ReqID: R20] Given downstream decision work depends on checklist completion, when the model is finalized, then the completion-state behavior is clear enough to implement.",R20,Compliance;Audit;Maintainability,2,P0,Shariah Compliance Lead,Sprint 2,Completed,PBI-036;PBI-035;PBI-059,Important: Covers PBI-036 AC1 and AC2. Shared prerequisite for PBI-065 and PBI-069.
PBI-065,Task,Do implement reviewer checklist API and persistence of checklist outcomes,"Action to be performed: build backend logic for reviewers to save checklist completion results and comments. Why it is needed: the checklist outcome must be stored and validated before decisioning. Expected output: working checklist service with persistence and validation. Scope: create-update checklist outcome, required-entry validation, persistence. Explicit exclusions: decision outcome service.","[ReqID: R20] Given a submitted review item exists and required checklist entries are complete, when the reviewer saves the checklist, then the outcome and comments are stored. | [ReqID: R20] Given required checklist entries are missing, when the reviewer attempts to save completion, then the system rejects the action with validation errors.",R20,Compliance;Security;Reliability,3,P0,Backend Engineer,Sprint 2,Completed,PBI-036;PBI-064;PBI-060,Important: Covers PBI-036 AC1 and AC2. True prerequisite for decision story execution.
PBI-066,Task,Do implement reviewer checklist UI and incomplete-entry feedback,"Action to be performed: build the reviewer screen for checklist completion with validation feedback. Why it is needed: reviewers need a usable workflow to record checklist outcomes and handle missing entries. Expected output: working checklist screen and feedback behavior. Scope: checklist UI, comment fields, error messages, save flow. Explicit exclusions: final decision form.","[ReqID: R20] Given all required checklist entries are completed, when the reviewer saves the checklist, then the UI shows successful completion. | [ReqID: R20] Given mandatory entries are missing, when save is attempted, then the UI highlights the missing items and blocks completion.",R20,Usability;Compliance;Maintainability,2,P0,Frontend Engineer,Sprint 3,Completed,PBI-036;PBI-064;PBI-065,"Important: Covers PBI-036 AC1 and AC2. Depends on stable checklist contract. Blocked pending governed frontend runway resolution under PBI-079 and its approved follow-up items. When resumed, this task must consume checklist structure, mandatory-entry rules, and completion/error semantics from PBI-064 and PBI-065 rather than encoding checklist behavior independently in the UI."
PBI-067,Task,"Do implement checklist access control, audit logging, and state-transition guards","Action to be performed: add permissions, audit logging, and valid-state checks to checklist completion. Why it is needed: only the right reviewer in the right workflow state should complete the checklist. Expected output: protected and traceable checklist flow. Scope: reviewer permissions, audit logs, Submitted-to-reviewed guard rules. Explicit exclusions: dashboard reporting.","[ReqID: R20] Given an unauthorized user attempts checklist completion, when access is evaluated, then the action is denied. | [ReqID: R20] Given a review item is in the wrong state, when checklist completion is attempted, then the system blocks the transition and records the result appropriately.",R20,Compliance;Audit;Security,2,P0,Security Engineer,Sprint 2,Completed,PBI-036;PBI-065,Important: Covers PBI-036 AC1 and AC2. Evidence should show both authorization and invalid-state handling.
PBI-068,Task,"Do execute checklist validation, regression checks, documentation updates, and demo evidence","Action to be performed: validate checklist completion end to end, update guidance, and gather review evidence. Why it is needed: the story must prove checklist behavior before decisioning can be trusted. Expected output: validated checklist flow and updated docs. Scope: functional tests, regression tests, docs, screenshots, demo evidence. Explicit exclusions: new feature logic.","[ReqID: R20] Given implementation tasks are complete, when checklist validation runs, then valid and invalid completion paths pass. | [ReqID: R20] Given the story is prepared for acceptance, when evidence is attached, then tests, screenshots, and updated documentation are available.",R20,Quality;Maintainability;Audit,2,P0,QA Lead,,Completed,PBI-036;PBI-065;PBI-066;PBI-067,Important: Covers PBI-036 AC1 and AC2 plus DoD. Downstream consumer is PBI-037.
PBI-069,Task,"Do define decision states, rationale rules, and conditional-approval constraints","Action to be performed: define the formal governance decision model including approval, rejection, and conditional approval rules. Why it is needed: decision logic is high-risk and must be explicit before service and UI implementation. Expected output: reviewed state-transition matrix and field rules. Scope: decision states, mandatory rationale, conditional fields, invalid transitions. Explicit exclusions: API and UI implementation.","[ReqID: R20] Given decision outcomes are reviewed, when the decision model is finalized, then valid transitions and mandatory fields are explicitly defined. | [ReqID: R20] Given conditional approval is supported, when the rule set is checked, then condition-specific constraints are documented.",R20,Compliance;Audit;Maintainability,2,P0,Shariah Compliance Lead,Sprint 2,Completed,PBI-037;PBI-036;PBI-064,Important: Covers PBI-037 AC1 and AC2. High-risk rules task; decompose early to prevent rework.
PBI-070,Task,"Do implement decision API and service logic for approve, reject, and conditional approve","Action to be performed: build backend decision logic for reviewers to record governance outcomes. Why it is needed: the review workflow must end in a formal, validated decision. Expected output: working decision service with transition validation and persistence. Scope: approve, reject, conditional approve, rationale/condition validation, state updates. Explicit exclusions: decision UI.","[ReqID: R20] Given a completed review checklist exists and a valid decision is submitted, when the service processes it, then the review item transitions to the correct decision state. | [ReqID: R20] Given the decision is invalid or the item is not ready for decision, when processing is attempted, then the service blocks the action and returns the correct error.",R20,Compliance;Security;Reliability;Audit,3,P0,Backend Engineer,Sprint 2,Completed,PBI-037;PBI-069;PBI-065,Important: Covers PBI-037 AC1 and AC2. Downstream prerequisite for status-history story.
PBI-071,Task,Do implement reviewer decision UI and status feedback,"Action to be performed: build the reviewer interface for approval, rejection, and conditional approval with proper feedback. Why it is needed: reviewers need a usable decision workflow that exposes required rationale or conditions. Expected output: working decision form and status feedback. Scope: decision UI, rationale fields, conditional fields, save feedback. Explicit exclusions: analytics.","[ReqID: R20] Given a valid decision and required fields are entered, when the reviewer saves the decision, then the UI shows the updated decision state. | [ReqID: R20] Given required rationale or condition data is missing, when save is attempted, then the UI blocks the action and highlights the issue.",R20,Usability;Compliance;Maintainability,2,P0,Frontend Engineer,Sprint 3,Completed,PBI-037;PBI-069;PBI-070,"Important: Covers PBI-037 AC1 and AC2. Requires stable decision contract from PBI-070. Blocked pending governed frontend runway resolution under PBI-079 and its approved follow-up items. When resumed, this task must consume backend decision-state, rationale, and conditional-approval semantics from PBI-069 and PBI-070 and must not invent alternate UI-only decision rules."
PBI-072,Task,"Do implement decision access control, audit logging, and invalid-state prevention","Action to be performed: add authorization, audit trails, and invalid-state prevention for governance decisions. Why it is needed: decision capture is sensitive and must be traceable and protected. Expected output: protected decision path with audit records and state guards. Scope: reviewer permission checks, decision-event logs, invalid-state blocking. Explicit exclusions: reporting.","[ReqID: R20] Given an unauthorized user attempts to record a decision, when access is evaluated, then the action is denied. | [ReqID: R20] Given a decision is attempted from an invalid workflow state, when the system checks it, then the action is blocked and the event is logged as appropriate.",R20,Compliance;Audit;Security,2,P0,Security Engineer,Sprint 2,Completed,PBI-037;PBI-070,Important: Covers PBI-037 AC1 and AC2. Evidence should include invalid-state protection.
PBI-073,Task,"Do execute decision-flow validation, documentation updates, and demo evidence","Action to be performed: validate approve, reject, and conditional-approve flows end to end and prepare evidence. Why it is needed: the story is not Done until all decision variants are proven and documented. Expected output: completed tests, updated docs, and demo material. Scope: multi-path functional tests, regression checks, docs, screenshots, demo evidence. Explicit exclusions: new feature logic.","[ReqID: R20] Given decision implementation is complete, when end-to-end validation runs, then approve, reject, and conditional-approve flows behave as expected. | [ReqID: R20] Given the story is reviewed, when evidence is attached, then test results, screenshots, and updated documentation are available.",R20,Quality;Maintainability;Audit,2,P0,QA Lead,,Completed,PBI-037;PBI-070;PBI-071;PBI-072,Important: Covers PBI-037 AC1 and AC2 plus DoD. Should include evidence for all three decision outcomes.
PBI-074,Task,Do define status-history query model and review progression data contract,"Action to be performed: define how current status and review history will be queried and presented. Why it is needed: the view story depends on stable read models and history mapping rules. Expected output: reviewed query contract and progression model. Scope: current-status derivation, action history model, response shape. Explicit exclusions: UI rendering.","[ReqID: R20] Given review progression data is analyzed, when the query model is finalized, then the current-status and prior-action structures are explicitly defined. | [ReqID: R20] Given incomplete or intermediate histories exist, when mapping rules are checked, then the response behavior for those states is documented.",R20,Maintainability;Audit;Usability,2,P1,Business Analyst,Sprint 2,Completed,PBI-038;PBI-037;PBI-069,Important: Covers PBI-038 AC1 and AC2. Shared contract for API and UI work.
PBI-075,Task,Do implement status-history API and current-status query service,"Action to be performed: build backend read logic for current approval status and prior review history. Why it is needed: the coordinator needs a reliable source of workflow transparency. Expected output: working query service returning current state and history. Scope: read endpoint, history retrieval, current-status derivation, intermediate-state support. Explicit exclusions: UI layer.","[ReqID: R20] Given a review item exists, when the query service is called, then the current status and prior review actions are returned in the expected structure. | [ReqID: R20] Given no final decision exists yet, when the query runs, then the service still returns the submitted and in-progress states without error.",R20,Reliability;Audit;Maintainability,3,P1,Backend Engineer,Sprint 2,Completed,PBI-038;PBI-074;PBI-070,Important: Covers PBI-038 AC1 and AC2. Depends on real decision data from PBI-070.
PBI-076,Task,Do implement coordinator status-history UI and empty or intermediate-state handling,"Action to be performed: build the coordinator view for current status and decision history, including incomplete-history cases. Why it is needed: transparency requires a usable interface, not only an API. Expected output: working status-history screen with safe handling for empty or intermediate states. Scope: current status display, history timeline or list, no-decision-yet state, decision summary. Explicit exclusions: export feature.","[ReqID: R20] Given a review item with history exists, when the coordinator opens the screen, then the current status and prior actions are displayed clearly. | [ReqID: R20] Given no final decision exists yet, when the coordinator opens the screen, then the UI shows the available progress states without errors.",R20,Usability;Maintainability;Security,2,P1,Frontend Engineer,Sprint 3,Completed,PBI-038;PBI-074;PBI-075,"Important: Covers PBI-038 AC1 and AC2. Must explicitly handle empty and intermediate histories. Blocked pending governed frontend runway resolution under PBI-079 and its approved follow-up items. When resumed, this task must consume the status-history query and intermediate-state semantics from PBI-074 and PBI-075 so the UI reflects real backend progression states rather than assumed timeline behavior."
PBI-077,Task,"Do implement view permissions, audit read logging, and response hardening for history access","Action to be performed: add permissions, read-audit logging, and safe response handling for status-history access. Why it is needed: governance history is sensitive and must be read only by authorized roles. Expected output: protected read path with logging and safe handling of incomplete data. Scope: permission checks, read-event logs, safe response rules. Explicit exclusions: analytics dashboard.","[ReqID: R20] Given an unauthorized user attempts to view review history, when access is evaluated, then the request is denied. | [ReqID: R20] Given an authorized user views the history, when the response is returned, then read access is logged and incomplete histories are handled safely.",R20,Compliance;Audit;Security,2,P1,Security Engineer,,Completed,PBI-038;PBI-075,Important: Covers PBI-038 AC1 and AC2. Read logging matters for governance evidence.
PBI-078,Task,"Do execute status-history validation, regression checks, documentation updates, and demo evidence","Action to be performed: validate the status-history flow, update guidance, and collect review evidence. Why it is needed: the story is not Done without functional proof, docs, and demo material. Expected output: completed validation and acceptance package. Scope: functional tests, regression checks, docs, screenshots, demo evidence. Explicit exclusions: new feature logic.","[ReqID: R20] Given the implementation tasks are complete, when status-history validation runs, then current status and history display work for complete and incomplete review items. | [ReqID: R20] Given the story is reviewed, when evidence is attached, then test results, screenshots, and updated documentation are available.",R20,Quality;Maintainability;Audit,2,P1,QA Lead,,Completed,PBI-038;PBI-075;PBI-076;PBI-077,Important: Covers PBI-038 AC1 and AC2 plus DoD. Demo should show both intermediate and final decision histories.
PBI-079,Spike,Investigate governed frontend runway for repository-aligned UI work,"Unknown / problem statement: the repository currently provides backend execution runway but no governed frontend execution boundary for Sprint UI work. Why a decision is needed now: PBI-041 cannot proceed safely without an approved frontend boundary, toolchain decision, and contract-consumer pattern. Investigation scope: frontend location, build/run/test commands, boundary ownership, contract-consumer rule, auth/session assumption, and minimum documentation updates. Explicit exclusions: no production-ready member onboarding form implementation. Approach: inspect current repo constraints, evaluate minimum frontend boundary options, and produce a documented recommendation.","[ReqID: R03] Given the spike timebox ends, when findings are reviewed, then a documented recommendation exists for whether frontend work proceeds now or remains deferred. | [ReqID: R03] Given a frontend boundary is recommended, when the spike closes, then minimum folder structure, commands, contract-consumer approach, and documentation impact are explicitly defined. | [ReqID: R03] Given PBI-041 depends on the outcome, when the spike closes, then follow-up backlog items and dependencies are identified.",R03,Maintainability;Reliability;Architecture,3,P0,Platform Engineer,Sprint 3,Completed,PBI-041,"Timebox: 2-3 calendar days. Exit Criteria: approved recommendation, minimum frontend boundary decision, run/build/test command decision, contract-consumer rule, follow-up PBIs. Important: This item exists to resolve the blocker before any resumed frontend delivery."
PBI-080,Enabler,Enable governed frontend application boundary for future Sprint UI work,"Capability to be created or improved: establish a minimal governed frontend execution boundary inside the repository for future UI delivery. Why it is needed: frontend work should not proceed through ad hoc files or disconnected mock screens. Which future PBIs it enables: PBI-041 and later UI tasks under membership and shariah-review flows. Technical scope: frontend entry point, page shell, package scripts, build/run/test commands, minimal shared structure, and repo-aligned folder conventions. Explicit exclusions: completed member onboarding form behavior and advanced auth/session implementation.","[ReqID: R03] Given the approved runway decision exists, when the frontend boundary is created, then the repository contains a working frontend entry point and consistent local run/build/test flow. | [ReqID: R03] Given future UI tasks start, when contributors implement frontend work, then they do so inside the governed boundary rather than inventing a new structure. | [ReqID: R03] Given the boundary is reviewed, when the enabler is checked, then the scaffold and commands are documented and repeatable.",R03,Maintainability;Reliability;Architecture,3,P0,Frontend Engineer,Sprint 3,Completed,PBI-079,"Important: Shared enablement item, not a child-only implementation detail of PBI-041. Evidence should include successful run/build output and scaffold tree."
PBI-081,Task,Do define contract-consumer pattern and member onboarding page shell for future UI work,"Action to be performed: define and implement the minimal frontend contract-consumer pattern and initial member onboarding page shell aligned to the existing backend membership contract. Why it is needed: future form work should consume backend contracts through an agreed pattern rather than ad hoc fetch logic. Expected output: onboarding page shell wired to a typed request layer or equivalent contract-aware client seam. Scope: page shell, request abstraction, request/response typing, success/error handling seam, and backend-consumer alignment. Explicit exclusions: final registration form UX, advanced auth enforcement, and completed frontend validation flows.","[ReqID: R03] Given the frontend boundary exists, when the page shell is reviewed, then there is a defined and reusable path to call member-organization creation. | [ReqID: R03] Given the backend contract is consumed, when success and error responses are handled, then the shell reflects the backend response model without ad hoc request code. | [ReqID: R03] Given later form work resumes, when submission behavior is added, then it plugs into the agreed client pattern.",R03,Maintainability;Usability;Integration,2,P0,Frontend Engineer,Sprint 3,Completed,PBI-079;PBI-080;PBI-039;PBI-040,Important: Direct unblocker for future PBI-041 resumption. Success-state design must align to backend-created organization lifecycle and not imply unsupported immediate activation.
PBI-082,Task,Do align architecture and coding guidance for governed frontend boundary,"Action to be performed: update repository architecture and coding guidance so future frontend work follows the same governed rules as the backend slice. Why it is needed: contributors should not rely on implicit chat memory or inconsistent local conventions for frontend implementation. Expected output: updated architecture, coding, and sprint execution guidance covering frontend boundary, folder rules, contract-first consumption, and test expectations. Scope: documentation alignment for the approved frontend boundary only. Explicit exclusions: broad SDLC rewrite and completed UI feature delivery.","[ReqID: R03] Given frontend runway is approved, when repository guidance is reviewed, then the frontend boundary and coding rules are explicit. | [ReqID: R03] Given future UI tasks are executed, when contributors implement frontend work, then documented conventions exist for structure, contract consumption, and test expectations.",R03,Maintainability;Compliance;Architecture,1,P0,Platform Engineer,Sprint 3,Completed,PBI-079,"Important: Update architecture guidance, coding rules, and sprint execution notes together so the repository does not contain conflicting delivery instructions."
PBI-083,Bug,Fix duplicate member organization creation by registrationNumber,"Observed behavior: the current member organization creation flow allows multiple organizations to be created with the same registrationNumber. Expected behavior: member organization creation must enforce uniqueness on registrationNumber and reject duplicate creation attempts with the correct conflict response. Business or technical impact: duplicate organization records create data-integrity risk, break expected onboarding behavior, and misalign downstream frontend and operational assumptions. Affected users or environments: backend membership creation flow in current development and any environment using the implemented repository path. Reproduction steps: create a member organization with a valid registrationNumber, then submit another create request with the same registrationNumber and observe that the second organization is still created.","[ReqID: R03] Given a member organization with the same registrationNumber already exists, when creation is attempted again, then the backend rejects the request with the correct conflict response. | [ReqID: R03] Given a unique registrationNumber is submitted, when creation is attempted, then the organization is still created successfully without breaking current validation and audit behavior. | [ReqID: R03] Given duplicate rejection is triggered, when automated tests run, then application and API coverage prove the duplicate path is blocked and current successful creation behavior still passes.",R03,Reliability;Security;Maintainability;Audit,2,P0,Backend Engineer,Sprint 2,Completed,PBI-031;PBI-040;PBI-043,"Important: This is a defect against the expected uniqueness behavior in the member organization creation slice, not new scope. Evidence: repository or application tests for duplicate detection, route or API tests for conflict response, sample duplicate request and response, API contract note update if conflict semantics are documented. Recommendation: do not mark PBI-031 fully Accepted/Done until this bug is resolved."
PBI-084,Spike,Investigate identity and organization-membership source of truth for role assignment validation,"Unknown / problem statement: PBI-050 cannot safely implement invalid-user and non-member rejection because no backend source of truth is established for user existence lookup or user-to-organization membership lookup. Why a decision is needed now: role assignment implementation is blocked and downstream deactivation/access work depends on realistic assignment validation. Investigation scope: ownership of user lookup, ownership of user-to-organization membership lookup, minimal backend ports/interfaces, assignment multiplicity implications, and contract/doc updates needed across architecture, API, and state-model files. Explicit exclusions: no placeholder validation logic and no completion of PBI-050 business behavior in this Spike. Approach: architecture review, contract proposal, ownership decision, and follow-up implementation breakdown.","[ReqID: R03] Given a userId, when the Spike concludes, then the approved backend source-of-truth boundary for determining whether that user exists is documented. | [ReqID: R03] Given a userId and organizationId, when the Spike concludes, then the approved backend source-of-truth boundary for determining whether that user belongs to that organization is documented. | [ReqID: R03] Given role assignment depends on these lookups, when the Spike concludes, then follow-up implementation PBIs and required doc updates are explicitly identified. | [ReqID: R03] Given ownership is currently unclear, when the Spike concludes, then the correct module or service boundary is assigned explicitly.",R03,Architecture;Maintainability;Integration;Reliability,3,P0,Platform Engineer,Sprint 2,Completed,PBI-050,"Timebox: 2-3 calendar days. Exit Criteria: ownership decision, lookup contract proposal, multiplicity-impact note, and explicit follow-up PBIs. Important: resolves blocker without permitting placeholder logic."
PBI-085,Enabler,Enable identity and organization-membership lookup ports for role assignment validation,"Capability to be created or improved: implement the minimal backend lookup capability required so role assignment can validate user existence and user-to-organization membership through approved ports/adapters. Why it is needed: PBI-050 cannot complete its remaining acceptance criteria with contract definitions alone; it needs executable lookup boundaries. Which future PBIs it enables: PBI-050 completion, PBI-052 hardening, PBI-055 deactivation-aware access checks, and later protected-action enforcement. Technical scope: application ports, infrastructure adapters or repository seams, integration points for user existence lookup and organization membership lookup, and test seams for assignment validation. Explicit exclusions: UI behavior, final identity lifecycle design, and broader auth/provider implementation beyond the approved minimum contract.","[ReqID: R03] Given the approved lookup contracts exist, when the identity lookup port is invoked, then the backend can determine whether the referenced user exists. | [ReqID: R03] Given the approved lookup contracts exist, when the membership lookup port is invoked with userId and organizationId, then the backend can determine whether that user belongs to that organization. | [ReqID: R03] Given PBI-050 resumes, when assignment validation runs, then invalid-user and non-member rejection can be implemented without placeholder logic. | [ReqID: R03] Given these lookup capabilities are added, when tests execute, then the ports/adapters are covered by automated tests and are safe for assignment-service integration.",R03,Maintainability;Integration;Reliability;Security,3,P0,Backend Engineer,Sprint 2,Completed,PBI-084,"Important: this is the executable unblocker after the Spike. Evidence: port definitions, adapter tests, integration evidence, and updated API/state-model notes if behavior becomes explicit."
PBI-086,Spike,Investigate authenticated actor source of truth for protected backend actions,"Unknown / problem statement: protected backend actions currently rely on client-supplied actor headers, while the durable architecture intent assumes trusted auth-derived actor context. Why a decision is needed now: authorization hardening, audit integrity, and future frontend/API integration depend on a stable actor boundary. Investigation scope: trusted actor source, request-context ownership, plugin or middleware boundary, transition away from x-actor-* scaffolding, and impact on protected routes and audits. Explicit exclusions: no production auth provider rollout in this Spike. Approach: architecture review, request-context proposal, route-consumption pattern, and migration recommendation.","[ReqID: R03;R20;R22] Given the Spike concludes, when the recommendation is reviewed, then the approved source of truth for authenticated actor context is explicitly documented. | [ReqID: R03;R20;R22] Given protected routes consume actor data, when the Spike closes, then the middleware or plugin boundary and route access pattern are defined. | [ReqID: R03;R20;R22] Given downstream hardening work depends on this decision, when the Spike closes, then follow-up PBIs and migration implications are identified.",R03;R20;R22,Security;Audit;Architecture;Maintainability,3,P0,Platform Engineer,Sprint 2,Completed,None,"Important: Durable docs now state the intended baseline more explicitly: protected writes must use server-derived authenticated actor context and not client-authored identity input. This Spike should now focus on inventorying actual current route usage, confirming the trusted request-context boundary, and defining the migration path from any temporary header-based behavior."
PBI-087,Enabler,Enable auth-derived request actor context for protected routes and audits,"Capability to be created or improved: provide a shared backend mechanism that populates trusted actor context for protected route handlers and audit emitters. Why it is needed: protected actions should not rely on spoofable client-supplied actor headers once the actor boundary is approved. Which future PBIs it enables: PBI-088, PBI-091, PBI-096, stronger deactivation enforcement, and future frontend integration. Technical scope: middleware or plugin, request actor context shape, route-consumption pattern, and automated coverage. Explicit exclusions: full external identity-provider rollout and final UI auth flows.","[ReqID: R03;R20;R22] Given the approved actor-boundary decision exists, when the shared request-context mechanism is implemented, then protected routes can read trusted actor context from the request lifecycle. | [ReqID: R03;R20;R22] Given audit behavior depends on actor attribution, when protected actions execute, then audit emitters can consume the same trusted actor context. | [ReqID: R03;R20;R22] Given the enabler is completed, when automated tests run, then the actor-context path is covered and route handlers no longer depend on raw x-actor-* headers for trusted decisions.",R03;R20;R22,Security;Audit;Integration;Maintainability,5,P0,Backend Engineer,Sprint 2,Completed,PBI-086,Important: Durable docs now define the interim contract expectation clearly enough to implement this without re-debating public semantics. This item should execute against the documented server-derived actor baseline and produce the reusable request-context boundary that later Wave 4 tasks consume.
PBI-088,Task,Do tighten Shariah review submission authorization to coordinator-only or policy-based permission,"Action to be performed: replace the current broad any-active-assignment submission rule with the approved protected-action authorization rule for Shariah review submission. Why it is needed: current behavior is weaker than business intent and may allow unrelated assigned actors to submit review requests. Expected output: explicit review-submission authorization rule enforced in code, covered by tests, and aligned with durable docs. Scope: route/service authorization check, negative and positive tests, and doc alignment. Explicit exclusions: broader auth-provider rollout.","[ReqID: R20] Given an actor lacks the approved permission for review submission, when submission is attempted, then the backend rejects the request with the correct forbidden response. | [ReqID: R20] Given an actor satisfies the approved coordinator-only or policy-based rule, when submission is attempted, then the backend still creates the review request successfully. | [ReqID: R20] Given the authorization rule is tightened, when tests and docs are reviewed, then the protected-action behavior is covered and documented consistently.",R20,Security;Compliance;Audit,3,P0,Backend Engineer,Sprint 2,Completed,PBI-062;PBI-086;PBI-087,"Important: Durable docs now already fix one major ambiguity: submitter identity is server-derived, not client-authored. This item should focus only on tightening permission semantics for who may submit, not on re-opening actor-source contract design."
PBI-089,Enabler,Enable standardized API error envelope across schema and application validation failures,"Capability to be created or improved: provide one consistent error-envelope contract for route schema failures and application validation failures. Why it is needed: inconsistent error shapes complicate frontend/API consumption and create route-specific handling. Which future PBIs it enables: resumed frontend tasks, API docs cleanup, and more predictable integration testing. Technical scope: shared error-envelope contract, route-level mapping pattern, validation-failure handling, and automated coverage. Explicit exclusions: localized frontend error-message UX.","[ReqID: R03;R20] Given a schema-validation failure occurs, when the response is returned, then it follows the approved common error-envelope structure. | [ReqID: R03;R20] Given an application-validation failure occurs, when the response is returned, then it uses the same envelope family with route-independent semantics. | [ReqID: R03;R20] Given the enabler is implemented, when API tests run, then both schema and application failures are covered under one documented response model.",R03;R20,Reliability;Maintainability;Integration;Usability,5,P1,Platform Engineer,Sprint 2 (Optional),Completed,None,Important: unlocks cleaner frontend consumption and reduces route-specific error-handling drift.
PBI-090,Spike,Investigate audit policy for denied protected actions,"Unknown / problem statement: audit behavior for forbidden, invalid, and denied protected actions is inconsistent across current modules. Why a decision is needed now: compliance evidence, deactivation enforcement, and route-hardening tasks need one explicit policy. Investigation scope: success, forbidden, invalid, conflict, and not-found behavior for protected routes; minimum audit payload; and policy ownership. Explicit exclusions: no broad refactor of all route code in this Spike. Approach: review implemented audit patterns, compare them against durable guidance, and produce an approved policy.","[ReqID: R22;R03;R20] Given the Spike concludes, when the policy is reviewed, then audit behavior for success and denied protected actions is explicitly defined. | [ReqID: R22;R03;R20] Given protected actions share compliance needs, when the Spike closes, then the minimum audit payload and route-application rule are documented. | [ReqID: R22;R03;R20] Given later implementation depends on the decision, when the Spike closes, then concrete follow-up PBIs and affected modules are identified.",R22;R03;R20,Audit;Compliance;Architecture;Security,3,P1,Security Engineer,Sprint 2,Completed,None,"Important: Durable docs now include an interim audit baseline, so this Spike no longer starts from a blank page. Its purpose is to settle denied-action coverage, event-catalog boundaries, and route-application consistency before broad route hardening continues."
PBI-091,Enabler,Enable uniform audit policy enforcement across protected routes,"Capability to be created or improved: implement the approved audit policy consistently across protected route paths. Why it is needed: current modules apply audit behavior inconsistently, especially for denied or invalid protected attempts. Which future PBIs it enables: compliance evidence, deactivation wave, authorization hardening, and reviewable security behavior. Technical scope: shared route pattern or helper updates, audit invocation alignment, route-level tests, and module consistency updates. Explicit exclusions: external SIEM integration and analytics dashboards.","[ReqID: R22;R03;R20] Given the approved audit policy exists, when protected routes are executed, then success and denied outcomes are audited according to the same rule set. | [ReqID: R22;R03;R20] Given modules currently differ, when the enabler is completed, then affected protected routes follow the approved audit pattern consistently. | [ReqID: R22;R03;R20] Given the changes are implemented, when automated tests run, then audit behavior is covered for relevant positive and denied paths.",R22;R03;R20,Audit;Compliance;Maintainability;Security,5,P1,Backend Engineer,Sprint 2,Completed,PBI-086;PBI-087;PBI-090,Important: Durable docs now provide a minimum audit baseline and actor-source expectation. This item should implement uniform route behavior on top of that baseline rather than inventing per-route audit semantics during execution.
PBI-092,Enabler,"Enable CI workflow for install, test, and build enforcement","Capability to be created or improved: add repository-native CI enforcement for install, test, and build execution. Why it is needed: passing locally is not an enforceable quality gate and Sprint 1 execution exposed that risk. Which future PBIs it enables: all backend follow-up work and safer multi-contributor execution. Technical scope: CI workflow, install/test/build steps, failure visibility, and repository integration. Explicit exclusions: deployment automation and environment promotion.","[ReqID: R25;R26] Given a change is pushed or proposed, when CI runs, then install, test, and build steps execute automatically. | [ReqID: R25;R26] Given a quality gate fails, when CI completes, then the workflow reports the failure and blocks silent green assumptions. | [ReqID: R25;R26] Given the enabler is reviewed, when the pipeline definition is checked, then the repository has a repeatable CI baseline for future PBIs.",R25;R26,Reliability;Maintainability;Operability,3,P1,DevOps Engineer,Sprint 2,Completed,None,Important: establishes a baseline enforcement gate for Sprint 2 and beyond.
PBI-093,Task,Do replace explicit-file test script with safe automatic test discovery,"Action to be performed: replace the fragile explicit file-list test execution pattern with a safe discovery approach that reliably includes new tests. Why it is needed: Sprint 1 exposed a structural risk where added tests may not run if the script is not updated. Expected output: npm test executes all intended project tests without manual file enumeration. Scope: test command update, discovery pattern, verification of included tests, and script documentation. Explicit exclusions: changing the chosen test runner unless necessary.","[ReqID: R26] Given new tests are added to the project, when npm test is executed, then the test suite discovers and runs them without manual script edits. | [ReqID: R26] Given the test command is updated, when validation is performed, then previously covered tests still run and the omission risk is removed. | [ReqID: R26] Given the task is completed, when contributors review the project scripts, then the discovery model is documented and usable.",R26,Reliability;Maintainability;Testability,2,P1,Platform Engineer,Sprint 2,Completed,None,Important: addresses Sprint 1 test-discovery fragility directly and should be aligned with PBI-092.
PBI-094,Task,Do refresh durable context docs to match implemented backend behavior and approved temporary scaffolding,"Action to be performed: update durable context docs so they reflect implemented backend behavior, explicit temporary scaffolding, and approved Sprint 2 architecture decisions. Why it is needed: current docs are useful but behind the code in actor identity, authorization semantics, audit behavior, and some sprint-execution assumptions. Expected output: updated API contracts, architecture notes, coding rules, sprint execution notes, and state-model text where applicable. Scope: documentation refresh for implemented backend behavior and approved temporary or final boundaries. Explicit exclusions: broad SDLC rewrite.","[ReqID: R03;R20;R22] Given Sprint 2 architecture decisions are approved, when the durable docs are refreshed, then current backend behavior and temporary scaffolding are documented accurately. | [ReqID: R03;R20;R22] Given contributors plan future PBIs, when they read the durable docs, then they do not rely on stale assumptions for actor identity, authorization, audit, or review-submission behavior.",R03;R20;R22,Maintainability;Compliance;Documentation,2,P1,Platform Engineer,Sprint 2,Completed,PBI-086;PBI-090,"Important: Wave 3.5 focused doc-hardening pass applied before Wave 4. Durable docs now explicitly capture server-derived actor context for protected writes, Shariah submission actor handling, interim audit baseline, and current protected-action assumptions. Keep this item open until repo review/acceptance confirms the docs are the active source of truth."
PBI-095,Spike,Investigate protected-function matrix and deactivation policy boundary,"Unknown / problem statement: the deactivation wave remains blocked because the project still lacks an approved protected-function matrix and final deactivation policy semantics. Why a decision is needed now: PBI-054 through PBI-058 can otherwise inherit the same deadlock seen in assignment validation. Investigation scope: list of protected functions, deactivation effects on organizations and users, allow/deny semantics, and audit implications. Explicit exclusions: no full deactivation implementation in this Spike. Approach: analyze current protected routes and planned flows, define a protected-function matrix, and identify follow-up implementation work.","[ReqID: R03;R22] Given the Spike concludes, when the protected-function matrix is reviewed, then the set of protected actions and their deactivation behavior is explicitly defined. | [ReqID: R03;R22] Given deactivation has audit implications, when the Spike closes, then the relationship between deny behavior and audit policy is documented. | [ReqID: R03;R22] Given blocked deactivation tasks depend on this definition, when the Spike closes, then implementation follow-ups for the deactivation wave are identified.",R03;R22,Security;Audit;Architecture;Maintainability,3,P1,Security Engineer,Sprint 2,Completed,PBI-086;PBI-090,Timebox: 2-3 calendar days. Important: prerequisite governance work for resuming the deactivation wave.
PBI-096,Task,Do harden role-assignment creation authorization,"Action to be performed: define and implement explicit authorization on the role-assignment creation route using the approved actor boundary and assignment-validation prerequisites. Why it is needed: assignment creation behavior exists, but governance over who may create assignments is underdefined relative to security expectations. Expected output: protected assignment-creation authorization, negative and positive tests, and docs alignment. Scope: assignment-create authorization rule, route/service enforcement, automated coverage, and note updates. Explicit exclusions: broader UI work and full deactivation implementation.","[ReqID: R03;R22] Given an actor lacks the approved permission to create assignments, when assignment creation is attempted, then the backend rejects the request with the correct forbidden response. | [ReqID: R03;R22] Given an actor satisfies the approved authorization rule and assignment validation passes, when creation is attempted, then the backend still creates the assignment successfully. | [ReqID: R03;R22] Given the authorization is hardened, when tests and docs are reviewed, then the protected route behavior is covered and aligned.",R03;R22,Security;Compliance;Audit,3,P0,Backend Engineer,Sprint 2,Completed,PBI-086;PBI-087;PBI-084;PBI-085;PBI-050,"Important: Durable docs now clarify that trusted actor identity must be server-derived for protected actions. This item should therefore focus on assignment-create permission rules and backend enforcement, not on inventing temporary actor semantics."
PBI-097,Task,"Do reconcile Sprint 1 backlog statuses, evidence, and dependency notes with implemented repository state","Action to be performed: update backlog records for Sprint 1 implemented PBIs so statuses, dependency notes, blocker notes, and evidence references match the repository state. Why it is needed: planning is already being distorted by status drift and partial-completion ambiguity. Expected output: corrected backlog records for implemented Sprint 1 PBIs and explicit carry-over/blocker notes where needed. Scope: PBI-039 through PBI-062 status review, note reconciliation, evidence-note cleanup, and carry-over clarity. Explicit exclusions: net-new feature implementation.","[ReqID: R03;R20] Given Sprint 1 implementation evidence exists, when the backlog is reconciled, then statuses and dependency notes reflect the latest repository reality. | [ReqID: R03;R20] Given partial or blocked completion exists, when the review is completed, then blocker notes and carry-over intent are explicit enough for Sprint 2 planning.",R03;R20,Audit;Maintainability;Documentation,2,P1,Scrum Master,Sprint 2,Completed,None,Important: governance-cleanup task so Sprint 2 planning is based on the latest backlog rather than stale Sprint 1 assumptions.
PBI-098,Task,Do analyze current assignment-validation gap and unresolved flags,"Action to be performed: inspect the current role-assignment implementation, blocker note, and durable docs to isolate exactly which acceptance-criteria paths remain impossible and why. Why it is needed: the team must distinguish completed assignment behavior from work blocked by missing identity and membership source of truth. Expected output: reviewed gap note, explicit remaining behaviors, and constraint list for lookup ownership work. Scope: code-path review, blocker reconciliation, gap note, and dependency map. Explicit exclusions: no new runtime validation logic.","[ReqID: R03] Given the current assignment implementation is reviewed, when the analysis is completed, then the remaining blocked behaviors are explicitly listed against the relevant acceptance criteria. | [ReqID: R03] Given the durable docs and backlog are compared, when the task concludes, then the unresolved flags and required prerequisite decisions are identified without placeholder assumptions.",R03,Maintainability;Architecture,1,P0,Platform Engineer,Sprint 2,Completed,PBI-084;PBI-050,"Important: first execution slice for the blocker spike. Evidence: gap note, dependency map, acceptance-criteria coverage note."
PBI-099,Task,Do map ownership candidates and lookup-boundary options for user identity and organization membership,"Action to be performed: evaluate where user-existence lookup and user-to-organization membership lookup should live in the backend architecture. Why it is needed: role assignment cannot safely resume until lookup ownership is explicit. Expected output: ownership options, proposed boundary, and trade-off note. Scope: boundary options, ownership candidates, adapter direction, and multiplicity impact note. Explicit exclusions: no production lookup implementation.","[ReqID: R03] Given the current architecture is reviewed, when boundary options are compared, then the preferred owner for user lookup and organization-membership lookup is documented. | [ReqID: R03] Given assignment validation depends on these lookups, when the task concludes, then the selected option is justified well enough for implementation follow-up.",R03,Architecture;Maintainability;Integration,1,P0,Platform Engineer,Sprint 2,Completed,PBI-084;PBI-098,"Important: use durable docs as source of truth, not code-only drift. Evidence: boundary options matrix and recommendation."
PBI-100,Task,Do produce approved identity and membership lookup contract proposal and follow-up mapping,"Action to be performed: draft the minimal application-level contracts for user existence lookup and organization-membership lookup and map the exact implementation follow-ups needed. Why it is needed: PBI-085 cannot start cleanly without an approved contract. Expected output: contract proposal, method semantics, ownership note, and follow-up mapping. Scope: interface definitions, expected outcomes, error semantics, and backlog mapping. Explicit exclusions: runtime adapter code.","[ReqID: R03] Given the ownership decision exists, when the contract proposal is finalized, then the lookup interfaces define how the backend determines whether a user exists and whether a user belongs to an organization. | [ReqID: R03] Given follow-up implementation depends on the proposal, when the task closes, then the implementation map and dependent backlog items are explicit.",R03,Architecture;Maintainability;Reliability,1,P0,Platform Engineer,Sprint 2,Completed,PBI-084;PBI-099,"Important: closes the Spike with an executable contract, not just discussion. Evidence: contract diff, follow-up mapping, ownership note."
PBI-101,Task,Do implement application lookup ports for user existence and organization membership,"Action to be performed: add the application-layer ports required to ask whether a user exists and whether a user belongs to an organization. Why it is needed: assignment validation needs executable lookup seams, not only conceptual ownership. Expected output: application interfaces and service-level usage seam. Scope: port definitions, result shapes, and integration seam for role-assignment validation. Explicit exclusions: final infrastructure adapters.","[ReqID: R03] Given the approved lookup contract exists, when the ports are implemented, then the application layer exposes a stable seam for user existence lookup and organization-membership lookup. | [ReqID: R03] Given downstream services consume the ports, when compilation and tests run, then the interfaces are usable without placeholder logic in the assignment service.",R03,Maintainability;Integration;Reliability,2,P0,Backend Engineer,Sprint 2,Completed,PBI-085;PBI-100,Important: first executable slice of the unblocker enabler. Evidence: interface diff and compile-safe consumption seam.
PBI-102,Task,Do implement initial lookup adapters or test seams for identity and organization membership,"Action to be performed: add the initial infrastructure adapters or in-memory test seams that satisfy the new lookup ports. Why it is needed: the assignment service cannot be resumed or tested without executable implementations behind the ports. Expected output: working adapter or test seam for user existence and organization-membership checks. Scope: infrastructure classes, test doubles, and minimal integration wiring. Explicit exclusions: full external identity-provider integration.","[ReqID: R03] Given the lookup ports exist, when the adapters or test seams are added, then the backend can answer whether a user exists and whether that user belongs to an organization. | [ReqID: R03] Given assignment validation needs automated proof, when the task is completed, then the lookup path is usable in tests and later service integration.",R03,Integration;Reliability;Maintainability,2,P0,Backend Engineer,Sprint 2,Completed,PBI-085;PBI-101,Important: keep the implementation minimal but executable. Evidence: adapter tests or service-level seam tests.
PBI-103,Task,Do integrate identity and membership lookups into the role-assignment validation flow,"Action to be performed: wire the approved lookup capabilities into the role-assignment service so invalid-user and non-member paths are enforced. Why it is needed: this is the missing business validation that currently blocks PBI-050 completion. Expected output: assignment service rejects invalid users and users not belonging to the organization. Scope: service integration, validation order, and conflict/validation mapping. Explicit exclusions: UI behavior.","[ReqID: R03] Given a referenced user does not exist, when assignment creation is attempted, then the service rejects the request with the correct error response. | [ReqID: R03] Given a referenced user exists but does not belong to the organization, when assignment creation is attempted, then the service rejects the request with the correct error response.",R03,Reliability;Security;Maintainability,2,P0,Backend Engineer,Sprint 2,Completed,PBI-085;PBI-102;PBI-050,"Important: this task resumes the blocked acceptance criteria of PBI-050. Evidence: service tests for invalid-user and non-member paths. Status: service-level validation slice complete, task not fully complete until runtime wiring and error mapping are added"
PBI-104,Task,"Do execute lookup-integration tests, docs updates, and evidence for resumed assignment validation","Action to be performed: validate the resumed identity and membership rejection paths, update durable docs if behavior is clarified, and collect evidence. Why it is needed: PBI-050 cannot close on implementation alone. Expected output: automated coverage, evidence bundle, and doc alignment. Scope: application tests, route tests, regression checks, and notes updates. Explicit exclusions: new business behavior beyond the resumed validation paths.","[ReqID: R03] Given lookup integration is complete, when automated tests run, then invalid-user and non-member rejection paths are covered without breaking existing successful assignment behavior. | [ReqID: R03] Given the resumed validation changes contract or state understanding, when the task closes, then the relevant durable docs are updated and evidence is attached.",R03,Quality;Maintainability;Audit,1,P0,QA Lead,Sprint 2,Completed,PBI-085;PBI-103;PBI-050,Important: evidence task for the resumed blocked slice. Include route-level error cases and assignment success regression.
PBI-105,Task,Do inventory current actor-source usage in protected routes and audit emitters,"Action to be performed: inspect where protected routes and audit emitters currently source actor identity. Why it is needed: the actor-boundary spike must start from current implementation truth, not assumption. Expected output: actor-source inventory and route impact list. Scope: route handlers, audit calls, request headers, and current actor derivation patterns. Explicit exclusions: auth-boundary implementation.","[ReqID: R03;R20;R22] Given the current codebase is reviewed, when the inventory is completed, then all protected routes and audit emitters relying on actor identity are listed. | [ReqID: R03;R20;R22] Given current implementations may differ, when the task closes, then the places that still depend on raw client-supplied actor data are explicitly identified.",R03;R20;R22,Architecture;Audit;Maintainability,1,P0,Platform Engineer,Sprint 2,Completed,PBI-086,Important: first slice of the actor-boundary spike. Evidence: route inventory and actor-source matrix.
PBI-106,Task,Do produce approved trusted actor-context boundary and migration proposal,"Action to be performed: define the approved request-context boundary for trusted actor data and map the route/audit migration steps. Why it is needed: follow-up implementation must converge on one request-actor pattern. Expected output: approved actor-context contract, migration note, and affected-route map. Scope: request context shape, middleware/plugin boundary, migration steps, and backlog impact. Explicit exclusions: actual middleware code.","[ReqID: R03;R20;R22] Given the actor-source inventory exists, when the proposal is finalized, then the trusted actor-context boundary and route-consumption pattern are explicitly defined. | [ReqID: R03;R20;R22] Given downstream hardening depends on this decision, when the task closes, then affected routes and follow-up implementation work are identified clearly.",R03;R20;R22,Architecture;Security;Maintainability,1,P0,Platform Engineer,Sprint 2,Completed,PBI-086;PBI-105,Important: closes the actor-boundary spike with a migration-ready proposal.
PBI-107,Task,Do implement shared request actor-context middleware or plugin,"Action to be performed: add the shared backend mechanism that populates trusted actor context into the request lifecycle. Why it is needed: protected routes and audits need a common trusted source rather than raw client headers. Expected output: request actor context mechanism and route-consumption seam. Scope: middleware/plugin, request typing, actor-context population, and integration seam. Explicit exclusions: full external identity-provider rollout.","[ReqID: R03;R20;R22] Given the approved actor-boundary proposal exists, when the middleware or plugin is implemented, then protected routes can read trusted actor context from the request lifecycle. | [ReqID: R03;R20;R22] Given the mechanism is in place, when build and tests run, then route handlers have a stable actor-context seam without direct dependence on raw client actor headers.",R03;R20;R22,Security;Integration;Maintainability,2,P0,Backend Engineer,Sprint 2,Completed,PBI-087;PBI-106,Important: first executable slice of the auth-derived actor enabler. Evidence: middleware/plugin tests and route-consumption example.
PBI-108,Task,Do refactor protected route consumers and audit emitters to use trusted actor context,"Action to be performed: update protected route handlers and audit emitters to consume the new request actor context. Why it is needed: the shared actor-boundary enabler is incomplete until downstream consumers stop relying on raw request headers. Expected output: protected backend consumers use trusted actor context consistently. Scope: route refactors, audit emitter wiring, and negative-path safety checks. Explicit exclusions: UI auth flows.","[ReqID: R03;R20;R22] Given the actor-context mechanism exists, when protected routes execute, then authorization and audit code read actor information from the trusted request context. | [ReqID: R03;R20;R22] Given legacy raw-header consumption remains in affected routes, when the task is completed, then those routes are migrated or explicitly isolated for later work.",R03;R20;R22,Security;Audit;Maintainability,2,P0,Backend Engineer,Sprint 2,Completed,PBI-087;PBI-107,Important: route migration task; keep affected-route list explicit from PBI-106.
PBI-109,Task,"Do execute actor-context integration tests, route hardening checks, and docs updates","Action to be performed: validate the trusted actor-context path, update docs where actor handling changes, and collect evidence. Why it is needed: actor-boundary work is cross-cutting and must be proven. Expected output: tests, docs updates, and evidence for protected route consumption. Scope: integration tests, negative authorization checks, docs, and evidence. Explicit exclusions: unrelated auth-provider work.","[ReqID: R03;R20;R22] Given the actor-context refactor is complete, when integration and route tests run, then protected routes and audits behave correctly with trusted actor context. | [ReqID: R03;R20;R22] Given actor handling changed, when the task closes, then durable docs and evidence reflect the new trusted actor path.",R03;R20;R22,Quality;Audit;Maintainability,1,P0,QA Lead,Sprint 2,Completed,PBI-087;PBI-108,Important: required before broader authorization hardening is considered done.
PBI-110,Task,Do inventory current success and denied-action audit behavior across protected routes,"Action to be performed: inspect protected routes to catalog what is currently audited for success, forbidden, invalid, and denied outcomes. Why it is needed: audit-policy standardization must start from real implementation behavior. Expected output: route audit inventory and inconsistency list. Scope: current audit events, denied-action paths, and missing payload fields. Explicit exclusions: route refactor work.","[ReqID: R22;R03;R20] Given current protected routes are reviewed, when the inventory is completed, then audit behavior for success and denied outcomes is explicitly listed. | [ReqID: R22;R03;R20] Given inconsistency exists across modules, when the task closes, then the main policy gaps are documented for decision.",R22;R03;R20,Audit;Architecture;Maintainability,1,P1,Security Engineer,Sprint 2,Completed,PBI-090,Important: first slice of the audit-policy spike. Evidence: audit inventory and inconsistency note.
PBI-111,Task,Do produce approved denied-action audit policy and minimum payload definition,"Action to be performed: define the approved policy for auditing denied protected actions and the minimum payload required. Why it is needed: route hardening and deactivation work need one consistent audit rule. Expected output: approved policy note, minimum payload, and application guidance. Scope: success vs denied behavior, required fields, route application rule, and follow-up mapping. Explicit exclusions: broad implementation refactor in this task.","[ReqID: R22;R03;R20] Given the audit inventory exists, when the policy is approved, then success and denied-action audit behavior is defined consistently. | [ReqID: R22;R03;R20] Given downstream implementation depends on the policy, when the task closes, then the minimum payload and affected route classes are explicitly documented.",R22;R03;R20,Audit;Compliance;Architecture,1,P1,Security Engineer,Sprint 2,Completed,PBI-090;PBI-110,Important: closes the audit-policy spike with an implementation-ready rule set.
PBI-112,Task,Do define common API error-envelope contract for validation and application failures,"Action to be performed: define the standard response structure for schema-validation errors and application-validation errors. Why it is needed: API consistency is currently uneven and will complicate resumed UI/API consumption. Expected output: approved common error-envelope structure and mapping rules. Scope: envelope fields, error categories, route-application rule, and contract note. Explicit exclusions: route implementation changes.","[ReqID: R03;R20] Given API failures are reviewed, when the contract is approved, then schema and application validation failures share a consistent error-envelope structure. | [ReqID: R03;R20] Given later route refactoring depends on the contract, when the task closes, then the mapping rules are explicit enough for implementation.",R03;R20,Maintainability;Integration;Usability,1,P1,Platform Engineer,Sprint 2 (Optional),Completed,PBI-089,Important: first slice of the error-envelope enabler. Evidence: contract diff and example envelopes.
PBI-113,Task,Do implement shared error-envelope mapping helper for route and application failures,"Action to be performed: add the shared mapping/helper mechanism that produces the approved error envelope across routes. Why it is needed: consistency cannot be achieved safely through route-by-route ad hoc formatting. Expected output: reusable error-envelope mapping/helper. Scope: helper implementation, integration seam, and automated coverage. Explicit exclusions: full retrofit of all routes in this task.","[ReqID: R03;R20] Given the approved error-envelope contract exists, when the helper is implemented, then routes and application failures can emit the same envelope shape through a shared mechanism. | [ReqID: R03;R20] Given the helper is used in tests, when validation fails, then the returned structure matches the approved error contract.",R03;R20,Maintainability;Reliability;Integration,2,P1,Backend Engineer,Sprint 2 (Optional),Completed,PBI-089;PBI-112,Important: shared implementation slice before route retrofit.
PBI-114,Task,Do retrofit priority backend routes to the common error envelope and update tests/docs,"Action to be performed: apply the common error-envelope helper to the highest-priority backend routes and align tests and docs. Why it is needed: the enabler is not useful until real routes consume it. Expected output: selected routes return consistent validation/application-failure envelopes. Scope: route retrofit, tests, and docs updates for priority flows. Explicit exclusions: full repo-wide retrofit in one task.","[ReqID: R03;R20] Given the shared helper exists, when selected priority routes are refactored, then their validation and application failures return the approved common envelope. | [ReqID: R03;R20] Given route behavior changes, when the task closes, then tests and API docs reflect the new envelope consistently.",R03;R20,Reliability;Maintainability;Usability,2,P1,Backend Engineer,Sprint 2 (Optional),Completed,PBI-089;PBI-113,"Important: choose priority routes deliberately, starting with membership and shariah submission flows if pulled this sprint."
PBI-115,Task,"Do add repository CI workflow for install, test, and build execution","Action to be performed: create the repository-native CI workflow that runs install, test, and build on change. Why it is needed: local-only validation is not sufficient as a sprint quality gate. Expected output: CI pipeline file and successful baseline execution path. Scope: workflow config, install/test/build steps, and failure visibility. Explicit exclusions: deployment automation.","[ReqID: R25;R26] Given a change is pushed or proposed, when CI runs, then install, test, and build steps execute automatically. | [ReqID: R25;R26] Given one of the quality gates fails, when CI completes, then the failure is surfaced in the pipeline result.",R25;R26,Reliability;Operability;Maintainability,2,P1,DevOps Engineer,Sprint 2,Completed,PBI-092,Important: first slice of the CI enabler. Evidence: workflow file and successful baseline run.
PBI-116,Task,Do verify CI and local execution parity and document contributor expectations,"Action to be performed: verify the CI workflow matches the intended local commands and document contributor expectations. Why it is needed: a pipeline without contributor parity creates false failures and weak adoption. Expected output: parity check, script alignment note, and contributor guidance. Scope: command parity, expected environment notes, and documentation update. Explicit exclusions: new pipeline stages beyond the baseline quality gate.","[ReqID: R25;R26] Given the CI workflow exists, when parity is checked, then the CI commands align with supported local execution for install, test, and build. | [ReqID: R25;R26] Given contributors use the repository, when they read the guidance, then the expected local commands and CI behavior are explicit.",R25;R26,Maintainability;Operability;Documentation,1,P1,DevOps Engineer,Sprint 2,Completed,PBI-092;PBI-115,Important: closes the CI enabler with usable contributor guidance.
PBI-117,Task,Do inventory protected functions and deactivation effects across current backend flows,"Action to be performed: review current backend flows to identify which actions and reads are protected and what deactivation should do to each. Why it is needed: deactivation enforcement and audit behavior cannot be implemented safely without an explicit protected-function inventory. Expected output: protected-function inventory and deactivation-effect note. Scope: protected writes, sensitive reads, deny expectations, and affected modules. Explicit exclusions: enforcement code changes.","[ReqID: R03;R22] Given the current backend flows are reviewed, when the inventory is completed, then the protected actions and relevant reads are explicitly listed. | [ReqID: R03;R22] Given deactivation behavior varies by function, when the task closes, then expected allow/deny effects are documented by function class.",R03;R22,Security;Architecture;Maintainability,1,P1,Security Engineer,Sprint 2,Completed,PBI-095,Important: first slice of the deactivation-policy spike. Evidence: protected-function inventory and effect matrix draft.
PBI-118,Task,Do produce approved protected-function matrix and deactivation carry-over implementation map,"Action to be performed: finalize the protected-function matrix and map which deactivation tasks can proceed after the policy is approved. Why it is needed: backend deactivation enforcement should not repeat the same semantic deadlock seen in assignment validation. Expected output: approved matrix, deactivation-effect rules, and carry-over implementation map. Scope: matrix finalization, implementation map, and audit linkage note. Explicit exclusions: actual enforcement code beyond planning boundaries.","[ReqID: R03;R22] Given the protected-function inventory exists, when the matrix is approved, then the set of protected actions and deactivation behavior is explicitly defined. | [ReqID: R03;R22] Given deactivation implementation depends on the matrix, when the task closes, then the carry-over path into PBI-054, PBI-055, and PBI-057 is clearly mapped.",R03;R22,Security;Audit;Architecture,1,P1,Security Engineer,Sprint 2,Completed,PBI-095;PBI-117,Important: closes the deactivation-policy spike with an implementation-ready matrix.
PBI-119,Enabler,Enable modular test-file structure for oversized test suites,"Capability to be created or improved: refactor oversized test files into smaller, focused test units so the test suite is easier to read, maintain, and extend. Why it is needed: current test files have grown to roughly 4,000 lines each, which reduces readability, increases merge friction, and makes coverage gaps harder to manage. Which future PBIs it enables: safer backend changes, faster defect isolation, and clearer module-level regression ownership. Technical scope: split large test files by behavior or subdomain, preserve existing describe/test intent, update imports/helpers/shared fixtures as needed, and keep test execution behavior unchanged. Explicit exclusions: no intentional business-rule changes and no broad rewrite of passing test logic beyond structural refactoring.","[ReqID: R26] Given an oversized test file is selected for refactoring, when the split is completed, then the tests are reorganized into smaller focused files grouped by behavior, workflow, or validation concern. | [ReqID: R26] Given the refactoring is structural only, when the full test suite runs, then all previously covered scenarios still pass without changing intended business behavior. | [ReqID: R26] Given shared setup or helpers are needed after splitting, when the work is reviewed, then common fixtures/utilities are extracted or reused consistently instead of duplicated across files. | [ReqID: R26] Given contributors work on future test changes, when they open the refactored test area, then file boundaries are readable enough to locate relevant describe/test blocks without scanning one monolithic file.",R26,Maintainability;Testability;Reliability,3,P1,Platform Engineer,Sprint 2,Completed,None,"Important: target split should follow behavior-oriented boundaries, for example create-path, validation, duplicate/conflict, authorization, and state-transition coverage. Evidence: before/after file structure, passing full test suite, and note of any extracted shared test helpers. If refactoring spans many modules or exceeds 5 points, split by module or domain area rather than one backlog item."
PBI-120,Story,"As a security operator, I want protected access events recorded with trusted actor and outcome evidence, so that governed actions are traceable for investigation","Context: the platform now has completed governed workflows and protected backend actions, but PBI-022 still needs a business-facing audit outcome rather than only enabling foundations. Business problem: investigations and compliance reviews are weakened if protected writes, denied protected actions, and selected sensitive reads are not captured in a consistent searchable trail. User role / actor: security operator. Expected behavior: protected actions are recorded with actor identity, target, timestamp, outcome, request correlation, and non-repudiation or equivalent evidence. Business value: provides an operationally trustworthy audit baseline for investigation and compliance. In scope: event capture for governed writes, denied protected actions, and selected sensitive reads where policy requires; storage of event evidence fields; stable event shape for later query. Out of scope: external SIEM integration and analytics dashboards.","[ReqID: R22] Given a user accesses or changes a protected resource, when the action is processed, then the platform records the event with actor identity, timestamp, target, outcome, request correlation, and cryptographic or equivalent non-repudiation evidence. | [ReqID: R22] Given a denied protected action occurs, when the request is handled, then the denied outcome is recorded according to the approved audit policy. | [ReqID: R22] Given a selected sensitive read occurs, when policy requires audit capture, then the access event is recorded with the approved minimum payload.",R22,Security;Audit;NonRepudiation;Compliance,8,P0,Security Engineer,,Completed,PBI-022;PBI-087;PBI-091,"Important: Story estimate revised from 5 to 8 based on governed writes, denied actions, selected sensitive reads, shared event construction, and evidence-closure scope. Recommended first execution task: PBI-123."
PBI-121,Story,"As an auditor, I want to search access history by actor, target, action, outcome, and time range, so that I can investigate a selected user or resource efficiently","Context: recording events alone is not enough for audit operations; investigators need a usable way to retrieve relevant event sequences. Business problem: if access history cannot be queried by common investigation dimensions, audit evidence exists but remains operationally weak. User role / actor: auditor. Expected behavior: auditor can search access history using supported filters and receive a stable traceable sequence of matching events. Business value: improves investigation speed, reviewability, and compliance evidence retrieval. In scope: query model, supported filters, stable ordering, empty-result handling, and response contract. Out of scope: full-text search, external reporting, and BI-style dashboards.","[ReqID: R22] Given an auditor searches by actor, target, action, outcome, or time range, when the query is executed, then the platform returns the matching access-history events in a stable traceable order. | [ReqID: R22] Given no matching events exist, when the query is executed, then the platform returns an empty successful result rather than an error. | [ReqID: R22] Given matching events exist across protected writes, denied actions, or selected sensitive reads, when the query is executed, then the returned sequence preserves the approved audit payload and ordering rules.",R22,Security;Audit;Compliance;Usability,3,P0,Security Engineer,,Completed,PBI-022;PBI-120,Important: Child-task decomposition now added through PBI-128 to PBI-132. This story should start only after PBI-120 recording baseline is stable enough for query consumption.
PBI-122,Story,"As an auditor, I want to inspect event-level evidence and chronological sequence, so that I can prove who performed an action and how the access trail unfolded","Context: search results must support deeper inspection for non-repudiation and investigation closure. Business problem: a flat list of events is insufficient if auditors cannot inspect evidence details and reconstruct the sequence around a specific actor or resource. User role / actor: auditor. Expected behavior: the auditor can open a selected event or sequence and inspect actor, target, outcome, request correlation, and non-repudiation evidence in chronological context. Business value: supports stronger investigations, audit defensibility, and regulated evidence review. In scope: event-detail view model or equivalent read contract, chronological sequence support, evidence-field exposure, and incomplete-sequence handling. Out of scope: cryptographic key-management policy and external export tooling.","[ReqID: R22] Given an auditor selects an access event or investigation sequence, when the detail is retrieved, then the platform returns the actor, target, outcome, timestamp, request correlation, and non-repudiation or equivalent evidence fields needed for review. | [ReqID: R22] Given related events exist for the same actor or resource, when the auditor inspects the sequence, then the platform returns them in chronological order sufficient to reconstruct the access trail. | [ReqID: R22] Given the sequence is incomplete or limited by current scope, when the detail is viewed, then available evidence is still returned without crashing or misrepresenting the event chain.",R22,Security;Audit;NonRepudiation;Compliance,3,P1,Security Engineer,,Completed,PBI-022;PBI-120;PBI-121,Important: Child-task decomposition now added through PBI-133 to PBI-137. This story should start after recording and basic search/query behavior are stable.
PBI-123,Task,Do map protected-action audit capture scope and minimum event payload for PBI-120,"Action to be performed: define the exact PBI-120 capture scope across governed writes, denied protected actions, and selected sensitive reads using the approved actor-source and audit-policy baseline. Why it is needed: implementation should not guess which actions are in scope or which minimum fields must be present in each event. Expected output: reviewed capture matrix and minimum event payload contract for this story. Scope: protected-action inventory for this story, event field matrix, route-to-action mapping, and outcome coverage. Explicit exclusions: broad audit policy redesign and external reporting.","[ReqID: R22] Given the PBI-120 scope is reviewed, when the capture matrix is finalized, then the in-scope governed writes, denied protected actions, and selected sensitive reads are explicitly mapped. | [ReqID: R22] Given an audit event is required by PBI-120, when the payload baseline is reviewed, then actor identity, target, timestamp, outcome, request correlation, and non-repudiation or equivalent evidence fields are explicitly defined.",R22,Security;Audit;Compliance;Maintainability,2,P0,Security Engineer,,Completed,PBI-120;PBI-087;PBI-091,"Important: Covers story scoping and prevents route-by-route invention. This task should produce the implementation matrix consumed by PBI-124, PBI-125, and PBI-126."
PBI-124,Task,Do implement shared audit event capture seam and persistence path for PBI-120 scope,"Action to be performed: implement or extend the shared backend seam that constructs and persists audit events for the PBI-120 event set. Why it is needed: protected-route recording should use one stable capture path rather than route-specific ad hoc event creation. Expected output: reusable event creation/persistence path supporting the approved minimum payload. Scope: shared event builder or helper usage, persistence/repository path, request correlation propagation, and event-shape consistency. Explicit exclusions: search/query features for auditors and external SIEM integration.","[ReqID: R22] Given an in-scope protected event occurs, when the shared capture seam is invoked, then the platform persists an event carrying the approved minimum audit payload. | [ReqID: R22] Given different protected actions emit events, when the persistence path is reviewed, then event construction follows one stable shape rather than route-specific ad hoc payloads.",R22,Security;Audit;Reliability;Maintainability,3,P0,Backend Engineer,,Completed,PBI-120;PBI-123;PBI-087;PBI-091,"Important: Shared execution seam for this story only. If implementation review shows this seam is large enough to support multiple later stories beyond PBI-120, it may be promoted into a separate Enabler instead of remaining a task."
PBI-125,Task,Do integrate governed-write and denied-protected-action audit capture for PBI-120,"Action to be performed: wire the approved shared audit capture seam into the governed write paths and denied protected-action paths covered by this story. Why it is needed: PBI-120 must prove both successful protected writes and denied protected attempts are recorded consistently. Expected output: governed writes and denied protected actions emit stable audited outcomes according to the approved matrix. Scope: in-scope write routes, denied protected outcomes, outcome mapping, and automated coverage of positive and denied paths. Explicit exclusions: selected sensitive-read capture and broader query/read-model work.","[ReqID: R22] Given a governed write succeeds, when the protected action is processed, then the platform records the event with actor identity, target, timestamp, outcome, request correlation, and evidence fields. | [ReqID: R22] Given a denied protected action occurs, when the request is handled, then the denied outcome is recorded according to the approved audit policy.",R22,Security;Audit;Compliance;Reliability,3,P0,Backend Engineer,,Completed,PBI-120;PBI-123;PBI-124,Important: This is the main write/deny integration slice for PBI-120 and should not be expanded into query or UI work.
PBI-126,Task,Do integrate selected sensitive-read audit capture and hardening for PBI-120,"Action to be performed: wire the approved shared audit capture seam into the selected sensitive-read paths covered by this story and harden the read-path behavior accordingly. Why it is needed: PBI-120 explicitly includes selected sensitive reads where policy requires audit capture. Expected output: in-scope sensitive reads emit the approved audit payload without breaking normal read behavior. Scope: selected sensitive-read route integration, read-event outcome capture, incomplete-read safety handling, and automated coverage. Explicit exclusions: auditor search/query features and broad read-history UI concerns.","[ReqID: R22] Given a selected sensitive read occurs and policy requires capture, when the request is processed, then the platform records the access event with the approved minimum payload. | [ReqID: R22] Given the sensitive-read capture is integrated, when normal read behavior is exercised, then the route still returns its expected functional response while also producing the required audit evidence.",R22,Security;Audit;Compliance;Maintainability,2,P1,Backend Engineer,,Completed,PBI-120;PBI-123;PBI-124,Important: Keeps sensitive-read capture explicit instead of burying it inside the write/deny task. This reduces the chance that read-audit behavior is forgotten.
PBI-127,Task,"Do execute validation, regression, documentation updates, and evidence closure for PBI-120","Action to be performed: validate the full PBI-120 audit-recording story, execute regression checks, update durable docs, and collect completion evidence. Why it is needed: the story is not done when events are merely emitted; it must be proven that write, denied, and sensitive-read paths produce the required traceable evidence without breaking current behavior. Expected output: completed automated validation, updated docs, and reviewable evidence for story closure. Scope: positive and denied-path tests, sensitive-read audit tests, regression checks, durable doc updates, and evidence packaging. Explicit exclusions: search/read-model features for PBI-121 and evidence-inspection features for PBI-122.","[ReqID: R22] Given the implementation tasks are complete, when validation runs, then governed writes, denied protected actions, and selected sensitive reads all produce the approved audit evidence without breaking existing behavior. | [ReqID: R22] Given the story is prepared for review, when evidence is attached, then automated results, representative event samples, and durable doc updates are available for closure.",R22,Security;Audit;Quality;Documentation,2,P0,QA Lead,,Completed,PBI-120;PBI-125;PBI-126,"Important: Story-closing task. Evidence should include representative event payloads for success, denied, and selected sensitive-read capture."
PBI-128,Task,Do define access-history query contract and supported filters,"Action to be performed: define the read contract for auditor access-history queries, including supported filters, stable ordering, and empty-result behavior. Why it is needed: query implementation should not guess which filters are supported or how results are ordered. Expected output: reviewed query contract for actor, target, action, outcome, and time-range search. Scope: filter definitions, response shape, ordering rules, and empty-result semantics. Explicit exclusions: repository implementation and UI work.","[ReqID: R22] Given access-history search is in scope, when the query contract is finalized, then supported filters for actor, target, action, outcome, and time range are explicitly defined. | [ReqID: R22] Given search results may be empty or partial, when the contract is reviewed, then empty successful results and stable ordering rules are explicitly documented.",R22,Security;Audit;Compliance;Maintainability,2,P0,Security Engineer,,Completed,"PBI-120, PBI-127",Important: First task for PBI-121. This task should prevent ad hoc repository or API query behavior.
PBI-129,Task,Do implement access-history query repository and read model,"Action to be performed: implement the read-model and repository path needed to query recorded access events using the approved filter set. Why it is needed: PBI-121 requires a stable backend retrieval path before the query API can be exposed. Expected output: query repository or equivalent read-model logic supporting the approved filters and ordering. Scope: filter application, ordering, result projection, and empty-result handling. Explicit exclusions: transport-layer API exposure and UI work.","[ReqID: R22] Given recorded access events exist, when the repository or read model is queried with supported filters, then it returns matching events in the approved stable order. | [ReqID: R22] Given no matching events exist, when the read model is queried, then it returns an empty result without error.",R22,Security;Audit;Reliability;Maintainability,3,P0,Backend Engineer,,Completed,PBI-121;PBI-128,Important: Keep the read model aligned to the event payload defined by PBI-120 and the query contract defined by PBI-128.
PBI-130,Task,Do expose auditor access-history query API,"Action to be performed: expose the audited access-history query capability through a stable API endpoint for authorized auditors. Why it is needed: auditor search requires a transport contract, not only a repository path. Expected output: query API with supported filters, stable response shape, and correct authorization handling. Scope: route, request validation, response mapping, and integration to the read model. Explicit exclusions: UI work and external reporting.","[ReqID: R22] Given an authorized auditor executes a supported search query, when the API is called, then the platform returns matching access-history events in the approved response shape. | [ReqID: R22] Given unsupported or invalid query input is sent, when the API handles the request, then the platform returns the correct validation response.",R22,Security;Audit;Compliance;Integration,2,P0,Backend Engineer,,Completed,PBI-121;PBI-128;PBI-129,Important: Route should remain contract-focused and consume the shared error envelope and authorization semantics already standardized.
PBI-131,Task,"Do validate query filters, ordering, empty results, and authorization for access-history search","Action to be performed: validate the access-history query flow across supported filters, ordering behavior, empty-result handling, and authorization boundaries. Why it is needed: the story is not complete if query behavior is only partially proven or if auditor-only access is not verified. Expected output: automated coverage of happy path, empty results, validation failures, and authorization behavior. Scope: functional validation, negative-path checks, ordering assertions, and access checks. Explicit exclusions: UI evidence and event-detail inspection.","[ReqID: R22] Given supported query filters are used, when automated tests run, then the platform returns results in the approved stable order. | [ReqID: R22] Given no matching events exist or invalid input is supplied, when the query is executed, then empty-success or validation behavior matches the contract. | [ReqID: R22] Given a non-authorized actor attempts the query, when access is evaluated, then the platform denies the request correctly.",R22,Security;Audit;Quality;Compliance,2,P0,QA Lead,,Completed,PBI-121;PBI-130,"Important: This is the main validation task for PBI-121 and should include representative search paths across protected writes, denied actions, and selected sensitive reads."
PBI-132,Task,Do document access-history query behavior and collect evidence for PBI-121 closure,"Action to be performed: update durable docs and collect evidence for the completed auditor access-history query story. Why it is needed: PBI-121 requires reviewable proof that query behavior, supported filters, and authorization semantics are stable. Expected output: updated docs, representative query examples, and closure evidence. Scope: API/doc update, evidence packaging, and story-close review support. Explicit exclusions: event-detail inspection and UI implementation.","[ReqID: R22] Given the access-history query story is implemented, when documentation and evidence are reviewed, then supported filters, ordering, empty-result behavior, and authorization expectations are explicitly captured. | [ReqID: R22] Given the story is prepared for closure, when evidence is attached, then representative query request/response samples and automated validation results are available.",R22,Audit;Documentation;Compliance;Maintainability,1,P1,QA Lead,,Completed,PBI-121;PBI-131,"Important: Story-closing task for PBI-121. Evidence should include sample successful query, empty-result query, and denied-access case."
PBI-133,Task,Do define event-detail and sequence-inspection contract,"Action to be performed: define the contract for retrieving individual event details and related chronological event sequences for investigation. Why it is needed: PBI-122 should not guess which evidence fields are exposed or how sequence reconstruction works. Expected output: reviewed contract for event detail and chronological sequence inspection. Scope: detail payload, sequence scope by actor or target, ordering rules, and incomplete-sequence behavior. Explicit exclusions: repository or API implementation.","[ReqID: R22] Given event inspection is in scope, when the contract is finalized, then the required evidence fields and sequence retrieval rules are explicitly defined. | [ReqID: R22] Given some investigations may involve incomplete histories, when the contract is reviewed, then incomplete-sequence handling is documented explicitly.",R22,Security;Audit;NonRepudiation;Maintainability,2,P1,Security Engineer,,Completed,PBI-122;PBI-121,Important: First task for PBI-122. This task should define the MVP meaning of inspectable non-repudiation evidence.
PBI-134,Task,Do implement event-detail retrieval by event ID,"Action to be performed: implement backend retrieval of a single access-audit event by event identifier using the approved event-detail contract. Why it is needed: auditors must be able to inspect the evidence fields of a selected event directly. Expected output: event-detail retrieval path returning the approved evidence payload. Scope: detail retrieval, not-found behavior, and payload mapping. Explicit exclusions: actor/target sequence retrieval and UI work.","[ReqID: R22] Given an existing event ID is requested, when the detail retrieval executes, then the platform returns the approved event evidence fields for that event. | [ReqID: R22] Given a missing event ID is requested, when retrieval is attempted, then the platform returns the correct not-found behavior without exposing misleading data.",R22,Security;Audit;Reliability;NonRepudiation,2,P1,Backend Engineer,,Completed,PBI-122;PBI-133,Important: Keep this task limited to single-event inspection so sequence complexity does not hide inside it.
PBI-135,Task,Do implement chronological sequence retrieval by actor or target,"Action to be performed: implement backend retrieval of related event sequences by actor or target for chronological investigation. Why it is needed: PBI-122 requires reconstruction of how the access trail unfolded around a selected actor or resource. Expected output: sequence retrieval logic with stable chronological ordering. Scope: actor-based retrieval, target-based retrieval, ordering, and related-event projection. Explicit exclusions: UI presentation and cryptographic key-management concerns.","[ReqID: R22] Given related events exist for the same actor or target, when sequence retrieval is executed, then the platform returns them in chronological order sufficient to reconstruct the access trail. | [ReqID: R22] Given no related events exist beyond the selected baseline, when sequence retrieval is executed, then the platform returns the available evidence without error.",R22,Security;Audit;Reliability;Compliance,3,P1,Backend Engineer,,Completed,PBI-122;PBI-133;PBI-134,Important: Sequence retrieval should stay aligned to the event ordering and evidence-field rules defined in PBI-133.
PBI-136,Task,Do harden incomplete-sequence and missing-event handling for event inspection,"Action to be performed: harden event-detail and sequence-inspection behavior for missing events, incomplete histories, and limited evidence chains. Why it is needed: investigations must not crash or misrepresent evidence when event chains are partial. Expected output: stable missing/incomplete behavior with correct response semantics and regression coverage. Scope: incomplete-sequence handling, missing-event handling, and non-misleading response behavior. Explicit exclusions: external export or analytics.","[ReqID: R22] Given an investigation sequence is incomplete or limited by current scope, when detail or sequence inspection is requested, then the platform returns the available evidence without crashing or implying unsupported completeness. | [ReqID: R22] Given a requested event does not exist, when inspection is attempted, then the platform returns the correct not-found behavior.",R22,Security;Audit;Reliability;Maintainability,2,P1,Backend Engineer,,Completed,PBI-122;PBI-134;PBI-135,Important: Keeps incomplete-history risk explicit and prevents misleading evidence presentation.
PBI-137,Task,Do validate non-repudiation evidence inspection and document evidence for PBI-122 closure,"Action to be performed: validate event-detail and sequence inspection behavior, then update docs and collect closure evidence for PBI-122. Why it is needed: the story is not done until investigators can reliably inspect evidence fields and sequence behavior under normal and incomplete conditions. Expected output: automated validation, representative evidence samples, and updated docs. Scope: happy-path inspection, missing/incomplete handling, documentation, and story-close evidence. Explicit exclusions: external reporting and UI implementation.","[ReqID: R22] Given event-detail and sequence retrieval are implemented, when validation runs, then investigators can retrieve approved evidence fields and chronological sequences according to contract. | [ReqID: R22] Given missing or incomplete histories are exercised, when tests and evidence are reviewed, then the behavior is stable, documented, and non-misleading.",R22,Audit;Quality;Documentation;NonRepudiation,2,P1,QA Lead,,Completed,PBI-122;PBI-136,"Important: Story-closing task for PBI-122. Evidence should include single-event inspection, chronological sequence retrieval, and incomplete-history handling."
PBI-138,Spike,"Investigate shared contracts and merge coordination for concurrent PBI-002, PBI-005, and PBI-017 branches","Unknown / problem statement: PBI-002, PBI-005, and PBI-017 are intended to proceed concurrently on separate branches, but they may conflict on audit event shape, KYC/AML state semantics, role names, dashboard contracts, migration ownership, and shared module boundaries. Why a decision is needed now: unmanaged divergence across these branches will increase merge risk and may produce incompatible contracts. Investigation scope: audit event schema, KYC/AML status lifecycle, shared role and permission vocabulary, dashboard API response contracts, database migration ownership, error and validation response patterns, shared-file risk, and merge order. Explicit exclusions: full implementation of any of the three features. Approach: contract review, shared-file inventory, merge-order proposal, ADR trigger identification, and branch coordination plan.","[ReqID: R02;R05;R17] Given the concurrent feature plan is reviewed, when the Spike concludes, then the shared contracts, shared-file risks, and merge order are explicitly documented. | [ReqID: R02;R05;R17] Given cross-cutting architecture or module-boundary decisions are identified, when the Spike closes, then ADR requirements and owners are explicitly listed. | [ReqID: R02;R05;R17] Given the branches are intended to proceed in parallel, when the Spike concludes, then a coordination note and ownership map are ready for use by the three branches.",R02;R05;R17,Architecture;Maintainability;Integration;Compliance,3,P0,Platform Engineer,,Completed,None,"Timebox: 3 calendar days. Deliverables: shared-contract matrix, shared-file risk map, merge-order proposal, ADR trigger list. Branch set under review: feature/PBI-002-kyc-aml-onboarding; feature/PBI-005-immutable-audit-trail; feature/PBI-017-role-based-ui-dashboards."
PBI-139,Task,"Do produce parallel coordination note and shared-file ownership map for PBI-002, PBI-005, and PBI-017","Action to be performed: create a feature-level coordination note and shared-file ownership map for the three concurrent branches. Why it is needed: the team needs one explicit concurrency artifact that applies existing SDLC rules to this specific branch set. Expected output: coordination note under backlog/, shared-file ownership table, merge order, and ADR trigger summary. Scope: branch names, shared files/modules, contract coordination points, merge order, and named owners. Explicit exclusions: implementation code changes for the three features.","[ReqID: R02;R05;R17] Given the concurrency plan is approved, when the coordination note is created, then the branch names, shared contracts, shared-file risks, and merge order are explicitly documented. | [ReqID: R02;R05;R17] Given contributors start work on separate branches, when they consult the coordination artifact, then ownership and conflict hotspots are visible before implementation begins.",R02;R05;R17,Maintainability;Documentation;Integration,1,P0,Platform Engineer,,Completed,PBI-138,Important: Suggested artifact path: backlog/parallel-plan-PBI-002-PBI-005-PBI-017.md. This task does not replace the canonical backlog.
PBI-140,Story,"As a compliance officer, I want to submit an onboarding case with required KYC and AML evidence, so that regulated participants enter a traceable review workflow","Context: regulated participants require controlled onboarding before transacting. Business problem: without a structured intake path, KYC and AML review cannot begin consistently or audibly. User role / actor: compliance officer. Expected behavior: the user submits an onboarding case with required identity and compliance evidence, and the system places it into an initial review state. Business value: creates a controlled starting point for regulated onboarding. In scope: onboarding intake, required-field validation, evidence capture references, initial status creation, and auditability of submission. Out of scope: final approval or block decision.","[ReqID: R02] Given a new onboarding case includes the required KYC and AML data, when submission is completed, then the case enters the initial review status with a traceable identifier. | [ReqID: R02] Given required data or evidence is missing, when submission is attempted, then the platform blocks the request and returns validation feedback aligned to the approved error pattern.",R02,Compliance;Security;Audit;Privacy,3,P0,Compliance Lead,,Completed,PBI-002;PBI-138;PBI-139,"Branch: feature/PBI-002-kyc-aml-onboarding. Merge priority: 2. Shared contracts: onboarding intake payload, error envelope, audit event schema, initial status lifecycle. ADR required if onboarding ownership or module boundary changes."
PBI-141,Story,"As a compliance reviewer, I want to review KYC and AML evidence and record the outcome, so that risky participants are flagged or blocked from transacting","Context: onboarding is incomplete until a reviewer can assess submitted evidence and record a decision. Business problem: if review outcomes are not structured, the platform cannot consistently determine onboarding eligibility. User role / actor: compliance reviewer. Expected behavior: reviewer assesses the onboarding case, records pass/fail or flagged outcome, and the platform updates the status accordingly. Business value: makes onboarding decisions consistent and auditable. In scope: review decision, outcome recording, block or flag status transition, reason capture, and decision audit trail. Out of scope: sanctions engine procurement and downstream financing logic.","[ReqID: R02] Given a valid onboarding case is under review, when the reviewer records a passing outcome, then the platform updates the case to the approved status and stores the decision metadata. | [ReqID: R02] Given the reviewer records a failed or flagged outcome, when the decision is saved, then the platform blocks or flags the participant from transacting and stores the reason and status change.",R02,Compliance;Security;Audit;Privacy,3,P0,Compliance Lead,,Completed,PBI-002;PBI-140;PBI-138;PBI-139,"Branch: feature/PBI-002-kyc-aml-onboarding. Merge priority: 2. Shared contracts: KYC/AML status lifecycle, outcome codes, audit event shape, validation/error pattern. ADR required if shared compliance-state model changes across modules."
PBI-142,Story,"As a bank or compliance user, I want to retrieve onboarding status and decision history, so that I can verify whether an SME may transact","Context: decision visibility is needed after onboarding review is completed or while a case is in progress. Business problem: without a stable status/history capability, downstream users cannot reliably determine onboarding readiness. User role / actor: bank user or compliance user. Expected behavior: the user retrieves the current onboarding status and prior review outcomes for a selected case through an authorized status/history capability. Business value: improves onboarding transparency and downstream decision confidence. In scope: authorized status/history retrieval, current onboarding state, prior review outcomes, intermediate-state behavior, and response contract for future dashboard consumption. Out of scope: role-based dashboard widget implementation, dashboard layout, and dashboard navigation integration.","[ReqID: R02] Given an onboarding case exists, when an authorized user requests it, then the platform returns the current status and prior review history for that case. | [ReqID: R02] Given the case is still in progress or has not reached a final decision, when the user requests status/history, then the platform returns the available intermediate status and history without error.",R02,Compliance;Audit;Usability;Privacy,2,P1,Compliance Lead,,Completed,PBI-002;PBI-141;PBI-138;PBI-139,"Branch: feature/PBI-002-kyc-aml-onboarding. Merge priority: 2. Clarified as backend/read-contract capability, not dashboard UI."
PBI-143,Story,"As the platform, I want procure-to-pay lifecycle events recorded with immutable reference evidence, so that PO, delivery, invoice, and settlement actions are traceable","Context: procure-to-pay flows require a trustworthy audit trail across lifecycle events. Business problem: fragmented or mutable event records weaken auditability and dispute investigation. User role / actor: system recording. Expected behavior: each in-scope procure-to-pay action records an event with actor identity, timestamp, lifecycle context, and immutable reference evidence. Business value: creates the baseline traceability needed for downstream reporting and transaction workflows. In scope: event capture for PO, delivery, invoice, and settlement steps; actor/timestamp capture; immutable reference data; request correlation. Out of scope: regulator export packaging.","[ReqID: R05] Given a PO, delivery, invoice, or settlement action occurs, when the transaction is committed, then the platform records the lifecycle event with actor identity, timestamp, and immutable reference evidence. | [ReqID: R05] Given an event is stored in the lifecycle audit trail, when later review occurs, then the recorded reference data is sufficient to detect tampering or unsupported modification.",R05,Audit;Integrity;Security;Compliance,3,P0,Backend Engineer,,Completed,PBI-005;PBI-138;PBI-139,"Branch: feature/PBI-005-immutable-audit-trail. Merge priority: 1. Shared contracts: audit event schema, immutable reference model, request correlation, error envelope. ADR required if audit event structure or append-only persistence boundary changes."
PBI-144,Story,"As an auditor, I want to retrieve ordered transaction history for a procure-to-pay case, so that I can reconstruct the lifecycle honestly from available evidence","Context: recording lifecycle events alone is insufficient unless they can be retrieved in a stable sequence for review. Business problem: auditors cannot investigate procurement flow if related events are not queryable and ordered. User role / actor: auditor. Expected behavior: auditor requests the history for a selected procure-to-pay case and receives the related lifecycle events in order, with explicit incomplete/gap status when completeness cannot be proven. Business value: enables review and investigation of end-to-end procurement activity without overstating evidence completeness. In scope: history query by case or transaction context, stable chronological ordering, empty-result handling, and incomplete/gap signaling. Out of scope: regulator export bundle generation.","[ReqID: R05] Given related procure-to-pay events exist for a selected case, when the history is queried, then the platform returns the available ordered lifecycle events for that case. | [ReqID: R05] Given the lifecycle history is incomplete or has unsupported missing steps, when history is retrieved, then the platform returns the available events with explicit incomplete or gap status rather than implying a complete lifecycle. | [ReqID: R05] Given no related events exist yet for the selected case, when the history is requested, then the platform returns an empty successful result rather than an error.",R05,Audit;Usability;Integrity;Security,3,P0,Backend Engineer,,Completed,PBI-005;PBI-143;PBI-145;PBI-138;PBI-139,Branch: feature/PBI-005-immutable-audit-trail. Merge priority: 1. History retrieval must not misrepresent incomplete evidence as complete.
PBI-145,Task,Do define transaction-history contract and lifecycle event field semantics,"Action to be performed: define the transaction-history contract, lifecycle event field meanings, ordering semantics, correlation keys, and incomplete/gap signaling before implementation hardens. Why it is needed: downstream consumers and branch implementations need a shared contract before history retrieval and dashboard/reporting consumption diverge. Expected output: approved transaction-history contract and field semantics for procure-to-pay audit history. Scope: response contract, lifecycle field definitions, ordering rules, identifiers, incomplete/gap status semantics, and downstream-consumer contract baseline. Explicit exclusions: consumer UI implementation and regulator export packaging.","[ReqID: R05] Given the transaction-history capability is planned, when the contract task is completed, then lifecycle event fields, identifiers, ordering semantics, and incomplete/gap status are explicitly defined. | [ReqID: R05] Given downstream consumers depend on transaction history, when implementation begins, then they consume the approved contract rather than inventing alternate event meanings or ordering rules.",R05,Maintainability;Audit;Integration;Reliability,2,P0,Backend Engineer,,Completed,PBI-005;PBI-138;PBI-139,Branch: feature/PBI-005-immutable-audit-trail. Merge priority: 1. Foundational contract task that should guide PBI-143 and PBI-144.
PBI-146,Story,"As a user, I want to land on a dashboard tailored to my role, so that I see navigation and widgets relevant to my responsibilities","Context: role-based UI requires a stable landing experience that reflects the user’s assigned role. Business problem: a generic landing page increases confusion and reduces usability. User role / actor: authenticated user. Expected behavior: when a user logs in, the dashboard shell, navigation, and primary widgets reflect the assigned role. Business value: improves usability and gives each role a focused entry point into the platform. In scope: dashboard shell, role-based navigation, role-to-dashboard mapping, and basic widget placement. Out of scope: advanced analytics personalization.","[ReqID: R17] Given a user logs in with a defined platform role, when the dashboard loads, then the platform displays the dashboard shell, navigation, and primary widgets assigned to that role. | [ReqID: R17] Given different role types exist in the system, when each role lands on the dashboard, then the visible navigation and widgets follow the approved role-to-dashboard mapping.",R17,Usability;Security;Accessibility;Maintainability,2,P0,Frontend Engineer,,Completed,PBI-017;PBI-138;PBI-139,"Branch: feature/PBI-017-role-based-ui-dashboards. Merge priority: 3. Shared contracts: role names, permission vocabulary, dashboard API response shell, error envelope."
PBI-147,Story,"As an administrator, I want membership and access-control widgets on my dashboard, so that I can act on onboarding, roles, and assignments efficiently","Context: administrators need dashboard access to the most common membership and access-control workflows delivered earlier in the MVP. Business problem: without focused widgets and action entry points, the role-based dashboard provides limited operational value. User role / actor: administrator. Expected behavior: the administrator dashboard exposes widgets or shortcuts for member onboarding, role management, role assignment, and relevant access-control status. Business value: improves efficiency for core platform governance activities. In scope: administrator widgets, membership/access-control action entry points, and summary/status display. Out of scope: KYC/AML review widgets and Shariah review widgets.","[ReqID: R17] Given an administrator opens the dashboard, when the role-specific widgets are rendered, then membership and access-control widgets relevant to administrator responsibilities are visible. | [ReqID: R17] Given a non-administrator opens the dashboard, when role-specific widgets are resolved, then administrator-only widgets or actions are hidden or blocked.",R17,Usability;Security;Audit,2,P0,Frontend Engineer,,Completed,PBI-017;PBI-146;PBI-138;PBI-139,"Branch: feature/PBI-017-role-based-ui-dashboards. Merge priority: 3. Shared files risk: role-to-widget mapping, shared dashboard shell, permission names. Depends on stable outputs from completed PBI-003 workflows."
PBI-148,Story,"As a compliance or review user, I want dashboard widgets that surface my governed workflow actions, so that I can reach the correct workflow quickly and only see actions allowed to me","Context: compliance and review actors need a dashboard that reflects governed workflow responsibilities rather than generic navigation. Business problem: without targeted widgets and permission-aware action visibility, the dashboard does not reduce workflow friction. User role / actor: compliance or review user. Expected behavior: the dashboard exposes only the widgets and actions appropriate to the user’s role, including governed workflow entry points and blocked-state handling for disallowed actions. Business value: improves workflow usability while preserving authorization boundaries. In scope: compliance/review widgets, blocked-action visibility rules, and role-specific action exposure. Out of scope: advanced analytics dashboards.","[ReqID: R17] Given a compliance or review user opens the dashboard, when widgets are resolved, then the platform shows only the widgets and actions assigned to that role. | [ReqID: R17] Given the user attempts to access an action outside the assigned role, when authorization is evaluated, then the UI hides or blocks the action according to the approved rule.",R17,Usability;Security;Accessibility;Audit,1,P1,Frontend Engineer,,Completed,PBI-017;PBI-146;PBI-020;PBI-138;PBI-139,"Branch: feature/PBI-017-role-based-ui-dashboards. Merge priority: 3. Shared contracts: role and permission names, dashboard action contract, blocked-action behavior. ADR required if shared role model or dashboard response contract changes architecture boundaries."
PBI-149,Task,Do validate transaction-history consumer readiness and document downstream contract usage,"Action to be performed: validate that downstream consumers can use the approved transaction-history contract and document the usage expectations after implementation stabilizes. Why it is needed: the contract is only useful if later consumers can adopt it without redefining lifecycle fields or ordering semantics. Expected output: validated consumer-readiness note, documentation updates, and downstream usage guidance for transaction-history consumers. Scope: contract validation against downstream use, documentation updates, and consumer-readiness evidence. Explicit exclusions: new consumer UI implementation.","[ReqID: R05] Given the transaction-history contract is implemented, when consumer readiness is reviewed, then downstream consumers can use the approved lifecycle fields and ordering semantics consistently. | [ReqID: R05] Given the history capability is prepared for closure, when documentation is updated, then downstream contract usage expectations are explicit and reviewable.",R05,Maintainability;Audit;Documentation;Integration,1,P1,Backend Engineer,,Completed,PBI-005;PBI-143;PBI-144;PBI-145;PBI-138;PBI-139,Branch: feature/PBI-005-immutable-audit-trail. Merge priority: 1. This is the post-implementation consumer-readiness/documentation slice created by splitting the old PBI-145.
PBI-150,Story,"As the platform, I want to expose onboarding eligibility for downstream protected workflows, so that blocked or flagged SMEs cannot proceed without an explicit eligibility decision","Context: KYC/AML review currently produces onboarding outcomes, but downstream protected workflows also need an enforceable eligibility seam. Business problem: if blocked or flagged status remains only a stored review outcome, later workflows may not consistently prevent ineligible participants from transacting. User role / actor: system enforcement. Expected behavior: downstream workflow checks can retrieve the onboarding eligibility state and reason metadata for the selected SME. Business value: turns KYC/AML review outcome into an enforceable platform decision rather than only a status label. In scope: eligibility state exposure, blocked/flagged reason metadata, downstream check seam, and authorized retrieval. Out of scope: implementation of all downstream transaction blocks inside this story.","[ReqID: R02] Given an SME is blocked or flagged by KYC/AML review, when a downstream transaction eligibility check is executed, then the platform returns the blocked or flagged state with reason metadata. | [ReqID: R02] Given an SME has passed onboarding review, when the same eligibility check is executed, then the platform returns the eligible state consistently for downstream protected workflows.",R02,Compliance;Security;Audit;Integration,2,P0,Compliance Lead,,Completed,PBI-002;PBI-141;PBI-142;PBI-138;PBI-139,Branch: feature/PBI-002-kyc-aml-onboarding. Merge priority: 2. Added to make 'blocked from transacting' enforceable beyond status/history display.
PBI-151,Story,"As an auditor or security operator, I want access-history investigation widgets on my dashboard, so that I can search access events and inspect event evidence from the dashboard","Context: PBI-017 owns role-based dashboards, and PBI-022 is already closed as backend audit capability. Business problem: without dashboard entry points for access-history investigation, auditor/security users still lack a role-based UI path into the completed access-history APIs. User role / actor: auditor or security operator. Expected behavior: the dashboard exposes investigation widgets or entry points that consume the completed access-history search and event-detail capabilities. Business value: completes the dashboard surface for audit and investigation roles without reopening PBI-022 scope. In scope: dashboard entry point for access-history search, event-detail investigation widgets, success/empty/forbidden/validation states, and contract-driven consumption of completed access-history APIs. Out of scope: new audit APIs, redefining audit event payloads, external SIEM/export, and analytics dashboards.","[ReqID: R17;R22] Given an auditor or security operator opens the dashboard, when role-specific widgets are resolved, then the access-history investigation widgets appropriate to that role are visible. | [ReqID: R17;R22] Given the user invokes an access-history investigation widget, when the dashboard flow executes, then it consumes the approved access-history APIs and preserves backend audit payload semantics. | [ReqID: R17;R22] Given no results, invalid input, or forbidden access occurs, when the widget flow responds, then the dashboard shows the correct empty, validation, or blocked state without redefining backend behavior.",R17;R22,Usability;Security;Audit;Accessibility,3,P1,Frontend Engineer,,Completed,PBI-017;PBI-146;PBI-121;PBI-122;PBI-138;PBI-139,"Branch: feature/PBI-017-role-based-ui-dashboards. Merge priority: 3. Added under PBI-017, not PBI-022, to keep audit UI consumption inside the dashboard feature boundary."
PBI-152,Task,"Do define onboarding intake schema, required evidence metadata, and initial KYC/AML status contract","Action to be performed: define the onboarding intake request contract, mandatory evidence metadata, and initial lifecycle status for KYC/AML onboarding. Why it is needed: implementation should not diverge across branch work on fields, evidence references, or initial state semantics. Expected output: approved intake schema and initial status contract. Scope: request fields, required evidence references, validation rules, initial status name, and response contract. Explicit exclusions: review decision logic and downstream eligibility enforcement.","[ReqID: R02] Given the intake contract is reviewed, when the task closes, then required fields, evidence metadata, and initial status semantics are explicitly defined. | [ReqID: R02] Given downstream API and UI work consume the intake path, when implementation starts, then contributors use the approved contract rather than inventing alternate request or status meanings.",R02,Compliance;Security;Maintainability;Privacy,2,P0,Compliance Lead,,Completed,PBI-140;PBI-138;PBI-139,Branch: feature/PBI-002-kyc-aml-onboarding. Merge priority: 2. Foundational contract slice for onboarding intake.
PBI-153,Task,Do implement onboarding intake API and service validation for KYC/AML case creation,"Action to be performed: build the backend intake API and service logic for creating onboarding cases using the approved intake contract. Why it is needed: the platform needs an executable intake path before review can begin. Expected output: working case-creation endpoint and persistence behavior. Scope: endpoint, service logic, required-field validation, evidence-reference validation, persistence, and initial status creation. Explicit exclusions: review decision logic and dashboard UI.","[ReqID: R02] Given valid KYC/AML onboarding data is submitted, when the intake service executes, then the platform creates the onboarding case with the approved initial status and traceable identifier. | [ReqID: R02] Given required data or evidence metadata is missing or invalid, when intake is attempted, then the platform rejects the request with the correct validation response.",R02,Compliance;Security;Reliability;Privacy,2,P0,Backend Engineer,,Completed,PBI-140;PBI-152,Branch: feature/PBI-002-kyc-aml-onboarding. Merge priority: 2. Consume the approved error/validation pattern from coordination outcomes.
PBI-154,Task,"Do add onboarding intake audit capture, ownership checks, and duplicate-case hardening","Action to be performed: add audit capture, ownership checks, and duplicate/intake hardening to the onboarding case creation flow. Why it is needed: regulated onboarding must be traceable and protected from unsafe repeat or unauthorized submissions. Expected output: auditable and hardened intake behavior. Scope: audit event emission, authorized submission checks, duplicate/open-case rules, and negative-path handling. Explicit exclusions: review outcome recording.","[ReqID: R02] Given an authorized onboarding case is submitted, when the case is created, then the platform records the required audit metadata for the intake action. | [ReqID: R02] Given a duplicate or unauthorized onboarding submission is attempted, when the request is handled, then the platform blocks the action according to the approved rule and returns the correct response.",R02,Compliance;Security;Audit;Reliability,2,P0,Security Engineer,,Completed,PBI-140;PBI-153;PBI-022,Branch: feature/PBI-002-kyc-aml-onboarding. Merge priority: 2. Shared contract touchpoint: audit event schema.
PBI-155,Task,"Do execute onboarding intake validation, documentation updates, and evidence closure for PBI-140","Action to be performed: validate the full onboarding intake slice, update docs, and collect evidence for story closure. Why it is needed: the story is not done without proof across valid and invalid intake paths. Expected output: completed validation, updated docs, and reviewable evidence. Scope: functional checks, regression checks, doc updates, and demo/test evidence. Explicit exclusions: review decision and eligibility enforcement.","[ReqID: R02] Given the onboarding intake tasks are complete, when validation is executed, then success, invalid-input, and blocked-path behavior match the approved contract. | [ReqID: R02] Given the story is prepared for review, when evidence is attached, then test results, representative request/response samples, and documentation updates are available.",R02,Quality;Maintainability;Audit;Documentation,1,P0,QA Lead,,Completed,PBI-140;PBI-153;PBI-154,Branch: feature/PBI-002-kyc-aml-onboarding. Merge priority: 2. Story-closing evidence task for PBI-140.
PBI-156,Task,"Do define KYC/AML review outcome codes, reason fields, and status-transition rules","Action to be performed: define the review outcome vocabulary and lifecycle transition rules for KYC/AML case assessment. Why it is needed: review implementation will drift unless pass, fail, flagged, and blocked outcomes are named and constrained explicitly. Expected output: approved outcome code set and transition rules. Scope: review outcomes, reason field requirements, transition preconditions, and resulting status names. Explicit exclusions: downstream workflow enforcement.","[ReqID: R02] Given the review model is refined, when the task closes, then passing, failed, flagged, and blocked outcomes with required reasons and state transitions are explicitly defined. | [ReqID: R02] Given later implementation consumes review decisions, when development starts, then status changes and outcome semantics are consistent across the branch.",R02,Compliance;Security;Maintainability;Audit,2,P0,Compliance Lead,,Completed,PBI-141;PBI-138;PBI-139,Branch: feature/PBI-002-kyc-aml-onboarding. Merge priority: 2. ADR trigger if shared compliance-state model changes.
PBI-157,Task,Do implement KYC/AML review decision API and outcome persistence,"Action to be performed: build the backend review-decision path that records reviewer outcomes and updates onboarding case state. Why it is needed: the onboarding workflow must support explicit pass/fail/flag decisions. Expected output: working review decision API and persistence behavior. Scope: decision endpoint, service logic, reason capture, state transition, and persistence. Explicit exclusions: status/history query and downstream eligibility gate.","[ReqID: R02] Given a valid onboarding case is under review, when a reviewer records a decision, then the platform stores the outcome, reason metadata, and resulting status transition correctly. | [ReqID: R02] Given an invalid transition or incomplete decision payload is submitted, when the request is handled, then the platform blocks the change with the correct validation response.",R02,Compliance;Security;Reliability;Audit,2,P0,Backend Engineer,,Completed,PBI-141;PBI-156,Branch: feature/PBI-002-kyc-aml-onboarding. Merge priority: 2.
PBI-158,Task,"Do add reviewer authorization, decision audit capture, and block-or-flag hardening for KYC/AML outcomes","Action to be performed: add authorization checks, audit capture, and hardening for blocked/flagged review outcomes. Why it is needed: regulated review decisions must be restricted, traceable, and safely enforced. Expected output: hardened review decision behavior with audit evidence. Scope: reviewer authorization, audit event emission, blocked/flagged outcome handling, and negative-path behavior. Explicit exclusions: downstream eligibility API.","[ReqID: R02] Given an authorized reviewer records a KYC/AML decision, when the decision is saved, then the platform writes the required audit evidence for the review action. | [ReqID: R02] Given an unauthorized actor or invalid blocked/flagged outcome is attempted, when the request is handled, then the platform denies the action or rejects the outcome according to the approved rule.",R02,Compliance;Security;Audit;Reliability,2,P0,Security Engineer,,Completed,PBI-141;PBI-157;PBI-022,Branch: feature/PBI-002-kyc-aml-onboarding. Merge priority: 2. Shared contract touchpoint: audit event schema.
PBI-159,Task,"Do execute KYC/AML review decision validation, documentation updates, and evidence closure for PBI-141","Action to be performed: validate the KYC/AML review-decision slice, update docs, and collect evidence for story closure. Why it is needed: the story is not done without proof across approve/pass, fail, flagged, and blocked paths. Expected output: completed validation, updated docs, and reviewable evidence. Scope: functional checks, regression checks, docs, and evidence. Explicit exclusions: status/history retrieval and eligibility gate.","[ReqID: R02] Given the review decision tasks are complete, when validation is executed, then valid outcome, invalid transition, and blocked-path behavior match the approved rules. | [ReqID: R02] Given the story is prepared for review, when evidence is attached, then test results, representative decision payloads, and documentation updates are available.",R02,Quality;Maintainability;Audit;Documentation,1,P0,QA Lead,,Completed,PBI-141;PBI-157;PBI-158,Branch: feature/PBI-002-kyc-aml-onboarding. Merge priority: 2. Story-closing evidence task for PBI-141.
PBI-160,Task,Do define onboarding status-history read contract and authorized retrieval semantics,"Action to be performed: define the read contract for retrieving onboarding status and decision history, including authorization and intermediate-state behavior. Why it is needed: PBI-142 is intended as a backend/read-contract capability, not dashboard UI, and needs clear response semantics. Expected output: approved status/history response contract and access rules. Scope: response fields, history payload, intermediate-state behavior, authorization rules, and empty/not-found handling. Explicit exclusions: dashboard layout or widget implementation.","[ReqID: R02] Given onboarding status/history retrieval is refined, when the task closes, then the response contract, access rules, and intermediate-state behavior are explicitly defined. | [ReqID: R02] Given future dashboard or API consumers use this capability, when implementation begins, then they consume the approved read contract rather than inventing alternate response semantics.",R02,Compliance;Audit;Maintainability;Privacy,2,P1,Compliance Lead,,Completed,PBI-142;PBI-138;PBI-139,"Branch: feature/PBI-002-kyc-aml-onboarding. Merge priority: 2. Clarifies PBI-142 as backend status/history capability, not dashboard UI."
PBI-161,Task,Do implement onboarding status-history read model and API,"Action to be performed: build the backend read model and API for onboarding status and decision history retrieval. Why it is needed: authorized users need an executable capability to verify onboarding readiness and prior outcomes. Expected output: working status/history retrieval path. Scope: read model, route/service, response mapping, intermediate-state handling, and not-found/empty-result behavior. Explicit exclusions: widget/dashboard consumption.","[ReqID: R02] Given an onboarding case exists, when an authorized user requests status/history, then the platform returns the current onboarding state and prior review outcomes in the approved response shape. | [ReqID: R02] Given the case is in progress, missing, or has limited history, when retrieval is requested, then the platform returns the correct intermediate, empty, or not-found behavior without error drift.",R02,Compliance;Audit;Reliability;Privacy,2,P1,Backend Engineer,,Completed,PBI-142;PBI-160,Branch: feature/PBI-002-kyc-aml-onboarding. Merge priority: 2.
PBI-162,Task,"Do add authorization checks, history ordering, and privacy hardening for onboarding status retrieval","Action to be performed: add authorization, ordering, and privacy hardening to onboarding status/history retrieval. Why it is needed: the capability contains compliance-sensitive data and must not leak or reorder decision history unsafely. Expected output: authorized and hardened read behavior. Scope: access checks, chronological ordering, privacy-sensitive field handling, and negative-path behavior. Explicit exclusions: dashboard widget implementation.","[ReqID: R02] Given an authorized user retrieves onboarding history, when the response is returned, then prior review outcomes are ordered and privacy-sensitive fields are handled according to the approved rule. | [ReqID: R02] Given an unauthorized or invalid retrieval is attempted, when the request is handled, then the platform blocks access or returns the correct negative-path response.",R02,Compliance;Security;Audit;Privacy,2,P1,Security Engineer,,Completed,PBI-142;PBI-161,Branch: feature/PBI-002-kyc-aml-onboarding. Merge priority: 2.
PBI-163,Task,"Do execute onboarding status-history validation, documentation updates, and evidence closure for PBI-142","Action to be performed: validate onboarding status/history retrieval, update docs, and collect evidence for story closure. Why it is needed: the story is not done until authorized retrieval, intermediate-state handling, and negative paths are proven. Expected output: completed validation, updated docs, and reviewable evidence. Scope: functional checks, regression checks, docs, and evidence. Explicit exclusions: dashboard UI consumption.","[ReqID: R02] Given the status/history tasks are complete, when validation is executed, then authorized retrieval, intermediate-state behavior, and negative paths match the approved contract. | [ReqID: R02] Given the story is prepared for review, when evidence is attached, then representative responses, test results, and documentation updates are available.",R02,Quality;Maintainability;Audit;Documentation,1,P1,QA Lead,,Completed,PBI-142;PBI-161;PBI-162,Branch: feature/PBI-002-kyc-aml-onboarding. Merge priority: 2. Story-closing evidence task for PBI-142.
PBI-164,Task,Do implement immutable procure-to-pay event capture using the approved transaction-history contract,"Action to be performed: implement lifecycle event capture for procure-to-pay actions using the approved contract and field semantics from PBI-145. Why it is needed: event write behavior should be guided by the shared transaction-history contract rather than invented per endpoint. Expected output: working immutable lifecycle event capture path. Scope: PO/delivery/invoice/settlement event construction, actor/timestamp capture, immutable reference writing, and request correlation. Explicit exclusions: history retrieval API.","[ReqID: R05] Given a PO, delivery, invoice, or settlement action occurs, when the transaction is committed, then the platform records the lifecycle event using the approved immutable history contract fields. | [ReqID: R05] Given the write path records immutable reference evidence, when the event is reviewed later, then the stored reference data is sufficient to support tamper detection expectations in MVP scope.",R05,Audit;Integrity;Security;Reliability,2,P0,Backend Engineer,,Completed,PBI-143;PBI-145,Branch: feature/PBI-005-immutable-audit-trail. Merge priority: 1. Consumes the foundational contract from PBI-145.
PBI-165,Task,Do add append-only persistence safeguards and correlation hardening for procure-to-pay lifecycle events,"Action to be performed: add append-only persistence safeguards, correlation integrity, and negative-path hardening to the immutable lifecycle event write path. Why it is needed: the audit trail must resist unsupported overwrite semantics and preserve case correlation across events. Expected output: hardened immutable write behavior. Scope: append-only safeguards, correlation key enforcement, duplicate/unsupported write handling, and negative-path behavior. Explicit exclusions: history query retrieval.","[ReqID: R05] Given a procure-to-pay lifecycle event is written, when the persistence layer handles it, then append-only and correlation safeguards preserve the approved immutable audit semantics. | [ReqID: R05] Given an unsupported overwrite or invalid correlation scenario is attempted, when the request is handled, then the platform rejects or hardens the write according to the approved rule.",R05,Audit;Integrity;Security;Maintainability,2,P0,Security Engineer,,Completed,PBI-143;PBI-164;PBI-022,Branch: feature/PBI-005-immutable-audit-trail. Merge priority: 1. Shared contract touchpoint: audit event schema and immutable reference behavior.
PBI-166,Task,Do integrate procure-to-pay event sources into the immutable lifecycle write path,"Action to be performed: wire the relevant procure-to-pay sources into the immutable lifecycle write path. Why it is needed: event capture is not complete until the in-scope PO, delivery, invoice, and settlement actions actually emit the approved lifecycle records. Expected output: in-scope event sources integrated to the immutable trail. Scope: event-source wiring, lifecycle context mapping, and source-specific validation. Explicit exclusions: downstream history consumer UI.","[ReqID: R05] Given an in-scope procure-to-pay action is executed, when the source integration runs, then the platform emits the correct immutable lifecycle event for that action. | [ReqID: R05] Given multiple lifecycle sources exist, when the integration is reviewed, then each source maps to the approved case correlation and event field semantics consistently.",R05,Audit;Integration;Reliability;Maintainability,2,P0,Backend Engineer,,Completed,PBI-143;PBI-164;PBI-165,Branch: feature/PBI-005-immutable-audit-trail. Merge priority: 1.
PBI-167,Task,"Do execute immutable lifecycle event validation, documentation updates, and evidence closure for PBI-143","Action to be performed: validate immutable lifecycle event capture, update docs, and collect evidence for story closure. Why it is needed: the story is not done without proof that the in-scope event sources emit correct immutable records. Expected output: completed validation, updated docs, and reviewable evidence. Scope: functional checks, regression checks, event samples, doc updates, and evidence. Explicit exclusions: history retrieval and consumer UI.","[ReqID: R05] Given the immutable event capture tasks are complete, when validation is executed, then the recorded lifecycle events match the approved contract and immutable-reference behavior. | [ReqID: R05] Given the story is prepared for review, when evidence is attached, then representative event samples, test results, and documentation updates are available.",R05,Quality;Audit;Documentation;Maintainability,1,P0,QA Lead,,Completed,PBI-143;PBI-164;PBI-165;PBI-166,Branch: feature/PBI-005-immutable-audit-trail. Merge priority: 1. Story-closing evidence task for PBI-143.
PBI-168,Task,Do implement ordered transaction-history read model for procure-to-pay cases,"Action to be performed: implement the read model for retrieving related procure-to-pay lifecycle events in approved order for a selected case. Why it is needed: auditors need a stable retrieval capability built on the approved transaction-history contract. Expected output: working ordered history read model. Scope: case correlation lookup, chronological ordering, empty-result handling, and lifecycle event projection. Explicit exclusions: regulator export packaging.","[ReqID: R05] Given related procure-to-pay events exist for a case, when the read model is queried, then it returns the available lifecycle events in the approved order. | [ReqID: R05] Given no events exist yet for the case, when the same query is executed, then the read model returns an empty successful result rather than an error.",R05,Audit;Integrity;Reliability;Maintainability,2,P0,Backend Engineer,,Completed,PBI-144;PBI-145;PBI-143,Branch: feature/PBI-005-immutable-audit-trail. Merge priority: 1. Consumes the approved history contract from PBI-145.
PBI-169,Task,Do expose transaction-history API with incomplete or gap signaling,"Action to be performed: expose the ordered transaction-history capability through an API that returns available events with explicit incomplete/gap signaling where completeness cannot be proven. Why it is needed: history retrieval should not overstate evidence completeness. Expected output: stable transaction-history API and response behavior. Scope: route/service, response mapping, incomplete/gap status signaling, and empty-result handling. Explicit exclusions: dashboard UI consumption.","[ReqID: R05] Given a case history is requested, when the API responds, then it returns the available ordered lifecycle events in the approved response shape. | [ReqID: R05] Given lifecycle completeness cannot be proven or unsupported missing steps exist, when the API responds, then it returns explicit incomplete or gap status rather than implying a complete lifecycle.",R05,Audit;Integrity;Usability;Security,2,P0,Backend Engineer,,Completed,PBI-144;PBI-168,Branch: feature/PBI-005-immutable-audit-trail. Merge priority: 1.
PBI-170,Task,Do add transaction-history authorization and negative-path hardening for procure-to-pay retrieval,"Action to be performed: add authorization and negative-path hardening to procure-to-pay history retrieval. Why it is needed: history contains audit-sensitive lifecycle data and must be access-controlled and stable in failure cases. Expected output: authorized and hardened history retrieval behavior. Scope: access checks, invalid-case handling, not-found/empty handling, and negative-path response behavior. Explicit exclusions: regulator export and dashboard widgets.","[ReqID: R05] Given an authorized auditor requests transaction history, when the request is handled, then the platform returns the ordered history or explicit incomplete/gap status correctly. | [ReqID: R05] Given an unauthorized or invalid retrieval is attempted, when the request is handled, then the platform blocks access or returns the correct negative-path response without leaking unsupported details.",R05,Security;Audit;Reliability;Integrity,2,P0,Security Engineer,,Completed,PBI-144;PBI-169,Branch: feature/PBI-005-immutable-audit-trail. Merge priority: 1.
PBI-171,Task,"Do execute transaction-history retrieval validation, documentation updates, and evidence closure for PBI-144","Action to be performed: validate ordered transaction-history retrieval, update docs, and collect evidence for story closure. Why it is needed: the story is not done until ordered history, empty results, incomplete/gap signaling, and authorization behavior are proven. Expected output: completed validation, updated docs, and reviewable evidence. Scope: functional checks, regression checks, representative responses, and documentation updates. Explicit exclusions: downstream dashboard consumption.","[ReqID: R05] Given the history retrieval tasks are complete, when validation is executed, then ordered history, empty-result, incomplete/gap, and negative-path behavior match the approved contract. | [ReqID: R05] Given the story is prepared for review, when evidence is attached, then test results, response samples, and documentation updates are available.",R05,Quality;Audit;Documentation;Maintainability,1,P0,QA Lead,,Completed,PBI-144;PBI-169;PBI-170,Branch: feature/PBI-005-immutable-audit-trail. Merge priority: 1. Story-closing evidence task for PBI-144.
PBI-172,Task,"Do define role-to-dashboard mapping, navigation shell contract, and shared widget zones","Action to be performed: define the dashboard shell contract, role-to-dashboard mapping, navigation model, and shared widget zones for role-based UI. Why it is needed: concurrent dashboard stories should consume one approved shell and mapping rather than inventing per-role layouts. Expected output: approved dashboard shell and mapping contract. Scope: role-to-dashboard mapping, navigation shell, shared layout zones, and widget placement rules. Explicit exclusions: implementation of specific role widgets.","[ReqID: R17] Given the dashboard shell is refined, when the task closes, then role mapping, navigation behavior, and widget zones are explicitly defined. | [ReqID: R17] Given later role-specific widget stories consume the shell, when implementation begins, then they use the approved dashboard contract rather than inventing alternate layout or navigation rules.",R17,Usability;Maintainability;Accessibility;Security,2,P0,Frontend Engineer,,Completed,PBI-146;PBI-138;PBI-139,"Branch: feature/PBI-017-role-based-ui-dashboards. Merge priority: 3. Shared contracts: role names, permission vocabulary, dashboard shell response."
PBI-173,Task,Do implement role-based dashboard shell and navigation resolution,"Action to be performed: implement the base role-based dashboard shell and navigation resolution using the approved shell contract. Why it is needed: role-specific widget stories depend on a working dashboard shell and role resolution path. Expected output: working dashboard shell and role-based navigation behavior. Scope: shell rendering, role resolution, navigation routing, and shared widget zone rendering. Explicit exclusions: specific administrator/compliance/auditor widgets.","[ReqID: R17] Given a user logs in with a defined role, when the dashboard loads, then the shell and navigation follow the approved role-to-dashboard mapping. | [ReqID: R17] Given different role types are exercised, when the dashboard resolves their landing experience, then the navigation and shared layout behave consistently across roles.",R17,Usability;Security;Accessibility;Maintainability,2,P0,Frontend Engineer,,Completed,PBI-146;PBI-172,Branch: feature/PBI-017-role-based-ui-dashboards. Merge priority: 3.
PBI-174,Task,"Do add dashboard access checks, blocked-route handling, and shared error-state behavior","Action to be performed: add access checks, blocked-route handling, and shared error/empty-state behavior to the dashboard shell. Why it is needed: role-based UI must enforce allowed actions and present stable negative-path behavior before role-specific widgets are added. Expected output: hardened dashboard shell behavior. Scope: permission-aware navigation, blocked-route handling, unauthorized-state rendering, and shared error-state behavior. Explicit exclusions: role-specific widget implementation.","[ReqID: R17] Given a user attempts to access a dashboard route or action outside the assigned role, when authorization is evaluated, then the UI hides or blocks it according to the approved rule. | [ReqID: R17] Given the dashboard encounters a shared error or unavailable-state condition, when the shell renders, then the UI displays the approved shared negative-path behavior consistently.",R17,Security;Usability;Accessibility;Reliability,2,P0,Frontend Engineer,,Completed,PBI-146;PBI-173,Branch: feature/PBI-017-role-based-ui-dashboards. Merge priority: 3.
PBI-175,Task,"Do execute dashboard shell validation, documentation updates, and evidence closure for PBI-146","Action to be performed: validate the dashboard shell and role-based navigation behavior, update docs, and collect evidence for story closure. Why it is needed: the story is not done until role mapping, navigation, and blocked-route behavior are proven. Expected output: completed validation, updated docs, and reviewable evidence. Scope: functional checks, regression checks, screenshots, and documentation updates. Explicit exclusions: role-specific widget validation.","[ReqID: R17] Given the dashboard shell tasks are complete, when validation is executed, then role-based navigation and blocked-route behavior match the approved shell contract. | [ReqID: R17] Given the story is prepared for review, when evidence is attached, then screenshots, test results, and documentation updates are available.",R17,Quality;Maintainability;Accessibility;Documentation,1,P0,QA Lead,,Completed,PBI-146;PBI-173;PBI-174,Branch: feature/PBI-017-role-based-ui-dashboards. Merge priority: 3. Story-closing evidence task for PBI-146.
PBI-176,Task,Do define administrator widget contract and membership or access-control action entry mapping,"Action to be performed: define the widget contract and action-entry mapping for administrator-facing dashboard widgets. Why it is needed: administrator dashboard work should consume completed platform workflows consistently and avoid ad hoc widget semantics. Expected output: approved admin widget contract and action mapping. Scope: widget fields, summary states, action entry points, and role visibility rules. Explicit exclusions: KYC/AML review widgets and implementation rendering.","[ReqID: R17] Given the administrator dashboard widgets are refined, when the task closes, then membership and access-control widget fields, action entries, and visibility rules are explicitly defined. | [ReqID: R17] Given later widget implementation consumes this contract, when development starts, then contributors use the approved admin widget mapping rather than inventing alternate widget meanings.",R17,Usability;Maintainability;Security;Audit,2,P0,Frontend Engineer,,Completed,PBI-147;PBI-146;PBI-138;PBI-139,Branch: feature/PBI-017-role-based-ui-dashboards. Merge priority: 3.
PBI-177,Task,"Do implement administrator dashboard widgets for member onboarding, roles, and assignments","Action to be performed: implement the administrator-facing dashboard widgets and action entry points for membership and access-control workflows. Why it is needed: administrator dashboard value depends on executable shortcuts and visibility into core governance actions. Expected output: working administrator widgets and navigation entry points. Scope: widget rendering, action shortcuts, summary/status display, and integration to completed admin workflows. Explicit exclusions: compliance/review widgets.","[ReqID: R17] Given an administrator opens the dashboard, when widgets are rendered, then member onboarding, role management, and role-assignment widgets relevant to that role are visible and usable. | [ReqID: R17] Given the administrator uses a widget entry point, when navigation occurs, then the platform routes to the appropriate governed workflow without redefining backend behavior.",R17,Usability;Security;Maintainability;Audit,2,P0,Frontend Engineer,,Completed,PBI-147;PBI-176;PBI-146,Branch: feature/PBI-017-role-based-ui-dashboards. Merge priority: 3.
PBI-178,Task,Do add administrator widget permission filtering and summary-state hardening,"Action to be performed: add permission-aware filtering and summary-state hardening to administrator widgets. Why it is needed: widgets must not expose disallowed actions or misleading state to non-admin roles. Expected output: hardened admin widget behavior. Scope: widget visibility filtering, blocked-action handling, summary-state rules, and negative-path behavior. Explicit exclusions: compliance/review widget logic.","[ReqID: R17] Given a non-administrator or restricted actor reaches the dashboard, when widget visibility is resolved, then administrator-only widgets or actions are hidden or blocked correctly. | [ReqID: R17] Given administrator widget summary states are shown, when the dashboard renders, then they follow the approved contract and do not misrepresent unavailable or unsupported data.",R17,Security;Usability;Reliability;Audit,2,P0,Frontend Engineer,,Completed,PBI-147;PBI-177,Branch: feature/PBI-017-role-based-ui-dashboards. Merge priority: 3.
PBI-179,Task,"Do execute administrator widget validation, documentation updates, and evidence closure for PBI-147","Action to be performed: validate administrator widget behavior, update docs, and collect evidence for story closure. Why it is needed: the story is not done until widget visibility, action entry points, and negative paths are proven. Expected output: completed validation, updated docs, and reviewable evidence. Scope: functional checks, regression checks, screenshots, and documentation updates. Explicit exclusions: compliance/review or auditor widget validation.","[ReqID: R17] Given the administrator widget tasks are complete, when validation is executed, then role visibility, action entry points, and blocked behavior match the approved widget contract. | [ReqID: R17] Given the story is prepared for review, when evidence is attached, then screenshots, test results, and documentation updates are available.",R17,Quality;Maintainability;Audit;Documentation,1,P0,QA Lead,,Completed,PBI-147;PBI-177;PBI-178,Branch: feature/PBI-017-role-based-ui-dashboards. Merge priority: 3. Story-closing evidence task for PBI-147.
PBI-180,Task,"Do define compliance or review widget contract, governed action mapping, and blocked-state rules","Action to be performed: define the widget contract and governed action mapping for compliance/review dashboard widgets. Why it is needed: compliance/review dashboard work must use one approved mapping for visible actions, blocked states, and workflow summaries. Expected output: approved compliance/review widget contract. Scope: widget fields, action mapping, blocked-state rules, and role visibility. Explicit exclusions: advanced analytics widgets.","[ReqID: R17] Given the compliance/review widgets are refined, when the task closes, then widget fields, action mappings, and blocked-state behavior for those roles are explicitly defined. | [ReqID: R17] Given later implementation consumes this contract, when development starts, then contributors use the approved governed workflow mapping rather than inventing alternate widget semantics.",R17,Usability;Maintainability;Security;Accessibility,1,P1,Frontend Engineer,,Completed,PBI-148;PBI-146;PBI-138;PBI-139,Branch: feature/PBI-017-role-based-ui-dashboards. Merge priority: 3.
PBI-181,Task,Do implement compliance or review dashboard widgets and governed workflow entry points,"Action to be performed: implement the compliance/review dashboard widgets and action entry points using the approved contract. Why it is needed: the dashboard should surface governed workflow actions relevant to compliance and review roles. Expected output: working compliance/review widgets and entry points. Scope: widget rendering, action shortcuts, summary/status display, and integration to governed workflows. Explicit exclusions: auditor/security widgets.","[ReqID: R17] Given a compliance or review user opens the dashboard, when widgets are rendered, then the platform shows only the widgets and actions assigned to that role. | [ReqID: R17] Given the user selects a governed workflow widget, when navigation occurs, then the platform routes to the correct workflow entry point while preserving permission-aware behavior.",R17,Usability;Security;Accessibility;Maintainability,2,P1,Frontend Engineer,,Completed,PBI-148;PBI-180;PBI-146,Branch: feature/PBI-017-role-based-ui-dashboards. Merge priority: 3.
PBI-182,Task,"Do add blocked-action handling, permission filtering, and shared status-state hardening for compliance or review widgets","Action to be performed: add blocked-action handling, permission filtering, and status-state hardening to compliance/review widgets. Why it is needed: role-based widgets must not expose disallowed actions or misrepresent governed workflow state. Expected output: hardened compliance/review widget behavior. Scope: permission filtering, blocked-action handling, summary-state rules, and negative-path behavior. Explicit exclusions: administrator or auditor widget logic.","[ReqID: R17] Given a user attempts to access an action outside the assigned role, when the widget resolves or is invoked, then the UI hides or blocks the action according to the approved rule. | [ReqID: R17] Given governed workflow summary states are shown in the widget, when the dashboard renders, then they follow the approved contract and do not misrepresent unavailable or unsupported state.",R17,Security;Usability;Accessibility;Reliability,2,P1,Frontend Engineer,,Completed,PBI-148;PBI-181,Branch: feature/PBI-017-role-based-ui-dashboards. Merge priority: 3.
PBI-183,Task,"Do execute compliance or review widget validation, documentation updates, and evidence closure for PBI-148","Action to be performed: validate compliance/review widget behavior, update docs, and collect evidence for story closure. Why it is needed: the story is not done until role visibility, blocked-state handling, and governed entry points are proven. Expected output: completed validation, updated docs, and reviewable evidence. Scope: functional checks, regression checks, screenshots, and documentation updates. Explicit exclusions: administrator or auditor widget validation.","[ReqID: R17] Given the compliance/review widget tasks are complete, when validation is executed, then role visibility, blocked-action behavior, and workflow entry points match the approved widget contract. | [ReqID: R17] Given the story is prepared for review, when evidence is attached, then screenshots, test results, and documentation updates are available.",R17,Quality;Maintainability;Audit;Documentation,1,P1,QA Lead,,Completed,PBI-148;PBI-181;PBI-182,Branch: feature/PBI-017-role-based-ui-dashboards. Merge priority: 3. Story-closing evidence task for PBI-148.
PBI-184,Task,"Do define onboarding eligibility contract, blocked-or-flagged reason metadata, and downstream check semantics","Action to be performed: define the contract for downstream onboarding eligibility checks, including eligible, blocked, and flagged states with reason metadata. Why it is needed: 'blocked from transacting' must become an enforceable seam rather than only a stored review outcome. Expected output: approved onboarding eligibility contract and check semantics. Scope: eligibility states, reason metadata, authorized retrieval semantics, and response contract. Explicit exclusions: implementation of all downstream transaction blocks.","[ReqID: R02] Given the onboarding eligibility seam is refined, when the task closes, then the eligible, blocked, and flagged states with reason metadata are explicitly defined for downstream use. | [ReqID: R02] Given protected workflows later consume eligibility checks, when implementation begins, then they use the approved contract rather than treating onboarding state as a loose status label.",R02,Compliance;Security;Integration;Maintainability,2,P0,Compliance Lead,,Completed,PBI-150;PBI-141;PBI-142;PBI-138;PBI-139,Branch: feature/PBI-002-kyc-aml-onboarding. Merge priority: 2. Added to make onboarding outcomes enforceable in downstream workflows.
PBI-185,Task,Do implement onboarding eligibility retrieval service and API for downstream workflow checks,"Action to be performed: implement the backend service/API that exposes onboarding eligibility for downstream protected workflows. Why it is needed: downstream transaction or protected workflow branches need a stable executable check path. Expected output: working eligibility retrieval capability. Scope: service logic, route/API, response mapping, and eligible/blocked/flagged output. Explicit exclusions: embedding the check into all downstream workflows.","[ReqID: R02] Given an SME has a recorded onboarding outcome, when a downstream eligibility check is executed, then the platform returns the correct eligible, blocked, or flagged state with reason metadata. | [ReqID: R02] Given no valid onboarding outcome exists for the SME, when the same check is executed, then the platform returns the approved negative or indeterminate response according to contract.",R02,Compliance;Security;Integration;Reliability,2,P0,Backend Engineer,,Completed,PBI-150;PBI-184,Branch: feature/PBI-002-kyc-aml-onboarding. Merge priority: 2.
PBI-186,Task,"Do add authorization, audit capture, and blocked-flow hardening for onboarding eligibility checks","Action to be performed: add authorization, audit capture, and blocked-flow hardening to the onboarding eligibility seam. Why it is needed: eligibility checks affect protected workflow decisions and must be auditable and access-controlled. Expected output: hardened eligibility check behavior. Scope: access checks, audit events for eligibility decisions where required, blocked-flow semantics, and negative-path handling. Explicit exclusions: full downstream transaction enforcement.","[ReqID: R02] Given an authorized downstream check requests onboarding eligibility, when the check is executed, then the platform returns the correct state and records any required audit metadata. | [ReqID: R02] Given an unauthorized or unsupported eligibility query is attempted, when the request is handled, then the platform blocks access or returns the correct negative-path response.",R02,Compliance;Security;Audit;Reliability,2,P0,Security Engineer,,Completed,PBI-150;PBI-185;PBI-022,Branch: feature/PBI-002-kyc-aml-onboarding. Merge priority: 2. Shared contract touchpoint: audit event schema and protected-workflow check semantics.
PBI-187,Task,"Do execute onboarding eligibility validation, documentation updates, and evidence closure for PBI-150","Action to be performed: validate the onboarding eligibility seam, update docs, and collect evidence for story closure. Why it is needed: the story is not done until eligible, blocked, flagged, and negative-path behavior are proven for downstream consumers. Expected output: completed validation, updated docs, and reviewable evidence. Scope: functional checks, regression checks, representative responses, and documentation updates. Explicit exclusions: embedding checks into all downstream features.","[ReqID: R02] Given the eligibility tasks are complete, when validation is executed, then eligible, blocked, flagged, and negative-path behavior match the approved contract. | [ReqID: R02] Given the story is prepared for review, when evidence is attached, then test results, representative responses, and documentation updates are available.",R02,Quality;Maintainability;Audit;Documentation,1,P0,QA Lead,,Completed,PBI-150;PBI-185;PBI-186,Branch: feature/PBI-002-kyc-aml-onboarding. Merge priority: 2. Story-closing evidence task for PBI-150.
PBI-188,Task,Do define auditor or security dashboard investigation widget contract and access-history consumption mapping,"Action to be performed: define the dashboard widget contract for auditor/security investigation entry points that consume completed access-history APIs. Why it is needed: PBI-151 should consume PBI-121/PBI-122 cleanly without reopening PBI-022 scope. Expected output: approved auditor/security widget contract and API-consumption mapping. Scope: widget fields, entry points, access-history search/detail/sequence consumption mapping, and role visibility rules. Explicit exclusions: new audit APIs and analytics dashboards.","[ReqID: R17;R22] Given the auditor/security dashboard widgets are refined, when the task closes, then widget fields, entry points, and access-history consumption mapping are explicitly defined. | [ReqID: R17;R22] Given later implementation consumes completed access-history APIs, when development starts, then contributors use the approved widget contract rather than redefining backend audit payload semantics.",R17;R22,Usability;Security;Audit;Maintainability,2,P1,Frontend Engineer,,Completed,PBI-151;PBI-146;PBI-121;PBI-122;PBI-138;PBI-139,"Branch: feature/PBI-017-role-based-ui-dashboards. Merge priority: 3. Added under PBI-017, not PBI-022."
PBI-189,Task,Do implement dashboard investigation widgets consuming access-history search and event-detail capabilities,"Action to be performed: implement the auditor/security dashboard widgets and entry flows that consume access-history search and event-detail capabilities. Why it is needed: auditors/security operators need a dashboard path into the completed investigation APIs. Expected output: working investigation widgets and entry flows. Scope: widget rendering, search entry point, event-detail entry point, integration to completed access-history APIs, and summary/result-state display. Explicit exclusions: new audit API implementation.","[ReqID: R17;R22] Given an auditor or security operator opens the dashboard, when the widgets are rendered, then access-history investigation entry points appropriate to that role are visible and usable. | [ReqID: R17;R22] Given the user invokes a dashboard investigation flow, when the UI calls the backend APIs, then it preserves the approved backend audit payload semantics and response behavior.",R17;R22,Usability;Security;Audit;Accessibility,2,P1,Frontend Engineer,,Completed,PBI-151;PBI-188;PBI-121;PBI-122,Branch: feature/PBI-017-role-based-ui-dashboards. Merge priority: 3.
PBI-190,Task,"Do add empty-result, validation, and forbidden-state handling for dashboard investigation widgets","Action to be performed: add empty-result, validation, and forbidden-state handling to the auditor/security dashboard investigation widgets. Why it is needed: investigation widgets are not operationally safe if they only support happy-path access-history flows. Expected output: hardened widget behavior across empty, invalid, and forbidden states. Scope: empty-result rendering, validation/error feedback, forbidden-state handling, and negative-path behavior. Explicit exclusions: new backend error semantics.","[ReqID: R17;R22] Given no results, invalid input, or forbidden access occurs during a dashboard investigation flow, when the widget responds, then the UI shows the correct empty, validation, or blocked state without redefining backend behavior. | [ReqID: R17;R22] Given the investigation widgets are visible to the correct role, when a non-authorized user reaches the same flow, then the widget hides, blocks, or returns the approved negative-path behavior correctly.",R17;R22,Usability;Security;Accessibility;Reliability,2,P1,Frontend Engineer,,Completed,PBI-151;PBI-189,Branch: feature/PBI-017-role-based-ui-dashboards. Merge priority: 3.
PBI-191,Task,"Do execute dashboard investigation widget validation, documentation updates, and evidence closure for PBI-151","Action to be performed: validate auditor/security dashboard investigation widgets, update docs, and collect evidence for story closure. Why it is needed: the story is not done until success, empty, validation, and forbidden states are proven for dashboard investigation flows. Expected output: completed validation, updated docs, and reviewable evidence. Scope: functional checks, regression checks, screenshots, representative response samples, and documentation updates. Explicit exclusions: new audit API implementation.","[ReqID: R17;R22] Given the dashboard investigation widget tasks are complete, when validation is executed, then success, empty-result, validation, and forbidden-state behavior match the approved widget contract and backend response semantics. | [ReqID: R17;R22] Given the story is prepared for review, when evidence is attached, then screenshots, test results, and documentation updates are available.",R17;R22,Quality;Maintainability;Audit;Documentation,1,P1,QA Lead,,Completed,PBI-151;PBI-189;PBI-190,Branch: feature/PBI-017-role-based-ui-dashboards. Merge priority: 3. Story-closing evidence task for PBI-151.
PBI-192,Story,"As a buyer, I want to accept an approved order with escrow terms, so that the order enters a controlled escrow workflow","Context: Order acceptance must create a controlled transaction state before escrow and later release can occur. Business problem: manual order acceptance and escrow setup are difficult to verify and expose settlement risk. User role / actor: buyer. Expected behavior: buyer accepts an approved order with escrow terms and the system creates the initial contract workflow state. Business value: creates a traceable and enforceable starting point for financing-enabled procurement. In scope: order acceptance, escrow-term capture, initial escrow workflow state, validation, and audit recording. Out of scope: release execution and PLS distribution.","[ReqID: R06] Given an approved order with valid escrow terms exists, when the buyer accepts the order, then the platform creates an escrow workflow record with the governing terms and initial status. | [ReqID: R06] Given required escrow terms are missing or invalid, when order acceptance is attempted, then the platform rejects the request with validation feedback and no escrow workflow is created.",R06,Security;Audit;Reliability;Compliance,3,P0,Backend Engineer,,Ready for Refinement,PBI-006;PBI-005;PBI-003,"Branch: feature/PBI-006-order-escrow-workflow. Depends on completed access/membership and immutable audit foundations. MVP scope should remain centralized-first or hybrid-anchored only where justified. Status review note 2026-05-26: escrow first-slice evidence exists, but this legacy escrow lifecycle/release scope needs grooming against PBI-341 to PBI-360 before status closure. Scope grooming 2026-05-26: overlaps with completed escrow first-slice PBIs PBI-341 to PBI-360; retain for future full lifecycle/release/settlement hardening unless Product Owner narrows scope."
PBI-193,Task,Do define order acceptance and escrow-term contract,"Action to be performed: define the request, response, validation rules, and required escrow-term fields for order acceptance. Why it is needed: implementation should not invent escrow fields or acceptance semantics during coding. Expected output: approved order-acceptance contract and validation matrix. Scope: accepted order identifier, buyer actor source, escrow amount or reference, release conditions, parties, initial status, and response shape. Explicit exclusions: release execution and settlement processing.","[ReqID: R06] Given the order-acceptance contract is reviewed, when the task closes, then required escrow fields, validation rules, and initial status semantics are explicitly defined. | [ReqID: R06] Given implementation starts, when contributors consume the contract, then they use the approved fields and response shape rather than inventing route-specific semantics.",R06,Security;Audit;Maintainability,2,P0,Backend Engineer,,Ready for Refinement,PBI-192;PBI-005,"Branch: feature/PBI-006-order-escrow-workflow. Contract task should align with transaction-history and audit-event contracts from PBI-005. Status review note 2026-05-26: escrow first-slice evidence exists, but this legacy escrow lifecycle/release scope needs grooming against PBI-341 to PBI-360 before status closure. Scope grooming 2026-05-26: overlaps with completed escrow first-slice PBIs PBI-341 to PBI-360; retain for future full lifecycle/release/settlement hardening unless Product Owner narrows scope."
PBI-194,Task,Do implement order acceptance service and escrow workflow creation API,"Action to be performed: implement the backend service and API endpoint that accepts approved orders and creates initial escrow workflow records. Why it is needed: PBI-192 requires an executable acceptance path before lifecycle transitions can be implemented. Expected output: working acceptance API, service logic, persistence behavior, and initial escrow status creation. Scope: route/service, validation, persistence, initial status creation, and successful response mapping. Explicit exclusions: proof-condition evaluation and escrow release.","[ReqID: R06] Given a valid approved order and escrow terms are submitted, when the service executes, then the platform creates the escrow workflow record with initial status and governing terms. | [ReqID: R06] Given invalid terms or an ineligible order are submitted, when the service executes, then the platform rejects the request and does not create an escrow workflow record.",R06,Security;Audit;Reliability;Compliance,2,P0,Backend Engineer,,Ready for Refinement,PBI-192;PBI-193,"Branch: feature/PBI-006-order-escrow-workflow. Use existing validation envelope and server-derived actor context. Status review note 2026-05-26: escrow first-slice evidence exists, but this legacy escrow lifecycle/release scope needs grooming against PBI-341 to PBI-360 before status closure. Scope grooming 2026-05-26: overlaps with completed escrow first-slice PBIs PBI-341 to PBI-360; retain for future full lifecycle/release/settlement hardening unless Product Owner narrows scope."
PBI-195,Task,"Do add audit capture, authorization checks, and evidence closure for order acceptance","Action to be performed: add protected-action authorization, audit capture, tests, documentation, and evidence for order acceptance. Why it is needed: order acceptance is a governed transaction action and must be traceable. Expected output: hardened acceptance path with audit evidence and story closure artifacts. Scope: permission checks, actor attribution, audit event emission, negative-path tests, docs, and representative request/response evidence. Explicit exclusions: escrow release and settlement execution.","[ReqID: R06] Given an authorized buyer accepts an order, when the escrow workflow is created, then the platform records audit evidence for the acceptance action. | [ReqID: R06] Given an unauthorized actor attempts acceptance, when authorization is evaluated, then the platform denies the action and records or exposes the correct outcome according to policy. | [ReqID: R06] Given the story is prepared for review, when evidence is attached, then tests, sample responses, and documentation updates are available.",R06,Security;Audit;Quality;Documentation,2,P0,QA Lead,,Ready for Refinement,PBI-192;PBI-194;PBI-022,"Branch: feature/PBI-006-order-escrow-workflow. Story-closing evidence task for PBI-192. Status review note 2026-05-26: escrow first-slice evidence exists, but this legacy escrow lifecycle/release scope needs grooming against PBI-341 to PBI-360 before status closure. Scope grooming 2026-05-26: overlaps with completed escrow first-slice PBIs PBI-341 to PBI-360; retain for future full lifecycle/release/settlement hardening unless Product Owner narrows scope."
PBI-196,Story,"As the platform, I want to evaluate escrow proof conditions and control escrow lifecycle states, so that escrow cannot move forward without required evidence","Context: Escrow workflow requires controlled transitions from accepted order to releasable or blocked states. Business problem: settlement risk increases if escrow state changes occur without proof-condition validation. User role / actor: system enforcement. Expected behavior: the platform evaluates configured proof conditions and allows only valid escrow lifecycle transitions. Business value: makes escrow control auditable and reduces premature release risk. In scope: proof-condition representation, lifecycle statuses, allowed transitions, blocked transitions, and transition audit. Out of scope: external bank settlement and PLS distribution.","[ReqID: R06] Given escrow proof conditions are satisfied, when the transition is requested, then the platform moves the escrow workflow to the approved next state and records the transition. | [ReqID: R06] Given proof conditions are missing or invalid, when transition is requested, then the platform blocks the transition and returns the reason.",R06,Security;Audit;Reliability;Compliance,3,P0,Backend Engineer,,Ready for Refinement,PBI-006;PBI-192;PBI-005,"Branch: feature/PBI-006-order-escrow-workflow. This story defines escrow lifecycle control before release execution. Status review note 2026-05-26: escrow first-slice evidence exists, but this legacy escrow lifecycle/release scope needs grooming against PBI-341 to PBI-360 before status closure. Scope grooming 2026-05-26: overlaps with completed escrow first-slice PBIs PBI-341 to PBI-360; retain for future full lifecycle/release/settlement hardening unless Product Owner narrows scope."
PBI-197,Task,"Do define escrow lifecycle states, transition rules, and proof-condition model","Action to be performed: define escrow lifecycle statuses, allowed transitions, blocked transitions, and proof-condition input model. Why it is needed: lifecycle implementation must not encode hidden state rules. Expected output: approved escrow state model and proof-condition matrix. Scope: statuses, transition preconditions, proof-condition fields, reason codes, and failure states. Explicit exclusions: settlement integration.","[ReqID: R06] Given escrow lifecycle rules are reviewed, when the task closes, then allowed statuses, transition rules, proof conditions, and rejection reasons are explicitly defined. | [ReqID: R06] Given implementation begins, when the transition service is built, then it consumes the approved lifecycle model rather than hardcoded assumptions.",R06,Security;Audit;Maintainability;Reliability,2,P0,Backend Engineer,,Ready for Refinement,PBI-196;PBI-193,"Branch: feature/PBI-006-order-escrow-workflow. ADR required if lifecycle model changes shared workflow/state architecture. Status review note 2026-05-26: escrow first-slice evidence exists, but this legacy escrow lifecycle/release scope needs grooming against PBI-341 to PBI-360 before status closure. Scope grooming 2026-05-26: overlaps with completed escrow first-slice PBIs PBI-341 to PBI-360; retain for future full lifecycle/release/settlement hardening unless Product Owner narrows scope."
PBI-198,Task,Do implement escrow transition service with proof-condition validation,"Action to be performed: implement the service that evaluates proof conditions and applies valid escrow lifecycle transitions. Why it is needed: escrow state must be controlled by explicit rules before release can occur. Expected output: working transition service with valid and invalid transition handling. Scope: transition service, proof validation, state persistence, rejection reasons, and response mapping. Explicit exclusions: external settlement execution.","[ReqID: R06] Given proof conditions are valid for the requested transition, when the transition service executes, then the escrow workflow moves to the approved next state. | [ReqID: R06] Given proof conditions are missing, invalid, or not allowed for the current state, when transition is requested, then the service blocks the transition and returns the approved reason.",R06,Security;Audit;Reliability,2,P0,Backend Engineer,,Ready for Refinement,PBI-196;PBI-197,"Branch: feature/PBI-006-order-escrow-workflow. Keep transition behavior deterministic and testable. Status review note 2026-05-26: escrow first-slice evidence exists, but this legacy escrow lifecycle/release scope needs grooming against PBI-341 to PBI-360 before status closure. Scope grooming 2026-05-26: overlaps with completed escrow first-slice PBIs PBI-341 to PBI-360; retain for future full lifecycle/release/settlement hardening unless Product Owner narrows scope."
PBI-199,Task,"Do validate escrow lifecycle transitions, audit behavior, and documentation for PBI-196","Action to be performed: validate escrow transition behavior, audit capture, documentation, and evidence for PBI-196. Why it is needed: lifecycle work is not Done until valid, invalid, and blocked transitions are proven. Expected output: test coverage, docs, and evidence for escrow lifecycle control. Scope: happy path, invalid proof, invalid transition, audit evidence, and documentation updates. Explicit exclusions: release execution and PLS distribution.","[ReqID: R06] Given escrow transition tasks are complete, when validation is executed, then valid transitions, blocked transitions, and proof-condition failures match the approved lifecycle model. | [ReqID: R06] Given lifecycle transitions occur, when audit evidence is reviewed, then transition actor, status, reason, and timestamp are traceable. | [ReqID: R06] Given the story is prepared for review, when evidence is attached, then test results and documentation updates are available.",R06,Quality;Audit;Documentation;Reliability,2,P0,QA Lead,,Ready for Refinement,PBI-196;PBI-198;PBI-022,"Branch: feature/PBI-006-order-escrow-workflow. Story-closing evidence task for PBI-196. Status review note 2026-05-26: escrow first-slice evidence exists, but this legacy escrow lifecycle/release scope needs grooming against PBI-341 to PBI-360 before status closure. Scope grooming 2026-05-26: overlaps with completed escrow first-slice PBIs PBI-341 to PBI-360; retain for future full lifecycle/release/settlement hardening unless Product Owner narrows scope."
PBI-200,Story,"As a buyer, supplier, or financier, I want escrow release and settlement status recorded after conditions are satisfied, so that the transaction outcome is traceable","Context: Once escrow release conditions are satisfied, the platform must record release and settlement outcome without implying unsupported external bank integration. Business problem: release activity without clear status and evidence creates financial and audit risk. User role / actor: buyer, supplier, financier, or system operator. Expected behavior: the platform records escrow release intent, release outcome, settlement status, and related audit evidence. Business value: creates a reliable transaction trail for settlement and downstream PLS or reporting features. In scope: release trigger, release status, settlement-status recording, history retrieval, and audit evidence. Out of scope: production bank transfer integration.","[ReqID: R06] Given escrow conditions are satisfied, when release is triggered, then the platform records the release action, resulting escrow status, and settlement-status reference. | [ReqID: R06] Given release fails or is not yet externally settled, when status is reviewed, then the platform exposes the current release or settlement state without misrepresenting completion.",R06,Security;Audit;Reliability;Compliance,3,P0,Backend Engineer,,Ready for Refinement,PBI-006;PBI-196;PBI-005,"Branch: feature/PBI-006-order-escrow-workflow. MVP scope records settlement status; production payment integration is out of scope unless separately prioritized. Status review note 2026-05-26: escrow first-slice evidence exists, but this legacy escrow lifecycle/release scope needs grooming against PBI-341 to PBI-360 before status closure. Scope grooming 2026-05-26: overlaps with completed escrow first-slice PBIs PBI-341 to PBI-360; retain for future full lifecycle/release/settlement hardening unless Product Owner narrows scope."
PBI-201,Task,"Do define escrow release, settlement-status, and history contract","Action to be performed: define release trigger contract, settlement-status values, and escrow history response shape. Why it is needed: release and settlement status must be explicit before implementation touches downstream PLS or regulator export flows. Expected output: approved release/status/history contract. Scope: release action fields, settlement status labels, failure states, reference identifiers, and history response. Explicit exclusions: external payment settlement integration.","[ReqID: R06] Given escrow release is refined, when the task closes, then release fields, settlement statuses, failure states, and history response semantics are explicitly defined. | [ReqID: R06] Given downstream PLS or audit-reporting features consume release data, when implementation starts, then they use the approved contract rather than inventing alternate settlement meanings.",R06,Audit;Maintainability;Integration;Reliability,2,P0,Backend Engineer,,Ready for Refinement,PBI-200;PBI-196,"Branch: feature/PBI-006-order-escrow-workflow. Contract should support PBI-007 and PBI-015 consumers. Status review note 2026-05-26: escrow first-slice evidence exists, but this legacy escrow lifecycle/release scope needs grooming against PBI-341 to PBI-360 before status closure. Scope grooming 2026-05-26: overlaps with completed escrow first-slice PBIs PBI-341 to PBI-360; retain for future full lifecycle/release/settlement hardening unless Product Owner narrows scope."
PBI-202,Task,Do implement escrow release command and settlement-status recording,"Action to be performed: implement release command handling and settlement-status persistence for escrow workflows. Why it is needed: escrow release must be executable and traceable after proof conditions are satisfied. Expected output: release service/API, persisted release outcome, and status history. Scope: release command, status update, settlement-status recording, failure handling, and response mapping. Explicit exclusions: real bank payment execution.","[ReqID: R06] Given escrow is in a releasable state, when release is triggered, then the platform records the release action and updates settlement status according to the approved contract. | [ReqID: R06] Given escrow is not releasable or release fails, when release is attempted, then the platform returns the approved failure state and preserves prior history.",R06,Security;Audit;Reliability;Compliance,2,P0,Backend Engineer,,Ready for Refinement,PBI-200;PBI-201;PBI-198,"Branch: feature/PBI-006-order-escrow-workflow. Status review note 2026-05-26: escrow first-slice evidence exists, but this legacy escrow lifecycle/release scope needs grooming against PBI-341 to PBI-360 before status closure. Scope grooming 2026-05-26: overlaps with completed escrow first-slice PBIs PBI-341 to PBI-360; retain for future full lifecycle/release/settlement hardening unless Product Owner narrows scope."
PBI-203,Task,"Do validate escrow release, settlement-status history, documentation, and evidence for PBI-200","Action to be performed: validate release behavior, settlement-status history, documentation, and evidence for PBI-200. Why it is needed: release work is not Done until success, failure, and incomplete settlement states are proven. Expected output: validation coverage, docs, and story evidence. Scope: releasable state, non-releasable state, release failure, settlement-status history, docs, and evidence. Explicit exclusions: production banking integration.","[ReqID: R06] Given release tasks are complete, when validation is executed, then release success, blocked release, failure, and unsettled states behave according to the approved contract. | [ReqID: R06] Given release history is reviewed, when evidence is inspected, then release action, status, actor, timestamp, and reason are traceable. | [ReqID: R06] Given the story is prepared for review, when evidence is attached, then test results, response samples, and documentation updates are available.",R06,Quality;Audit;Documentation;Reliability,2,P0,QA Lead,,Ready for Refinement,PBI-200;PBI-202;PBI-022,"Branch: feature/PBI-006-order-escrow-workflow. Story-closing evidence task for PBI-200. Status review note 2026-05-26: escrow first-slice evidence exists, but this legacy escrow lifecycle/release scope needs grooming against PBI-341 to PBI-360 before status closure. Scope grooming 2026-05-26: overlaps with completed escrow first-slice PBIs PBI-341 to PBI-360; retain for future full lifecycle/release/settlement hardening unless Product Owner narrows scope."
PBI-204,Story,"As an Islamic finance analyst, I want to configure a PLS contract with approved parameters, so that profit and loss sharing terms are explicit before activation","Context: PLS contracts require auditable parameters and Shariah approval before use. Business problem: unstructured PLS terms create compliance and calculation ambiguity. User role / actor: Islamic finance analyst. Expected behavior: analyst creates a PLS contract model with profit ratio, loss allocation, parties, and linked approved governance reference. Business value: establishes a controlled contract basis for Shariah-compliant financing workflows. In scope: parameter capture, validation, approval reference, activation gate, and audit evidence. Out of scope: distribution execution and portfolio optimization.","[ReqID: R07] Given approved Shariah governance exists for a PLS product or contract type, when an analyst creates a PLS contract with valid parameters, then the platform stores profit ratio, loss allocation, linked parties, and approval reference. | [ReqID: R07] Given required approval or parameters are missing, when activation is attempted, then the platform blocks activation and returns the missing requirement.",R07,Compliance;Audit;Security;Maintainability,3,P0,Islamic Finance Analyst,,Ready for Refinement,PBI-007;PBI-020;PBI-006,"Branch: feature/PBI-007-pls-contract-distribution. Depends on completed Shariah governance workflow and escrow/order foundation. Status review note 2026-05-26: PLS seedbed evidence exists under PBI-393, but this legacy PLS creation/read-model scope needs grooming before status closure. Scope grooming 2026-05-26: overlaps with completed restricted PLS seedbed PBIs PBI-393 to PBI-405; retain for future production-grade PLS calculation/read-model hardening unless narrowed."
PBI-205,Task,"Do define PLS contract parameter schema, approval reference, and activation rules","Action to be performed: define the PLS contract parameter schema, Shariah approval reference, validation rules, and activation gate. Why it is needed: PLS contract implementation must not invent compliance-critical fields during coding. Expected output: approved parameter and activation contract. Scope: profit ratio, loss allocation, party roles, contract references, approval reference, activation status, and validation rules. Explicit exclusions: distribution event calculation.","[ReqID: R07] Given PLS contract setup is refined, when the task closes, then parameter fields, approval reference, activation rules, and validation behavior are explicitly defined. | [ReqID: R07] Given implementation starts, when contributors build contract creation, then they consume the approved schema and activation rules rather than inventing alternate PLS semantics.",R07,Compliance;Audit;Maintainability;Security,2,P0,Islamic Finance Analyst,,Ready for Refinement,PBI-204;PBI-020,"Branch: feature/PBI-007-pls-contract-distribution. ADR required if PLS state model or calculation ownership changes module boundaries. Status review note 2026-05-26: PLS seedbed evidence exists under PBI-393, but this legacy PLS creation/read-model scope needs grooming before status closure. Scope grooming 2026-05-26: overlaps with completed restricted PLS seedbed PBIs PBI-393 to PBI-405; retain for future production-grade PLS calculation/read-model hardening unless narrowed."
PBI-206,Task,Do implement PLS contract creation and activation-gate service,"Action to be performed: implement backend service/API for creating PLS contracts and enforcing activation gates. Why it is needed: PLS contract parameters must be stored and activated only when governance and validation conditions are satisfied. Expected output: working creation/activation path with persistence and validation. Scope: route/service, parameter validation, approval-reference check, activation gate, and response mapping. Explicit exclusions: distribution event execution.","[ReqID: R07] Given valid PLS parameters and approval reference are provided, when the contract service executes, then the platform stores the PLS contract and permits activation according to rule. | [ReqID: R07] Given missing approval or invalid parameters are submitted, when creation or activation is attempted, then the platform rejects the request with the approved validation or blocked-state response.",R07,Compliance;Security;Audit;Reliability,2,P0,Backend Engineer,,Ready for Refinement,PBI-204;PBI-205,"Branch: feature/PBI-007-pls-contract-distribution. Status review note 2026-05-26: PLS seedbed evidence exists under PBI-393, but this legacy PLS creation/read-model scope needs grooming before status closure. Scope grooming 2026-05-26: overlaps with completed restricted PLS seedbed PBIs PBI-393 to PBI-405; retain for future production-grade PLS calculation/read-model hardening unless narrowed."
PBI-207,Task,"Do validate PLS contract creation, activation gate, documentation, and evidence for PBI-204","Action to be performed: validate PLS contract creation and activation gate behavior, update documentation, and collect evidence. Why it is needed: PLS setup is compliance-sensitive and cannot be Done without proof of valid and blocked paths. Expected output: tests, documentation, and story evidence. Scope: valid creation, invalid parameters, missing approval, activation block, audit evidence, and docs. Explicit exclusions: distribution execution.","[ReqID: R07] Given PLS contract setup tasks are complete, when validation is executed, then valid creation, invalid parameters, missing approval, and activation blocking behave according to the approved contract. | [ReqID: R07] Given activation decisions are audited, when evidence is reviewed, then actor, timestamp, approval reference, and outcome are traceable. | [ReqID: R07] Given the story is prepared for review, when evidence is attached, then test results, sample responses, and documentation updates are available.",R07,Quality;Compliance;Audit;Documentation,2,P0,QA Lead,,Ready for Refinement,PBI-204;PBI-206;PBI-022,"Branch: feature/PBI-007-pls-contract-distribution. Story-closing evidence task for PBI-204. Status review note 2026-05-26: PLS seedbed evidence exists under PBI-393, but this legacy PLS creation/read-model scope needs grooming before status closure. Scope grooming 2026-05-26: overlaps with completed restricted PLS seedbed PBIs PBI-393 to PBI-405; retain for future production-grade PLS calculation/read-model hardening unless narrowed."
PBI-208,Story,"As a financier or Islamic finance analyst, I want to record PLS profit or loss distribution events, so that allocations are calculated and stored against the contract history","Context: Activated PLS contracts need auditable distribution events for profit or loss outcomes. Business problem: manual distribution records create calculation ambiguity and weak audit trails. User role / actor: financier or Islamic finance analyst. Expected behavior: user records a distribution event and the platform applies approved contract ratios or loss-allocation rules. Business value: makes PLS financial outcomes traceable and aligned to approved contract terms. In scope: distribution event input, profit allocation, loss allocation, calculation result record, and contract history link. Out of scope: advanced portfolio optimization and external payment execution.","[ReqID: R07] Given an active PLS contract exists, when a profit distribution event is recorded, then the platform calculates and stores participant allocations using the approved profit ratio. | [ReqID: R07] Given a loss distribution event is recorded, when the calculation is confirmed, then the platform stores the loss allocation according to the approved contract rules and links the event to contract history.",R07,Compliance;Audit;Reliability;Maintainability,3,P0,Islamic Finance Analyst,,Ready for Refinement,PBI-007;PBI-204;PBI-006,"Branch: feature/PBI-007-pls-contract-distribution. Distribution records should remain simulation/MVP-scope unless settlement integration is separately prioritized. Status review note 2026-05-26: PLS seedbed evidence exists under PBI-393, but this legacy PLS creation/read-model scope needs grooming before status closure. Scope grooming 2026-05-26: overlaps with completed restricted PLS seedbed PBIs PBI-393 to PBI-405; retain for future production-grade PLS calculation/read-model hardening unless narrowed."
PBI-209,Task,"Do define PLS distribution input contract, calculation rules, and rounding policy","Action to be performed: define distribution input fields, calculation rules, loss-allocation behavior, and rounding/precision policy. Why it is needed: allocation implementation must be deterministic and auditable. Expected output: approved distribution calculation contract. Scope: event type, amount basis, participant shares, profit ratio, loss allocation, rounding policy, and result fields. Explicit exclusions: external payment execution.","[ReqID: R07] Given PLS distribution is refined, when the task closes, then distribution inputs, profit calculation rules, loss allocation rules, and rounding policy are explicitly defined. | [ReqID: R07] Given implementation starts, when developers build distribution logic, then they use the approved calculation contract rather than implicit arithmetic assumptions.",R07,Compliance;Audit;Maintainability;Reliability,2,P0,Islamic Finance Analyst,,Ready for Refinement,PBI-208;PBI-205,"Branch: feature/PBI-007-pls-contract-distribution. ADR required if calculation engine ownership is changed. Status review note 2026-05-26: PLS seedbed evidence exists under PBI-393, but this legacy PLS creation/read-model scope needs grooming before status closure. Scope grooming 2026-05-26: overlaps with completed restricted PLS seedbed PBIs PBI-393 to PBI-405; retain for future production-grade PLS calculation/read-model hardening unless narrowed."
PBI-210,Task,Do implement PLS distribution calculation and event persistence service,"Action to be performed: implement backend service/API for PLS distribution calculation and event persistence. Why it is needed: PLS contracts require executable and auditable allocation behavior. Expected output: working distribution service with stored calculation results. Scope: distribution API/service, profit calculation, loss allocation, result persistence, contract history linkage, and response mapping. Explicit exclusions: external payment transfer.","[ReqID: R07] Given an active PLS contract and valid profit distribution input, when the service executes, then the platform calculates and stores participant allocations according to the approved ratio. | [ReqID: R07] Given an active PLS contract and valid loss distribution input, when the service executes, then the platform stores loss allocation according to the approved contract rules.",R07,Compliance;Audit;Reliability;Security,2,P0,Backend Engineer,,Ready for Refinement,PBI-208;PBI-209,"Branch: feature/PBI-007-pls-contract-distribution. Status review note 2026-05-26: PLS seedbed evidence exists under PBI-393, but this legacy PLS creation/read-model scope needs grooming before status closure. Scope grooming 2026-05-26: overlaps with completed restricted PLS seedbed PBIs PBI-393 to PBI-405; retain for future production-grade PLS calculation/read-model hardening unless narrowed."
PBI-211,Task,"Do validate PLS distribution scenarios, audit behavior, documentation, and evidence for PBI-208","Action to be performed: validate PLS distribution scenarios, audit capture, documentation, and evidence for PBI-208. Why it is needed: PLS calculation behavior must be reproducible and reviewable. Expected output: scenario tests, audit evidence, docs, and story closure artifacts. Scope: profit scenario, loss scenario, invalid input, inactive contract, audit event evidence, and documentation. Explicit exclusions: external settlement execution.","[ReqID: R07] Given distribution tasks are complete, when validation is executed, then profit, loss, invalid-input, and inactive-contract scenarios behave according to the approved rules. | [ReqID: R07] Given a distribution event is recorded, when audit evidence is reviewed, then actor, contract, event type, result, timestamp, and calculation basis are traceable. | [ReqID: R07] Given the story is prepared for review, when evidence is attached, then scenario results, response samples, and documentation updates are available.",R07,Quality;Compliance;Audit;Documentation,2,P0,QA Lead,,Ready for Refinement,PBI-208;PBI-210;PBI-022,"Branch: feature/PBI-007-pls-contract-distribution. Story-closing evidence task for PBI-208. Status review note 2026-05-26: PLS seedbed evidence exists under PBI-393, but this legacy PLS creation/read-model scope needs grooming before status closure. Scope grooming 2026-05-26: overlaps with completed restricted PLS seedbed PBIs PBI-393 to PBI-405; retain for future production-grade PLS calculation/read-model hardening unless narrowed."
PBI-212,Story,"As a Shariah reviewer or auditor, I want to view PLS contract status and distribution history, so that contract execution remains transparent and reviewable","Context: PLS contract setup and distribution events must be inspectable after execution. Business problem: without a stable read model, reviewers and auditors cannot verify approval status, parameters, and allocation history. User role / actor: Shariah reviewer or auditor. Expected behavior: user retrieves contract details, approval reference, current status, and distribution history. Business value: supports Shariah governance, auditability, and downstream reporting. In scope: contract detail read model, current status, approval reference, distribution history, and empty/intermediate-state handling. Out of scope: analytics dashboards and regulator export bundle generation.","[ReqID: R07] Given a PLS contract exists, when an authorized reviewer retrieves contract details, then the platform returns parameters, approval reference, current status, and linked distribution history. | [ReqID: R07] Given no distribution events exist yet, when the contract history is retrieved, then the platform returns contract details with an empty distribution history rather than an error.",R07,Compliance;Audit;Usability;Security,2,P1,Islamic Finance Analyst,,Ready for Refinement,PBI-007;PBI-204;PBI-208,"Branch: feature/PBI-007-pls-contract-distribution. Read contract should support future dashboards and regulator reporting without redefining PLS semantics. Status review note 2026-05-26: PLS seedbed evidence exists under PBI-393, but this legacy PLS creation/read-model scope needs grooming before status closure. Scope grooming 2026-05-26: overlaps with completed restricted PLS seedbed PBIs PBI-393 to PBI-405; retain for future production-grade PLS calculation/read-model hardening unless narrowed."
PBI-213,Task,Do define PLS contract detail and distribution-history read contract,"Action to be performed: define the read contract for PLS contract details, approval reference, status, and distribution history. Why it is needed: dashboards and reporting consumers need stable PLS read semantics. Expected output: approved read contract for PLS contract detail and history. Scope: contract fields, approval reference, status labels, distribution history fields, ordering rules, and empty-history behavior. Explicit exclusions: dashboard implementation.","[ReqID: R07] Given the PLS read model is refined, when the task closes, then contract detail fields, status labels, approval references, and distribution-history response semantics are explicitly defined. | [ReqID: R07] Given future consumers use this read model, when implementation begins, then they consume the approved contract rather than inventing alternate PLS history semantics.",R07,Compliance;Audit;Maintainability;Integration,1,P1,Islamic Finance Analyst,,Ready for Refinement,PBI-212;PBI-204;PBI-208,"Branch: feature/PBI-007-pls-contract-distribution. Status review note 2026-05-26: PLS seedbed evidence exists under PBI-393, but this legacy PLS creation/read-model scope needs grooming before status closure. Scope grooming 2026-05-26: overlaps with completed restricted PLS seedbed PBIs PBI-393 to PBI-405; retain for future production-grade PLS calculation/read-model hardening unless narrowed."
PBI-214,Task,Do implement PLS contract detail and distribution-history retrieval API,"Action to be performed: implement backend read model/API for PLS contract detail and distribution history retrieval. Why it is needed: reviewers and auditors need an executable way to inspect PLS contract execution. Expected output: working retrieval API with approved response shape. Scope: route/service, read projection, distribution ordering, empty-history handling, and authorization. Explicit exclusions: dashboard UI and export bundle generation.","[ReqID: R07] Given a PLS contract exists, when an authorized user requests details, then the platform returns parameters, approval reference, status, and distribution history in the approved response shape. | [ReqID: R07] Given no distribution history exists, when details are requested, then the platform returns an empty distribution list without error.",R07,Compliance;Audit;Reliability;Security,2,P1,Backend Engineer,,Ready for Refinement,PBI-212;PBI-213,"Branch: feature/PBI-007-pls-contract-distribution. Status review note 2026-05-26: PLS seedbed evidence exists under PBI-393, but this legacy PLS creation/read-model scope needs grooming before status closure. Scope grooming 2026-05-26: overlaps with completed restricted PLS seedbed PBIs PBI-393 to PBI-405; retain for future production-grade PLS calculation/read-model hardening unless narrowed."
PBI-215,Task,"Do validate PLS contract read model, documentation, and evidence closure for PBI-212","Action to be performed: validate PLS detail/history retrieval, update docs, and collect evidence. Why it is needed: read behavior is not Done until access, empty-history, and distribution-history cases are proven. Expected output: validation results, docs, and story evidence. Scope: authorized retrieval, unauthorized retrieval, empty history, populated history, docs, and sample responses. Explicit exclusions: dashboard UI.","[ReqID: R07] Given PLS read-model tasks are complete, when validation is executed, then authorized retrieval, empty-history, populated-history, and denied-access behavior match the approved contract. | [ReqID: R07] Given the story is prepared for review, when evidence is attached, then sample responses, test results, and documentation updates are available.",R07,Quality;Compliance;Audit;Documentation,1,P1,QA Lead,,Ready for Refinement,PBI-212;PBI-214,"Branch: feature/PBI-007-pls-contract-distribution. Story-closing evidence task for PBI-212. Status review note 2026-05-26: PLS seedbed evidence exists under PBI-393, but this legacy PLS creation/read-model scope needs grooming before status closure. Scope grooming 2026-05-26: overlaps with completed restricted PLS seedbed PBIs PBI-393 to PBI-405; retain for future production-grade PLS calculation/read-model hardening unless narrowed."
PBI-216,Story,"As a regulator or compliance officer, I want to submit an audit export request, so that requested records can be packaged for review","Context: Regulators and compliance officers need a controlled way to request audit exports from platform records. Business problem: ad hoc export requests are difficult to authorize, scope, and track. User role / actor: regulator or compliance officer. Expected behavior: authorized user submits an export request with scope, date range, record type, and purpose. Business value: creates a traceable starting point for regulator audit reporting. In scope: export request creation, authorization, scope validation, job status initialization, and audit evidence. Out of scope: bundle generation and external regulator portal integration.","[ReqID: R15] Given an authorized regulator or compliance officer submits a valid export request, when the request is accepted, then the platform creates an export job with scope, requester, timestamp, and initial status. | [ReqID: R15] Given the requester is unauthorized or the requested scope is invalid, when submission is attempted, then the platform rejects the request with the approved response.",R15,Audit;Compliance;Security;Performance,3,P1,Compliance Lead,,Ready for Refinement,PBI-015;PBI-005;PBI-022,"Branch: feature/PBI-015-regulator-audit-export. Depends on immutable audit history and completed access logging. Status review note 2026-05-26: export MVP evidence exists under PBI-406, but this legacy signed/download export scope needs grooming before status closure. Scope grooming 2026-05-26: overlaps with completed export MVP PBIs PBI-406 to PBI-412; retain for production signing/download/export-delivery hardening unless narrowed."
PBI-217,Task,"Do define regulator export request contract, scope model, and authorization rule","Action to be performed: define the export request contract, scope model, requester roles, and authorization rules. Why it is needed: regulator export must be bounded and auditable before job processing is implemented. Expected output: approved export request contract and authorization matrix. Scope: requester identity, export purpose, date range, record categories, scope limits, initial status, and response shape. Explicit exclusions: bundle generation.","[ReqID: R15] Given regulator export request is refined, when the task closes, then scope fields, requester roles, authorization rules, and initial job status are explicitly defined. | [ReqID: R15] Given implementation starts, when developers build export request handling, then they use the approved contract rather than inventing scope semantics.",R15,Audit;Compliance;Security;Maintainability,2,P1,Compliance Lead,,Ready for Refinement,PBI-216;PBI-005,"Branch: feature/PBI-015-regulator-audit-export. ADR required if export job ownership or data-boundary design changes architecture. Status review note 2026-05-26: export MVP evidence exists under PBI-406, but this legacy signed/download export scope needs grooming before status closure. Scope grooming 2026-05-26: overlaps with completed export MVP PBIs PBI-406 to PBI-412; retain for production signing/download/export-delivery hardening unless narrowed."
PBI-218,Task,Do implement regulator export request API and export job creation,"Action to be performed: implement backend API/service for export request submission and export job creation. Why it is needed: export processing requires a controlled request and job lifecycle before bundle generation can occur. Expected output: working request API, validation, persistence, and initial job status. Scope: route/service, validation, authorization, job creation, and response mapping. Explicit exclusions: signed bundle creation.","[ReqID: R15] Given a valid authorized export request is submitted, when the service executes, then the platform creates an export job with the approved scope and initial status. | [ReqID: R15] Given invalid scope or unauthorized requester is submitted, when the service executes, then the platform rejects the request according to the approved rule.",R15,Audit;Compliance;Security;Reliability,2,P1,Backend Engineer,,Ready for Refinement,PBI-216;PBI-217,"Branch: feature/PBI-015-regulator-audit-export. Status review note 2026-05-26: export MVP evidence exists under PBI-406, but this legacy signed/download export scope needs grooming before status closure. Scope grooming 2026-05-26: overlaps with completed export MVP PBIs PBI-406 to PBI-412; retain for production signing/download/export-delivery hardening unless narrowed."
PBI-219,Task,"Do validate export request handling, audit capture, documentation, and evidence for PBI-216","Action to be performed: validate export request submission, authorization, audit capture, documentation, and evidence for PBI-216. Why it is needed: regulator export request handling must be proven before bundle generation starts. Expected output: tests, docs, and story evidence. Scope: valid request, invalid scope, unauthorized request, audit event evidence, docs, and sample responses. Explicit exclusions: bundle generation.","[ReqID: R15] Given export request tasks are complete, when validation is executed, then valid request, invalid scope, and unauthorized request behavior match the approved contract. | [ReqID: R15] Given an export job is created, when audit evidence is reviewed, then requester, scope, timestamp, and job status are traceable. | [ReqID: R15] Given the story is prepared for review, when evidence is attached, then tests, sample responses, and documentation updates are available.",R15,Quality;Audit;Compliance;Documentation,2,P1,QA Lead,,Ready for Refinement,PBI-216;PBI-218;PBI-022,"Branch: feature/PBI-015-regulator-audit-export. Story-closing evidence task for PBI-216. Status review note 2026-05-26: export MVP evidence exists under PBI-406, but this legacy signed/download export scope needs grooming before status closure. Scope grooming 2026-05-26: overlaps with completed export MVP PBIs PBI-406 to PBI-412; retain for production signing/download/export-delivery hardening unless narrowed."
PBI-220,Story,"As a regulator or compliance officer, I want the platform to generate a signed audit export bundle, so that exported records can be verified for authenticity","Context: Audit exports must be packaged with integrity metadata so reviewers can trust the exported records. Business problem: raw data exports without bundle structure or signature metadata are hard to verify and risky to transmit. User role / actor: regulator or compliance officer. Expected behavior: the platform generates an export bundle with selected records, manifest, integrity metadata, and signature or equivalent proof. Business value: supports regulator-facing audit reporting with verifiable evidence. In scope: bundle generation, manifest creation, integrity metadata, signature/equivalent proof, and failure handling. Out of scope: external regulator portal integration.","[ReqID: R15] Given an authorized export job with valid scope exists, when bundle generation runs, then the platform produces a signed or equivalent evidence-bearing export bundle containing the requested records. | [ReqID: R15] Given requested records are unavailable or the job scope cannot be fulfilled, when generation runs, then the platform records the failure or partial state without producing a misleading complete bundle.",R15,Audit;Compliance;Security;Reliability,3,P1,Backend Engineer,,Ready for Refinement,PBI-015;PBI-216;PBI-005;PBI-022,"Branch: feature/PBI-015-regulator-audit-export. Bundle should consume immutable audit/history contracts from PBI-005. Status review note 2026-05-26: export MVP evidence exists under PBI-406, but this legacy signed/download export scope needs grooming before status closure. Scope grooming 2026-05-26: overlaps with completed export MVP PBIs PBI-406 to PBI-412; retain for production signing/download/export-delivery hardening unless narrowed."
PBI-221,Task,"Do define audit export bundle manifest, integrity metadata, and signing policy","Action to be performed: define export bundle manifest structure, integrity metadata, signature or equivalent proof policy, and partial/failure semantics. Why it is needed: bundle generation must have stable evidence semantics before implementation. Expected output: approved bundle manifest and signing/evidence policy. Scope: manifest fields, record references, hash/signature metadata, bundle status, partial/failure status, and verification notes. Explicit exclusions: external regulator portal.","[ReqID: R15] Given export bundle generation is refined, when the task closes, then manifest fields, integrity metadata, signature or equivalent proof, and partial/failure semantics are explicitly defined. | [ReqID: R15] Given implementation begins, when bundle generation is built, then it consumes the approved evidence policy rather than inventing ad hoc export proof semantics.",R15,Audit;Compliance;Security;Maintainability,2,P1,Backend Engineer,,Ready for Refinement,PBI-220;PBI-005,"Branch: feature/PBI-015-regulator-audit-export. ADR required if signing/key-management boundary expands beyond MVP equivalent evidence. Status review note 2026-05-26: export MVP evidence exists under PBI-406, but this legacy signed/download export scope needs grooming before status closure. Scope grooming 2026-05-26: overlaps with completed export MVP PBIs PBI-406 to PBI-412; retain for production signing/download/export-delivery hardening unless narrowed."
PBI-222,Task,Do implement signed audit export bundle generation service,"Action to be performed: implement backend service for generating audit export bundles from approved export jobs. Why it is needed: regulators need a verifiable package, not only a job record. Expected output: generated bundle, manifest, integrity metadata, and job status update. Scope: record collection, manifest creation, hash/signature metadata, bundle storage reference, and failure handling. Explicit exclusions: external portal delivery.","[ReqID: R15] Given an export job has approved scope and available records, when bundle generation runs, then the platform creates the export bundle with manifest and integrity metadata. | [ReqID: R15] Given records are unavailable or bundle generation fails, when the service runs, then the platform records the approved failure or partial state without implying a complete export.",R15,Audit;Compliance;Security;Reliability,3,P1,Backend Engineer,,Ready for Refinement,PBI-220;PBI-221;PBI-218,"Branch: feature/PBI-015-regulator-audit-export. Status review note 2026-05-26: export MVP evidence exists under PBI-406, but this legacy signed/download export scope needs grooming before status closure. Scope grooming 2026-05-26: overlaps with completed export MVP PBIs PBI-406 to PBI-412; retain for production signing/download/export-delivery hardening unless narrowed."
PBI-223,Task,"Do validate signed bundle generation, integrity metadata, documentation, and evidence for PBI-220","Action to be performed: validate bundle generation, integrity metadata, failure handling, documentation, and evidence for PBI-220. Why it is needed: signed export bundle work is not Done until complete, partial, and failure paths are proven. Expected output: tests, sample bundle metadata, docs, and story evidence. Scope: successful bundle, partial/failure state, manifest verification, integrity metadata, docs, and evidence. Explicit exclusions: regulator portal integration.","[ReqID: R15] Given bundle generation tasks are complete, when validation is executed, then successful, partial, and failed bundle behavior match the approved manifest and integrity policy. | [ReqID: R15] Given a bundle is generated, when evidence is reviewed, then manifest, record references, integrity metadata, and job status are verifiable. | [ReqID: R15] Given the story is prepared for review, when evidence is attached, then tests, sample manifest metadata, and documentation updates are available.",R15,Quality;Audit;Compliance;Documentation,2,P1,QA Lead,,Ready for Refinement,PBI-220;PBI-222,"Branch: feature/PBI-015-regulator-audit-export. Story-closing evidence task for PBI-220. Status review note 2026-05-26: export MVP evidence exists under PBI-406, but this legacy signed/download export scope needs grooming before status closure. Scope grooming 2026-05-26: overlaps with completed export MVP PBIs PBI-406 to PBI-412; retain for production signing/download/export-delivery hardening unless narrowed."
PBI-224,Story,"As a regulator or compliance officer, I want to retrieve export status and download a verified bundle, so that audit delivery can be tracked and completed","Context: After a bundle is generated, requesters need controlled access to job status and bundle download metadata. Business problem: export generation alone is insufficient if requesters cannot retrieve status, download artifacts, or verify authenticity. User role / actor: regulator or compliance officer. Expected behavior: requester views export job status and downloads the generated bundle with verification metadata. Business value: completes the regulator-facing export workflow for MVP. In scope: job status retrieval, bundle download reference, verification metadata, authorization, and audit evidence. Out of scope: external regulator portal integration.","[ReqID: R15] Given an export bundle has been generated, when an authorized requester retrieves the export job, then the platform returns status, bundle reference, and integrity metadata sufficient for verification. | [ReqID: R15] Given an unauthorized requester attempts to retrieve or download an export, when access is evaluated, then the platform denies the request and preserves audit evidence.",R15,Audit;Compliance;Security;Usability,3,P1,Compliance Lead,,Ready for Refinement,PBI-015;PBI-220;PBI-005;PBI-022,"Branch: feature/PBI-015-regulator-audit-export. Completes MVP export delivery without external regulator portal. Status review note 2026-05-26: export MVP evidence exists under PBI-406, but this legacy signed/download export scope needs grooming before status closure. Scope grooming 2026-05-26: overlaps with completed export MVP PBIs PBI-406 to PBI-412; retain for production signing/download/export-delivery hardening unless narrowed."
PBI-225,Task,"Do define export status, download, and verification metadata contract","Action to be performed: define export status retrieval, download reference, and verification metadata response contract. Why it is needed: requesters and later UI/API consumers need stable export-delivery semantics. Expected output: approved export status/download contract. Scope: status values, bundle reference, integrity metadata, authorization behavior, unavailable states, and response shape. Explicit exclusions: external portal integration.","[ReqID: R15] Given export delivery is refined, when the task closes, then status values, download reference, verification metadata, and unavailable states are explicitly defined. | [ReqID: R15] Given implementation starts, when developers build status and download retrieval, then they use the approved contract rather than inventing export delivery semantics.",R15,Audit;Compliance;Maintainability;Security,1,P1,Compliance Lead,,Ready for Refinement,PBI-224;PBI-220,"Branch: feature/PBI-015-regulator-audit-export. Status review note 2026-05-26: export MVP evidence exists under PBI-406, but this legacy signed/download export scope needs grooming before status closure. Scope grooming 2026-05-26: overlaps with completed export MVP PBIs PBI-406 to PBI-412; retain for production signing/download/export-delivery hardening unless narrowed."
PBI-226,Task,Do implement export status retrieval and bundle download access,"Action to be performed: implement backend API/service for export status retrieval and authorized bundle download access. Why it is needed: generated export bundles must be retrievable and verifiable by authorized requesters. Expected output: working status API, download reference or retrieval flow, and authorization behavior. Scope: status route/service, download access, verification metadata response, unavailable-state handling, and access checks. Explicit exclusions: external portal delivery.","[ReqID: R15] Given an authorized requester retrieves a generated export job, when the API responds, then it returns current status, bundle reference, and integrity metadata according to contract. | [ReqID: R15] Given an unauthorized requester attempts retrieval or download, when the API handles the request, then it denies access according to the approved rule.",R15,Audit;Compliance;Security;Reliability,2,P1,Backend Engineer,,Ready for Refinement,PBI-224;PBI-225;PBI-222,"Branch: feature/PBI-015-regulator-audit-export. Status review note 2026-05-26: export MVP evidence exists under PBI-406, but this legacy signed/download export scope needs grooming before status closure. Scope grooming 2026-05-26: overlaps with completed export MVP PBIs PBI-406 to PBI-412; retain for production signing/download/export-delivery hardening unless narrowed."
PBI-227,Task,"Do validate export retrieval, download access, documentation, and evidence closure for PBI-224","Action to be performed: validate export status retrieval, download access, authorization, documentation, and evidence for PBI-224. Why it is needed: export delivery is not Done until successful, unavailable, and unauthorized paths are proven. Expected output: tests, docs, and story evidence. Scope: status retrieval, download reference, verification metadata, unauthorized access, unavailable bundle, docs, and evidence. Explicit exclusions: external regulator portal.","[ReqID: R15] Given export retrieval tasks are complete, when validation is executed, then status retrieval, bundle access, verification metadata, unavailable-state, and unauthorized behavior match the approved contract. | [ReqID: R15] Given the story is prepared for review, when evidence is attached, then sample responses, test results, and documentation updates are available.",R15,Quality;Audit;Compliance;Documentation,2,P1,QA Lead,,Ready for Refinement,PBI-224;PBI-226;PBI-022,"Branch: feature/PBI-015-regulator-audit-export. Story-closing evidence task for PBI-224. Status review note 2026-05-26: export MVP evidence exists under PBI-406, but this legacy signed/download export scope needs grooming before status closure. Scope grooming 2026-05-26: overlaps with completed export MVP PBIs PBI-406 to PBI-412; retain for production signing/download/export-delivery hardening unless narrowed."
PBI-228,Spike,Investigate MVP escrow workflow implementation boundary,"Unknown / problem statement: PBI-006 may be implemented as centralized workflow logic, hybrid audit anchoring, or smart-contract-like abstraction, but the MVP boundary must be explicit before implementation. Why a decision is needed now: order acceptance, escrow lifecycle, release status, audit events, and later PLS distribution depend on a stable escrow implementation boundary. Investigation scope: compare centralized workflow, hybrid anchoring, and smart-contract abstraction for MVP feasibility, auditability, cost, and implementation risk. Explicit exclusions: production implementation of escrow workflow. Approach: architecture review and contract-boundary decision.","[ReqID: R06] Given escrow implementation options are reviewed, when the Spike closes, then the MVP escrow boundary is documented with recommendation and rationale. | [ReqID: R06] Given the decision affects architecture or module boundaries, when the Spike closes, then an ADR or ADR update is identified. | [ReqID: R06] Given PBI-192 through PBI-203 are ready for implementation, when development starts, then contributors know whether escrow is centralized workflow, hybrid anchored, or smart-contract abstraction.",R06,Architecture;Audit;Security;Maintainability,2,P0,Platform Engineer,,Ready for Refinement,PBI-006;PBI-005,"Timebox: 3 calendar days. Exit Criteria: escrow MVP boundary decision, implementation recommendation, ADR trigger decision. Important: prevents accidental overbuilding of full blockchain escrow during MVP."
PBI-229,Spike,Investigate PLS calculation semantics and Shariah-safe MVP scope,"Unknown / problem statement: PBI-007 requires profit-ratio and loss-allocation behavior, but exact MVP semantics, rounding rules, edge cases, and Shariah review linkage must be explicit before calculation implementation. Why a decision is needed now: PLS contract creation, activation, distribution calculation, and history retrieval depend on stable calculation and compliance semantics. Investigation scope: profit distribution, loss allocation, rounding/precision, inactive contract handling, approval-gate linkage, and whether existing Shariah workflow outputs are sufficient. Explicit exclusions: production calculation engine implementation. Approach: compliance analysis, scenario table, and contract-rule proposal.","[ReqID: R07] Given representative PLS scenarios are reviewed, when the Spike closes, then MVP calculation semantics and excluded edge cases are documented. | [ReqID: R07] Given Shariah approval linkage is required, when the Spike closes, then the source of approval truth and activation gate are explicitly identified. | [ReqID: R07] Given implementation tasks for PBI-204 through PBI-215 begin, when developers implement them, then calculation and approval semantics are not invented during coding.",R07,Compliance;Audit;Architecture;Maintainability,3,P0,Islamic Finance Analyst,,Ready for Refinement,PBI-007;PBI-020;PBI-006,"Timebox: 4 calendar days. Exit Criteria: scenario table, calculation semantics, approval-gate rule, ADR trigger decision. Important: protects PLS implementation from false precision or unreviewed Shariah assumptions."
PBI-230,Spike,Investigate signed audit export integrity mechanism for MVP,"Unknown / problem statement: PBI-015 requires signed or verifiable audit export bundles, but the MVP mechanism for signing, hashing, manifest generation, and key handling must be explicit. Why a decision is needed now: export request, bundle generation, verification metadata, and download behavior depend on the chosen integrity mechanism. Investigation scope: manifest format, hash strategy, signature or equivalent proof, key-management boundary, verification metadata, and partial/failure semantics. Explicit exclusions: production-grade regulator portal and enterprise key-management rollout. Approach: architecture review and lightweight prototype or contract proposal.","[ReqID: R15] Given export integrity options are reviewed, when the Spike closes, then the MVP signing or equivalent evidence mechanism is documented with rationale. | [ReqID: R15] Given key-management or trust-boundary implications exist, when the Spike closes, then an ADR or explicit non-ADR rationale is recorded. | [ReqID: R15] Given PBI-216 through PBI-227 begin, when implementation starts, then bundle generation and verification metadata use the approved mechanism.",R15,Audit;Compliance;Security;Architecture,2,P1,Security Engineer,,Ready for Refinement,PBI-015;PBI-005;PBI-022,"Timebox: 3 calendar days. Exit Criteria: export integrity mechanism, manifest/signing policy, key-boundary decision, ADR trigger decision. Important: prevents ad hoc export proof semantics during implementation."
PBI-231,Story,"As an SME, I want to register with a DID and verifiable credential, so that my organization identity can be verified cryptographically","Context: SME identity is currently not part of the MVP lane, but blockchain-enabled procurement requires stronger identity proof than ordinary account records. Business problem: without DID/VC registration, later tokenization, endorsement, and consortium trust features lack a cryptographic identity basis. User role / actor: SME. Expected behavior: SME submits DID and verifiable credential data and the platform verifies and stores the identity proof result. Business value: establishes a trust root for later blockchain and tokenized-financing features. In scope: DID capture, VC submission, cryptographic verification result, identity record linkage. Out of scope: credential revocation and cross-network identity federation.","[ReqID: R01] Given an SME submits a supported DID and valid verifiable credential, when verification is executed, then the platform stores the SME identity record and verification result. | [ReqID: R01] Given an invalid or tampered credential is submitted, when verification is executed, then registration is rejected and the failed verification result is recorded.",R01,Security;Compliance;Privacy;Audit,3,P1,Identity Engineer,,Ready for Refinement,PBI-001;PBI-003;PBI-022,Deferred blockchain-enabling identity story. Scope must remain MVP-compatible and avoid advanced federation.
PBI-232,Story,"As an administrator, I want to review DID and credential verification status, so that onboarding decisions can rely on verifiable identity evidence","Context: Identity verification must be reviewable by administrators before downstream blockchain features rely on it. Business problem: if verification outcomes are hidden inside registration, admins cannot diagnose failed credentials or trust accepted ones. User role / actor: administrator. Expected behavior: admin retrieves the DID, credential verification status, issuer metadata, and verification timestamp for an SME. Business value: improves governance and auditability of decentralized identity onboarding. In scope: verification status read model, issuer metadata, timestamps, failed-state handling. Out of scope: credential revocation and issuer trust-list automation.","[ReqID: R01] Given an SME identity record exists, when an administrator retrieves the verification status, then the platform returns DID, credential status, issuer metadata, and verification timestamp. | [ReqID: R01] Given credential verification failed, when the status is reviewed, then the platform shows the failed verification state without exposing sensitive credential payloads unnecessarily.",R01,Security;Audit;Privacy;Usability,2,P1,Identity Engineer,,Ready for Refinement,PBI-001;PBI-231;PBI-022,Supports later revocation and identity-dependent blockchain functions.
PBI-233,Story,"As an identity administrator, I want to revoke an SME credential, so that withdrawn or invalid credentials can no longer authorize protected actions","Context: Credential revocation is deferred, but it is essential if DID/VC identity is used beyond a demo. Business problem: without revocation, credentials that become invalid may continue to pass verification. User role / actor: identity administrator. Expected behavior: authorized admin marks a credential as revoked and the revocation state becomes available to verification checks. Business value: protects the trust model for blockchain-enabled identity and financing workflows. In scope: revoke action, revocation reason, timestamp, actor attribution, audit capture. Out of scope: cross-network revocation federation.","[ReqID: R27] Given an authorized identity administrator revokes a credential, when the revocation is confirmed, then the platform records revoked status, reason, actor, and timestamp. | [ReqID: R27] Given an unauthorized actor attempts credential revocation, when authorization is evaluated, then the platform denies the action and preserves audit evidence.",R27,Security;Compliance;Reliability;Audit,3,P1,Identity Engineer,,Ready for Refinement,PBI-027;PBI-001;PBI-003;PBI-022,Deferred blockchain identity hardening story. Depends on DID identity baseline.
PBI-234,Story,"As the platform, I want credential verification to reject revoked credentials, so that revoked identity proofs cannot be reused","Context: Revocation must affect runtime verification, not only administrative status. Business problem: storing a revoked state without enforcing it leaves protected workflows exposed. User role / actor: system enforcement. Expected behavior: verification checks consult revocation state and reject revoked credentials. Business value: makes decentralized identity usable for protected blockchain workflows. In scope: revocation lookup, verification integration, blocked result, audit outcome. Out of scope: distributed revocation registry federation.","[ReqID: R27] Given a revoked credential is presented for verification, when the verification check runs, then the platform returns an invalid result and blocks the protected action. | [ReqID: R27] Given a non-revoked valid credential is presented, when verification runs, then the platform continues to accept the credential according to existing verification rules.",R27,Security;Compliance;Reliability;Audit,3,P1,Identity Engineer,,Ready for Refinement,PBI-027;PBI-233;PBI-231,Completes the enforcement side of credential revocation.
PBI-235,Story,"As a financier, I want to issue a receivable token linked to an approved invoice, so that financing has a traceable digital representation","Context: Tokenized receivables are deferred but important for turning procurement evidence into financing instruments. Business problem: without token issuance, receivables financing remains a conventional workflow without token provenance. User role / actor: financier. Expected behavior: financier issues a receivable token linked to an eligible invoice and the platform records provenance metadata. Business value: enables later transferable and redeemable financing instruments. In scope: invoice eligibility check, token issuance, provenance link, token status. Out of scope: public-chain interoperability and secondary market integration.","[ReqID: R08] Given an eligible invoice is approved for financing, when token issuance is requested, then the platform creates a receivable token linked to the original invoice and records provenance metadata. | [ReqID: R08] Given the invoice is ineligible or already tokenized, when issuance is requested, then the platform rejects the request with the approved reason.",R08,Security;Audit;Performance;Compliance,5,P1,Blockchain Engineer,,Ready for Refinement,PBI-008;PBI-006;PBI-007;PBI-005,Deferred blockchain financing story. Keep scope sandboxable and avoid public-chain interoperability.
PBI-236,Story,"As a financier, I want to transfer a receivable token to an authorized party, so that token ownership can move with traceable provenance","Context: Token issuance alone is incomplete if ownership cannot change under policy. Business problem: uncontrolled or unrecorded token transfer weakens provenance and financing trust. User role / actor: financier. Expected behavior: authorized transfer changes token holder and records transfer history. Business value: supports controlled receivable financing lifecycle. In scope: authorized transfer, holder update, transfer history, audit evidence. Out of scope: public exchange trading and cross-chain transfer.","[ReqID: R08] Given a receivable token is active and transferable, when an authorized transfer is requested, then the platform updates the token holder and records transfer history. | [ReqID: R08] Given an unauthorized party or non-transferable token is used, when transfer is attempted, then the platform blocks the transfer and records the outcome.",R08,Security;Audit;Compliance;Reliability,5,P1,Blockchain Engineer,,Ready for Refinement,PBI-008;PBI-235;PBI-003;PBI-022,Token transfer should remain permissioned and policy-controlled.
PBI-237,Story,"As a financier, I want to redeem a receivable token, so that the financing lifecycle closes with a verified settlement outcome","Context: Token lifecycle must close through redemption rather than remaining open-ended. Business problem: without redemption status, tokenized receivables cannot prove final settlement or closure. User role / actor: financier. Expected behavior: token redemption changes token status, records settlement reference, and preserves lifecycle history. Business value: makes tokenized receivables auditable from issuance to closure. In scope: redemption request, status transition, settlement reference, lifecycle history. Out of scope: production bank payment integration.","[ReqID: R08] Given a receivable token is active and eligible for redemption, when redemption is processed, then the token status changes to redeemed and the lifecycle history is recorded. | [ReqID: R08] Given a token is already redeemed or ineligible, when redemption is attempted, then the platform rejects the action without changing token state.",R08,Security;Audit;Compliance;Reliability,3,P1,Blockchain Engineer,,Ready for Refinement,PBI-008;PBI-235;PBI-236;PBI-006,Completes token lifecycle without adding full bank integration.
PBI-238,Story,"As an administrator, I want to define transaction endorsement policies, so that sensitive blockchain-style transactions require approved endorsers","Context: Endorsement policy validation is deferred but central to permissioned blockchain behavior. Business problem: without endorsement policy definition, high-risk transactions may be accepted without required participant approval. User role / actor: administrator. Expected behavior: administrator defines which roles or organizations must endorse selected transaction types. Business value: brings permissioned-network governance semantics into transaction validation. In scope: policy definition, transaction type mapping, required endorsers, active/inactive policy state. Out of scope: automated multi-network policy orchestration.","[ReqID: R09] Given an administrator defines an endorsement policy for a transaction type, when the policy is saved, then the platform records required endorsers and active status. | [ReqID: R09] Given a duplicate or invalid endorsement policy is submitted, when save is attempted, then the platform rejects the policy with validation feedback.",R09,Security;Reliability;Compliance;Audit,3,P2,Security Engineer,,Ready for Refinement,PBI-009;PBI-003;PBI-022,Deferred permissioned-blockchain governance story.
PBI-239,Story,"As the platform, I want to validate transaction endorsements before acceptance, so that transactions without required signatures are rejected","Context: Defined policies must be enforced at transaction submission time. Business problem: policy records alone do not prevent unauthorized transaction acceptance. User role / actor: system enforcement. Expected behavior: transaction submission is accepted only when required endorsements are present and valid. Business value: implements permissioned endorsement behavior for sensitive transactions. In scope: endorsement lookup, signature or equivalent evidence validation, rejection handling, audit evidence. Out of scope: full Fabric endorsement runtime.","[ReqID: R09] Given a transaction requires named endorsers, when the transaction is submitted without all required endorsements, then the platform rejects it with a policy violation result. | [ReqID: R09] Given the required endorsements are present and valid, when validation runs, then the platform accepts the transaction and stores endorsement evidence.",R09,Security;Reliability;Compliance;Audit,5,P2,Security Engineer,,Ready for Refinement,PBI-009;PBI-238;PBI-022,Keep endorsement validation as MVP-compatible application-level policy unless later architecture requires platform-native endorsement.
PBI-240,Story,"As an auditor, I want to inspect endorsement evidence for sensitive transactions, so that transaction approval can be verified after the fact","Context: Endorsement validation must be auditable after transaction acceptance or rejection. Business problem: if endorsement evidence cannot be inspected, policy enforcement cannot be proven. User role / actor: auditor. Expected behavior: auditor retrieves endorsement evidence, required policy, submitted endorsers, and validation outcome. Business value: supports dispute resolution, regulator review, and consortium trust. In scope: endorsement evidence read model, validation outcome, policy reference, actor/timestamp. Out of scope: analytics dashboarding.","[ReqID: R09] Given a transaction has endorsement evidence, when an auditor retrieves endorsement details, then the platform returns policy reference, required endorsers, submitted endorsements, and validation outcome. | [ReqID: R09] Given a transaction was rejected for missing endorsement, when evidence is retrieved, then the platform returns the missing requirement without implying successful acceptance.",R09,Audit;Security;Compliance;Usability,3,P2,Security Engineer,,Ready for Refinement,PBI-009;PBI-239;PBI-005,Supports later consortium governance and dispute workflows.
PBI-241,Story,"As a data owner, I want sensitive transaction fields to be visible only to permitted parties, so that commercial terms remain confidential","Context: Private data visibility is deferred but important for permissioned blockchain-style confidentiality. Business problem: broad visibility of payment or commercial terms increases privacy and confidentiality risk. User role / actor: data owner. Expected behavior: authorized users see sensitive fields while unauthorized users receive only permitted metadata or proof. Business value: supports privacy-preserving multiparty procurement. In scope: visibility policy, sensitive-field classification, authorized access, unauthorized redaction. Out of scope: Fabric private data collections implementation.","[ReqID: R10] Given a user has authorized access to a protected record, when the record is loaded, then sensitive fields allowed by policy are visible. | [ReqID: R10] Given a user lacks authorized access, when the same record is requested, then sensitive fields are hidden and only permitted proof or metadata is returned.",R10,Privacy;Security;Compliance;Audit,5,P1,Security Engineer,,Ready for Refinement,PBI-010;PBI-003;PBI-022,Deferred confidentiality story. Implement policy-based visibility before platform-native private collections.
PBI-242,Story,"As an auditor, I want unauthorized users to see only hashes or proofs for restricted data, so that auditability is preserved without exposing sensitive terms","Context: Privacy controls should preserve verifiability even when data is restricted. Business problem: hiding all restricted data without proof weakens auditability and dispute resolution. User role / actor: auditor. Expected behavior: restricted viewers receive proof metadata or hashes that can support integrity verification. Business value: balances confidentiality and audit verification. In scope: hash/proof projection, restricted response shape, integrity metadata, audit capture. Out of scope: zero-knowledge proofs and advanced privacy analytics.","[ReqID: R10] Given a user lacks sensitive-field access, when a protected record is requested, then the platform returns permitted proof metadata or hash references instead of sensitive values. | [ReqID: R10] Given proof metadata is returned, when an auditor reviews it, then the metadata is sufficient to link to the protected record without exposing restricted terms.",R10,Privacy;Security;Audit;Compliance,3,P1,Security Engineer,,Ready for Refinement,PBI-010;PBI-241;PBI-005,Supports hybrid audit anchoring and privacy-preserving review.
PBI-243,Story,"As a developer, I want to register contract template versions, so that escrow and PLS contract logic can evolve with traceability","Context: Smart-contract-like workflows will evolve beyond MVP. Business problem: unmanaged template changes create compatibility and audit risk. User role / actor: developer. Expected behavior: developer registers a new contract template version with metadata and compatibility notes. Business value: creates controlled versioning for escrow and PLS logic. In scope: version registration, metadata, compatibility notes, active/inactive version state. Out of scope: automatic multi-network deployment.","[ReqID: R16] Given a new contract template version is prepared, when it is registered, then the platform stores version metadata, compatibility notes, and active/inactive state. | [ReqID: R16] Given a duplicate or incompatible version is submitted, when registration is attempted, then the platform rejects or flags the version according to policy.",R16,Maintainability;Audit;Reliability;Compliance,3,P2,Platform Engineer,,Ready for Refinement,PBI-016;PBI-006;PBI-007;PBI-022,Deferred maintainability story for smart-contract-like workflow evolution.
PBI-244,Story,"As a platform engineer, I want to execute controlled contract upgrades with migration evidence, so that existing records remain reviewable after template changes","Context: Version registration is incomplete without an upgrade path. Business problem: upgrades without migration evidence may break existing escrow or PLS records. User role / actor: platform engineer. Expected behavior: engineer applies a controlled upgrade and records prior version, new version, affected records, and migration result. Business value: preserves auditability across contract evolution. In scope: upgrade action, migration metadata, affected-record report, audit evidence. Out of scope: automated multi-network migration.","[ReqID: R16] Given a new compatible contract version exists, when the upgrade process is executed, then the platform records prior version, new version, affected records, and migration metadata. | [ReqID: R16] Given migration validation fails, when the upgrade is attempted, then the platform blocks or marks the upgrade as failed without losing access to prior records.",R16,Maintainability;Audit;Reliability;Compliance,5,P2,Platform Engineer,,Ready for Refinement,PBI-016;PBI-243;PBI-005,Useful before productionizing escrow or PLS contract logic.
PBI-245,Story,"As a logistics user, I want to submit a signed QR or IoT delivery proof, so that delivery evidence can support escrow release","Context: Delivery evidence is deferred but important for linking real-world fulfillment to escrow and audit events. Business problem: delivery confirmation without verifiable proof weakens settlement and dispute decisions. User role / actor: logistics user. Expected behavior: logistics user submits signed proof linked to a delivery event and transaction. Business value: improves confidence in release conditions and procurement audit trail. In scope: QR/IoT proof submission, signature metadata, delivery linkage, validation result. Out of scope: hardware device management.","[ReqID: R18] Given a delivery event has a signed QR or IoT proof, when the proof is submitted, then the platform verifies the signature metadata and links the proof to the delivery record. | [ReqID: R18] Given proof data is malformed or not linked to a known delivery, when submission is attempted, then the platform rejects the proof with the approved reason.",R18,Integrity;Interoperability;Reliability;Audit,5,P2,Integration Engineer,,Ready for Refinement,PBI-018;PBI-004;PBI-005;PBI-006,Deferred evidence story that strengthens escrow release conditions. Scope grooming 2026-05-26: remains Planned or Ready for Refinement because delivery evidence is metadata-only in the supervisor demo; real signed IoT/QR/upload/review behavior remains future work.
PBI-246,Story,"As a buyer, I want to review delivery proof verification status, so that I can decide whether delivery evidence supports settlement","Context: Proof submission must be reviewable by buyers and auditors. Business problem: stored proof is not useful if verification outcome cannot be inspected. User role / actor: buyer. Expected behavior: buyer retrieves delivery proof status, verification result, proof metadata, and linked transaction. Business value: supports settlement confidence and dispute reduction. In scope: proof status read model, linked delivery event, verification metadata, invalid-state handling. Out of scope: advanced logistics analytics.","[ReqID: R18] Given a linked delivery proof exists, when a buyer reviews the delivery record, then the proof status and verification result are visible. | [ReqID: R18] Given proof verification failed, when the delivery record is reviewed, then the platform shows the failed verification state without treating the delivery as verified.",R18,Integrity;Audit;Usability;Reliability,3,P2,Integration Engineer,,Ready for Refinement,PBI-018;PBI-245;PBI-006,Supports escrow proof-condition review. Scope grooming 2026-05-26: remains Planned or Ready for Refinement because delivery evidence is metadata-only in the supervisor demo; real signed IoT/QR/upload/review behavior remains future work.
PBI-247,Story,"As a buyer or supplier, I want to raise a dispute linked to a procurement transaction, so that contested events are tracked formally","Context: Dispute handling is deferred but important for blockchain-backed procurement governance. Business problem: informal disputes weaken auditability and arbitration evidence. User role / actor: buyer or supplier. Expected behavior: user raises a dispute linked to a transaction, lifecycle event, or delivery proof. Business value: creates a controlled dispute trail for later arbitration. In scope: dispute creation, linked transaction context, initial status, actor attribution. Out of scope: external arbitration integration.","[ReqID: R21] Given a procurement transaction exists, when a buyer or supplier raises a dispute, then the platform creates a dispute record with linked transaction context and initial status. | [ReqID: R21] Given required dispute context is missing, when creation is attempted, then the platform rejects the request with validation feedback.",R21,Audit;Compliance;Reliability;Security,3,P2,Operations Lead,,Ready for Refinement,PBI-021;PBI-005;PBI-006;PBI-022,Deferred governance story for evidence-backed transaction disputes.
PBI-248,Story,"As an operations lead, I want to attach evidence and update dispute status, so that the dispute lifecycle remains auditable","Context: A dispute must accumulate evidence and status transitions before resolution. Business problem: without structured evidence and state changes, arbitration outcomes are difficult to justify. User role / actor: operations lead. Expected behavior: operations lead attaches evidence metadata and changes dispute status according to allowed transitions. Business value: improves dispute governance and audit defensibility. In scope: evidence metadata, status transitions, actor/timestamp, audit evidence. Out of scope: external document storage integration.","[ReqID: R21] Given a dispute exists, when evidence metadata is attached, then the platform records the evidence reference, actor, timestamp, and linked dispute. | [ReqID: R21] Given a status transition is requested, when the transition is valid, then the platform updates dispute status and records the transition history.",R21,Audit;Compliance;Reliability;Security,3,P2,Operations Lead,,Ready for Refinement,PBI-021;PBI-247;PBI-005,Supports arbitration evidence trail.
PBI-249,Story,"As an arbitrator or operations lead, I want to record the final dispute resolution, so that arbitration outcome is preserved immutably","Context: Dispute workflows must end with a final outcome that can be reviewed later. Business problem: unresolved or mutable dispute conclusions weaken trust in procurement governance. User role / actor: arbitrator or operations lead. Expected behavior: authorized actor records final decision, outcome reason, and closure status. Business value: provides a durable governance record for contested procurement transactions. In scope: final decision, closure status, reason metadata, linked evidence history. Out of scope: external arbitration system integration.","[ReqID: R21] Given a dispute reaches resolution, when the final decision is recorded, then the platform stores the final status, reason, and linked evidence history. | [ReqID: R21] Given a closed dispute is modified, when an unsupported change is attempted, then the platform blocks the change or records it only through an approved correction path.",R21,Governance;Audit;Compliance;Reliability,3,P2,Operations Lead,,Ready for Refinement,PBI-021;PBI-248;PBI-005;PBI-022,Completes deferred on-chain/arbitration-style governance trail.
PBI-250,Story,"As a consortium administrator, I want to propose a governance policy change, so that consortium rules are recorded before approval","Context: Consortium policy registry is deferred, but it is key to real permissioned blockchain governance. Business problem: policy decisions outside the system weaken accountability and traceability. User role / actor: consortium administrator. Expected behavior: administrator proposes a policy change with proposer, scope, rationale, and initial status. Business value: creates a formal policy-change trail for consortium governance. In scope: policy proposal, metadata, initial status, proposer attribution. Out of scope: fully automated quorum execution across independent organizations.","[ReqID: R30] Given a governance policy change is proposed, when the proposal is submitted, then the platform stores the policy record with proposer, rationale, date, scope, and current status. | [ReqID: R30] Given required policy metadata is missing, when submission is attempted, then the platform rejects the proposal with validation feedback.",R30,Governance;Audit;Security;Compliance,3,P2,Governance Lead,,Ready for Refinement,PBI-030;PBI-003;PBI-022,Deferred consortium governance story. Avoid full automated quorum execution in first pass.
PBI-251,Story,"As a consortium administrator, I want to record approval or rejection of governance policy changes, so that policy decisions are traceable","Context: Policy proposals must move through a governed decision process. Business problem: storing proposals without decision records does not prove governance approval. User role / actor: consortium administrator. Expected behavior: authorized actors record approval, rejection, or revision outcome for policy changes. Business value: provides accountability for consortium rule evolution. In scope: decision outcome, approver identity, quorum metadata if configured, reason, status transition. Out of scope: cross-organization automated voting infrastructure.","[ReqID: R30] Given a policy proposal is pending review, when an authorized decision is recorded, then the registry stores approval or rejection outcome, actor, timestamp, and reason. | [ReqID: R30] Given approval requirements are not met, when finalization is attempted, then the platform blocks final approval and records the unmet requirement.",R30,Governance;Audit;Security;Compliance,3,P2,Governance Lead,,Ready for Refinement,PBI-030;PBI-250;PBI-009,Can later integrate with endorsement policy if quorum becomes enforceable.
PBI-252,Story,"As an auditor, I want to view the consortium policy registry and policy history, so that current and prior governance rules are reviewable","Context: Governance records must be queryable after proposal and approval. Business problem: if policy history is not readable, auditors cannot verify which rules were active at a given time. User role / actor: auditor. Expected behavior: auditor retrieves active policies, prior policy versions, decision history, and effective dates. Business value: makes consortium governance transparent and auditable. In scope: active policy view, version history, decision history, effective-date lookup. Out of scope: policy analytics dashboard.","[ReqID: R30] Given approved policy records exist, when an auditor views the policy registry, then the platform returns current active policies and policy history. | [ReqID: R30] Given a historical date or policy version is requested, when lookup is executed, then the platform returns the policy state and decision history available for that period.",R30,Governance;Audit;Compliance;Usability,3,P2,Governance Lead,,Ready for Refinement,PBI-030;PBI-251;PBI-022,Completes deferred governance registry read capability.
PBI-253,Enabler,Enable authentication and session management for platform users,"Capability to be created or improved: provide a minimal platform authentication and session capability for login, session or token issuance, authenticated request validation, logout/session invalidation, and trusted actor-context integration. Why it is needed: PBI-017, PBI-002, PBI-005, PBI-006, PBI-007, PBI-015, and later protected workflows require a real authenticated actor before dashboard routing, authorization, and audit rules can be applied safely. Which future PBIs it enables: PBI-017;PBI-002;PBI-005;PBI-006;PBI-007;PBI-015 and later protected workflow features. Technical scope: MVP authentication contract, login endpoint, local session or token issuance, authenticated request validation middleware, logout/session invalidation, actor-context integration, and auth failure handling. Explicit exclusions: external enterprise IdP, SSO, MFA, password recovery, DID/VC federation, and public SME self-registration.","[ReqID: R03;R22] Given a valid platform user authenticates successfully, when login is completed, then the platform issues a session or token that can be used to derive trusted actor context. | [ReqID: R03;R22] Given an authenticated request reaches a protected route, when the request is processed, then the backend derives actor identity from the trusted session/token mechanism rather than client-authored actor headers. | [ReqID: R03;R22] Given a user logs out or the session is invalid, when a protected route is requested, then the platform denies access and records the required audit outcome where applicable.",R03;R22,Security;Audit;Compliance;Maintainability,8,P0,Security Engineer,,Completed,PBI-003;PBI-022;PBI-087;ADR-001,Important: Required before production-like merge of the three concurrent branches. Branch: feature/PBI-253-auth-session-management. This fills the gap between completed actor-context infrastructure and real authentication/session behavior.
PBI-254,Task,Do define MVP authentication/session contract and threat assumptions,"Action to be performed: define the MVP authentication/session API contract, token or session strategy, request actor context shape, failure responses, and threat assumptions. Why it is needed: implementation must not invent login, token, logout, or actor-context semantics while coding. Expected output: approved auth/session contract and implementation assumptions. Scope: login request/response, session or token payload, expiration rule, logout behavior, invalid-session behavior, actor context fields, and error-envelope alignment. Explicit exclusions: external IdP, SSO, MFA, password recovery, DID/VC federation, and public self-registration.","[ReqID: R03;R22] Given the auth/session contract is reviewed, when the task closes, then login, token/session, logout, invalid-session, and actor-context semantics are explicitly documented. | [ReqID: R03;R22] Given implementation starts, when contributors build auth behavior, then they use the approved contract rather than inventing route-specific authentication semantics.",R03;R22,Security;Audit;Maintainability;Compliance,2,P0,Security Engineer,,Completed,PBI-253;PBI-087;ADR-001,First task for branch feature/PBI-253-auth-session-management. ADR-001 says PBI-017 consumes auth context but does not define it.
PBI-255,Task,Do implement MVP user credential and session domain model with repository seams,"Action to be performed: implement the minimal domain/application model needed for platform user credentials and session/token persistence or validation seams. Why it is needed: login/session behavior needs a controlled source of truth rather than ad hoc request checks. Expected output: auth domain/application primitives, repository interfaces, in-memory or MVP adapter, and test seams. Scope: platform user credential reference, session/token record or validation seam, session status, expiry metadata, repository ports, and local adapter. Explicit exclusions: external identity provider integration and production password recovery.","[ReqID: R03;R22] Given the auth domain model is implemented, when login or validation services require user/session data, then they can use explicit repository seams. | [ReqID: R03;R22] Given session state is stored or validated, when tests execute, then active, expired, invalid, and revoked session cases are representable without placeholder logic.",R03;R22,Security;Maintainability;Reliability,2,P0,Backend Engineer,,Completed,PBI-253;PBI-254,Keep model minimal for MVP. Use repository seams so later database or IdP-backed implementation can replace in-memory behavior without changing route contracts.
PBI-256,Task,Do implement login endpoint and session or token issuance,"Action to be performed: implement the backend login endpoint and session/token issuance behavior using the approved MVP auth contract. Why it is needed: platform users need a real authentication entry point before protected dashboard and workflow requests can derive trusted actor context. Expected output: login route, authentication service, issued session/token, success response, and invalid-credential handling. Scope: login endpoint, credential verification against MVP source, session/token issuance, response mapping, validation errors, and failed-login behavior. Explicit exclusions: account creation, password reset, MFA, SSO, and public registration.","[ReqID: R03;R22] Given valid platform user credentials are submitted, when login succeeds, then the platform issues a session or token according to the approved contract. | [ReqID: R03;R22] Given invalid credentials are submitted, when login is attempted, then the platform rejects the request with the approved error response and does not issue a session or token.",R03;R22,Security;Audit;Reliability;Compliance,3,P0,Backend Engineer,,Completed,PBI-253;PBI-255,This creates the real login path. It must not implement public self-registration or external IdP behavior.
PBI-257,Task,Do implement authenticated request validation middleware for protected routes,"Action to be performed: implement shared middleware or plugin logic that validates incoming session/token data and populates trusted request actor context. Why it is needed: protected routes must derive actor identity from trusted auth/session state rather than client-authored headers. Expected output: shared authenticated-request middleware, request actor context population, invalid/expired-session handling, and route-consumption pattern. Scope: bearer/session parsing, session/token validation, request actor context, failure mapping, and integration seam for protected routes. Explicit exclusions: route-specific authorization rules and dashboard UI behavior.","[ReqID: R03;R22] Given a valid session or token is supplied to a protected request, when middleware executes, then trusted actor context is populated for downstream route handlers. | [ReqID: R03;R22] Given a missing, invalid, expired, or revoked session/token is supplied, when middleware executes, then the request is rejected before protected business logic runs.",R03;R22,Security;Audit;Integration;Maintainability,3,P0,Backend Engineer,,Completed,PBI-253;PBI-254;PBI-256;PBI-087,This upgrades the completed PBI-087 actor-context seam from scaffolding toward real authenticated request validation.
PBI-258,Task,Do integrate authenticated actor context with protected routes and audit emitters,"Action to be performed: update protected route patterns and audit emitters to consume the authenticated request actor context from the shared auth middleware. Why it is needed: PBI-005, PBI-002, and PBI-017 branch work need stable actor attribution and must not rely on client-authored actor headers. Expected output: protected routes and audit emitters consume one trusted actor context pattern. Scope: route consumption helper, audit actor attribution, compatibility with completed protected-route patterns, and regression checks for existing protected flows. Explicit exclusions: changing business authorization rules beyond actor-source integration.","[ReqID: R03;R22] Given a protected route executes after authentication succeeds, when the route needs actor identity, then it reads actor context from the trusted request lifecycle. | [ReqID: R03;R22] Given audit evidence is emitted for protected actions, when the action is processed, then actor attribution comes from the same trusted request context.",R03;R22,Security;Audit;Integration;Maintainability,3,P0,Backend Engineer,,Completed,PBI-253;PBI-257;PBI-022;PBI-087,"Critical integration task before merging feature/PBI-005, feature/PBI-002, and feature/PBI-017. Avoid broad route refactors beyond actor-source alignment."
PBI-259,Task,Do implement logout or session invalidation and invalid-session behavior,"Action to be performed: implement logout/session invalidation behavior and ensure invalidated sessions or tokens no longer authorize protected requests. Why it is needed: authentication is incomplete if issued sessions cannot be invalidated or rejected after logout. Expected output: logout endpoint or invalidation service, session revocation behavior, invalid-session response handling, and tests. Scope: logout route or command, session invalidation, revoked-session handling, expired-session handling, and response mapping. Explicit exclusions: password reset, account recovery, and external IdP logout propagation.","[ReqID: R03;R22] Given an authenticated user logs out, when logout is completed, then the session or token is invalidated according to the approved contract. | [ReqID: R03;R22] Given an invalidated or expired session/token is used on a protected route, when validation runs, then the platform denies access and does not execute protected business logic.",R03;R22,Security;Reliability;Audit;Maintainability,2,P0,Backend Engineer,,Completed,PBI-253;PBI-257,MVP logout may be simple session invalidation or token revocation depending on the contract from PBI-254.
PBI-260,Task,Do add authentication and actor-context regression tests for protected-route consumers,"Action to be performed: add automated tests for login, invalid login, authenticated protected requests, invalid/expired/revoked sessions, logout, and actor-context consumption by protected routes. Why it is needed: the auth enabler becomes a merge gate for three active feature branches and must be proven before they consume it. Expected output: unit, route, and integration-style tests covering auth success, failure, and actor-context behavior. Scope: auth service tests, middleware tests, route tests, audit attribution tests, and regression checks against existing protected-route behavior. Explicit exclusions: browser-level frontend tests and external IdP tests.","[ReqID: R03;R22] Given auth/session behavior is implemented, when automated tests run, then login success, invalid login, protected request success, invalid-session rejection, and logout invalidation are covered. | [ReqID: R03;R22] Given protected routes consume actor context, when tests execute, then route handlers and audit emitters use trusted actor context rather than client-authored identity input.",R03;R22,Security;Quality;Audit;Reliability,3,P0,QA Lead,,Completed,PBI-253;PBI-256;PBI-257;PBI-258;PBI-259,This is the main evidence task proving the auth branch is safe to merge before the three feature branches.
PBI-261,Task,"Do update API contracts, architecture docs, and sprint coordination notes for auth/session boundary","Action to be performed: update durable documentation to reflect the approved auth/session contract, protected-route actor-source rule, and branch-consumption guidance for PBI-005, PBI-002, and PBI-017. Why it is needed: feature teams need one durable source of truth for how to consume authentication and actor context. Expected output: updated API contract notes, architecture notes, ADR references, and sprint coordination guidance. Scope: API_CONTRACTS.md, architecture guidance, ADR-001 reference, protected-route usage note, and branch integration note. Explicit exclusions: broad SDLC rewrite.","[ReqID: R03;R22] Given the auth/session behavior is implemented, when docs are reviewed, then login, session/token validation, logout, and actor-context consumption are documented clearly. | [ReqID: R03;R22] Given feature branches resume integration, when developers read the durable docs, then they can consume auth context without redefining session or actor semantics.",R03;R22,Documentation;Maintainability;Security;Audit,1,P0,Platform Engineer,,Completed,PBI-253;PBI-254;ADR-001,"Update ADR-001 references if needed, but do not change its decision that PBI-017 does not own auth."
PBI-262,Task,"Do prepare auth branch merge gate and rebase guidance for PBI-005, PBI-002, and PBI-017","Action to be performed: prepare final merge evidence and explicit branch integration guidance so the three active feature branches can rebase or merge main after auth lands. Why it is needed: auth is being introduced as a pre-merge integration gate and must not destabilize concurrent feature work. Expected output: merge checklist, evidence summary, branch rebase guidance, and known-impact note for the three feature teams. Scope: test result summary, affected files/modules, branch-consumption instructions, and post-merge verification checklist. Explicit exclusions: implementation changes after auth branch acceptance.","[ReqID: R03;R22] Given the auth branch is ready to merge, when the merge gate is reviewed, then tests, docs, and known branch impacts are listed. | [ReqID: R03;R22] Given PBI-005, PBI-002, and PBI-017 branches resume after auth merges, when developers follow the guidance, then they know how to consume the authenticated actor context and what regressions to verify.",R03;R22,Maintainability;Integration;Security;Quality,1,P0,Scrum Master,,Completed,PBI-253;PBI-260;PBI-261,"Final closeout task. After this, merge feature/PBI-253-auth-session-management before merging the three feature branches."
PBI-263,Feature,"Product entry, login, and authenticated dashboard journey",Create real product entry flow before dashboard.,"Given visitor opens frontend, landing page is shown. | Given demo login succeeds, dashboard uses authenticated actor context.",R17;R03,Usability;Security;Accessibility;Maintainability,8,P0,Frontend Engineer,Sprint 6,Completed,PBI-017;PBI-253,Branch: feature/PBI-263-product-entry-login-dashboard. Product UI must not expose PBI or sprint labels. Status reconciled on 2026-05-26: Planned -> Completed; evidence: docs/evidence/qa/PBI-263_PRODUCT_ENTRY_VALIDATION.md.
PBI-264,Story,"As a visitor, I want a landing page that explains the procurement, blockchain proof, and PLS seedbed value, so that the system looks like a real application before login",Create product-facing landing page.,"Given visitor opens root route, landing page and sign-in CTA are visible. | Given navigation is inspected, no PBI/task/sprint labels appear.",R17,Usability;Accessibility;Maintainability,3,P0,Frontend Engineer,Sprint 6,Completed,PBI-263,Product-facing labels only. Status reconciled on 2026-05-26: Planned -> Completed; evidence: docs/evidence/qa/PBI-263_PRODUCT_ENTRY_VALIDATION.md.
PBI-265,Task,Do define landing page information architecture,"Define hero, workflow, blockchain proof, PLS seedbed, roles, and CTA.","Given task closes, landing structure is documented. | Given UI copy is reviewed, backlog labels are absent.",R17,Usability;Accessibility;Maintainability,1,P0,Frontend Engineer,Sprint 6,Completed,PBI-264,Evidence target: PBI-263_PRODUCT_ENTRY_VALIDATION.md. Status reconciled on 2026-05-26: Planned -> Completed; evidence: docs/evidence/qa/PBI-263_PRODUCT_ENTRY_VALIDATION.md.
PBI-266,Task,Do implement LandingPage component,Implement default landing page component.,"Given frontend root loads, LandingPage renders. | Given dashboard is requested anonymously, it is not the default view.",R17,Usability;Accessibility;Maintainability,2,P0,Frontend Engineer,Sprint 6,Completed,PBI-264,Evidence target: PBI-263_PRODUCT_ENTRY_VALIDATION.md. Status reconciled on 2026-05-26: Planned -> Completed; evidence: docs/evidence/qa/PBI-263_PRODUCT_ENTRY_VALIDATION.md.
PBI-267,Task,Do add landing page visual baseline,Improve landing visual hierarchy and product presentation.,"Given landing page renders, visual baseline is presentable. | Given UI is reviewed, product labels are used.",R17,Usability;Accessibility;Maintainability,2,P0,Frontend Engineer,Sprint 6,Completed,PBI-264,Evidence target: PBI-263_PRODUCT_ENTRY_VALIDATION.md. Status reconciled on 2026-05-26: Planned -> Completed; evidence: docs/evidence/qa/PBI-263_PRODUCT_ENTRY_VALIDATION.md.
PBI-268,Task,Do validate landing page,Validate landing page build and acceptance.,"Given validation runs, frontend build passes. | Given evidence is reviewed, landing page acceptance is recorded.",R17,Quality;Usability;Documentation,1,P0,QA Lead,Sprint 6,Completed,PBI-264,Evidence target: PBI-263_PRODUCT_ENTRY_VALIDATION.md. Status reconciled on 2026-05-26: Planned -> Completed; evidence: docs/evidence/qa/PBI-263_PRODUCT_ENTRY_VALIDATION.md.
PBI-269,Story,"As a platform user, I want to sign in using a demo account, so that I can enter the system as a real role instead of using hardcoded dashboard state",Add login and demo account flow.,"Given demo account is selected, login stores session and actor context. | Given logout completes, session is cleared.",R03;R17,Security;Usability;Accessibility,3,P0,Frontend Engineer,Sprint 6,Completed,PBI-263;PBI-253,Consumes AUTH_SESSION_CONTRACT.md. Status reconciled on 2026-05-26: Planned -> Completed; evidence: docs/evidence/qa/PBI-263_PRODUCT_ENTRY_VALIDATION.md.
PBI-270,Task,Do define demo account catalogue,"Define demo accounts, roles, org state, and expected landing behavior.","Given catalogue is reviewed, each demo role is defined. | Given demo flow starts, credentials are documented safely.",R03;R17,Security;Usability;Documentation,1,P0,Frontend Engineer,Sprint 6,Completed,PBI-269,Update local demo runbook. Status reconciled on 2026-05-26: Planned -> Completed; evidence: docs/evidence/qa/PBI-263_PRODUCT_ENTRY_VALIDATION.md.
PBI-271,Task,Do implement LoginPage component,Add login form and demo account selector.,"Given /login renders, login form is visible. | Given demo account selected, form can be submitted.",R03;R17,Security;Usability;Accessibility,2,P0,Frontend Engineer,Sprint 6,Completed,PBI-269,Evidence target: PBI-263_PRODUCT_ENTRY_VALIDATION.md. Status reconciled on 2026-05-26: Planned -> Completed; evidence: docs/evidence/qa/PBI-263_PRODUCT_ENTRY_VALIDATION.md.
PBI-272,Task,Do implement frontend auth client,Implement client for PBI-253 login/logout endpoints.,"Given valid credentials, auth client stores returned session data. | Given invalid credentials, error state is handled.",R03;R17,Security;Maintainability;Integration,2,P0,Frontend Engineer,Sprint 6,Completed,PBI-269;PBI-253,Consumes AUTH_SESSION_CONTRACT.md. Status reconciled on 2026-05-26: Planned -> Completed; evidence: docs/evidence/qa/PBI-263_PRODUCT_ENTRY_VALIDATION.md.
PBI-273,Task,Do implement frontend session state provider,Implement frontend session state for anonymous/authenticating/authenticated/expired/error.,"Given login succeeds, authenticated state is shared. | Given session is cleared, state returns to anonymous.",R03;R17,Security;Maintainability;Usability,2,P0,Frontend Engineer,Sprint 6,Completed,PBI-269;PBI-253,No hardcoded App actor as runtime source. Status reconciled on 2026-05-26: Planned -> Completed; evidence: docs/evidence/qa/PBI-263_PRODUCT_ENTRY_VALIDATION.md.
PBI-274,Task,Do implement logout behavior,Add logout action and local session clearing.,"Given user logs out, backend logout is attempted and local session clears. | Given logout completes, dashboard is no longer accessible.",R03;R17,Security;Usability;Reliability,1,P0,Frontend Engineer,Sprint 6,Completed,PBI-269;PBI-253,Evidence target: PBI-263_PRODUCT_ENTRY_VALIDATION.md. Status reconciled on 2026-05-26: Planned -> Completed; evidence: docs/evidence/qa/PBI-263_PRODUCT_ENTRY_VALIDATION.md.
PBI-275,Task,Do validate login and demo flow,"Validate login success, failure, logout, and role landing.","Given validation runs, successful and failed login paths are recorded. | Given evidence is reviewed, logout behavior is recorded.",R03;R17,Quality;Security;Documentation,1,P0,QA Lead,Sprint 6,Completed,PBI-269,Evidence target: PBI-263_PRODUCT_ENTRY_VALIDATION.md. Status reconciled on 2026-05-26: Planned -> Completed; evidence: docs/evidence/qa/PBI-263_PRODUCT_ENTRY_VALIDATION.md.
PBI-276,Story,"As an authenticated user, I want dashboard access to be protected by session state, so that direct dashboard access does not bypass login",Protect dashboard routing.,"Given anonymous user requests dashboard, redirect to login occurs. | Given authenticated actor opens dashboard, role comes from session actor.",R03;R17,Security;Usability;Accessibility,3,P0,Frontend Engineer,Sprint 6,Completed,PBI-263;PBI-269,Must remove direct dashboard boot. Status reconciled on 2026-05-26: Planned -> Completed; evidence: docs/evidence/qa/PBI-263_PRODUCT_ENTRY_VALIDATION.md.
PBI-277,Task,Do define frontend route map,"Define /, /login, /dashboard, /logout, and fallback behavior.","Given route map is reviewed, protected and public routes are explicit. | Given implementation starts, default route is landing.",R17,Usability;Maintainability,1,P0,Frontend Engineer,Sprint 6,Completed,PBI-276,Update FRONTEND_PRODUCT_JOURNEY.md if needed. Status reconciled on 2026-05-26: Planned -> Completed; evidence: docs/evidence/qa/PBI-263_PRODUCT_ENTRY_VALIDATION.md.
PBI-278,Task,Do implement lightweight route state in App,Replace default dashboard boot with route/page state.,"Given frontend starts, current page is landing. | Given route changes, App renders the correct page.",R03;R17,Usability;Maintainability,2,P0,Frontend Engineer,Sprint 6,Completed,PBI-276,Touches src/frontend/App.tsx. Status reconciled on 2026-05-26: Planned -> Completed; evidence: docs/evidence/qa/PBI-263_PRODUCT_ENTRY_VALIDATION.md.
PBI-279,Task,Do implement ProtectedDashboardRoute,Add guarded dashboard wrapper.,"Given anonymous user enters dashboard, guard redirects to login. | Given authenticated session exists, dashboard renders.",R03;R17,Security;Usability,2,P0,Frontend Engineer,Sprint 6,Completed,PBI-276;PBI-273,Evidence target: PBI-263_PRODUCT_ENTRY_VALIDATION.md. Status reconciled on 2026-05-26: Planned -> Completed; evidence: docs/evidence/qa/PBI-263_PRODUCT_ENTRY_VALIDATION.md.
PBI-280,Task,Do wire authenticated actor into DashboardShell,Use session actor instead of hardcoded demoUserContext.,"Given authenticated actor exists, DashboardShell uses actorRoleCodes from session. | Given actor missing, dashboard does not render as ready.",R03;R17,Security;Usability;Maintainability,2,P0,Frontend Engineer,Sprint 6,Completed,PBI-276;PBI-273,Removes runtime hardcoded actor dependency. Status reconciled on 2026-05-26: Planned -> Completed; evidence: docs/evidence/qa/PBI-263_PRODUCT_ENTRY_VALIDATION.md.
PBI-281,Task,Do validate protected route flow,Validate anonymous redirect and authenticated dashboard access.,"Given validation runs, anonymous and authenticated route behavior is recorded. | Given build runs, frontend build passes.",R03;R17,Quality;Security;Documentation,1,P0,QA Lead,Sprint 6,Completed,PBI-276,Evidence target: PBI-263_PRODUCT_ENTRY_VALIDATION.md. Status reconciled on 2026-05-26: Planned -> Completed; evidence: docs/evidence/qa/PBI-263_PRODUCT_ENTRY_VALIDATION.md.
PBI-282,Feature,Dashboard UX and ADR-aligned state-flow correction,Fix scaffolded dashboard visuals and state flow.,"Given authenticated user opens dashboard, visual baseline is product-ready. | Given blocked state exists, dashboard shows correct limited or blocked state.",R17,Usability;Security;Accessibility;Maintainability,8,P0,Frontend Engineer,Sprint 6,Completed,PBI-017;PBI-253;PBI-263,Branch: feature/PBI-282-dashboard-ux-state-flow. Status reconciled on 2026-05-26: Planned -> Completed; evidence: docs/evidence/qa/PBI-282_DASHBOARD_UX_STATE_VALIDATION.md.
PBI-283,Story,"As an authenticated user, I want a clean dashboard layout, so that role-specific work is easy to understand and presentable",Create dashboard visual baseline.,"Given dashboard loads, layout/cards/badges are consistent. | Given UI is reviewed, product labels are used.",R17,Usability;Accessibility;Maintainability,3,P0,Frontend Engineer,Sprint 6,Completed,PBI-282,Dashboard must be demo-presentable. Status reconciled on 2026-05-26: Planned -> Completed; evidence: docs/evidence/qa/PBI-282_DASHBOARD_UX_STATE_VALIDATION.md.
PBI-284,Task,Do define dashboard visual system,"Define layout, header, sidebar, card, badge, empty, error states.","Given task closes, visual rules are documented. | Given UI work starts, conventions are clear.",R17,Usability;Accessibility;Maintainability,1,P0,Frontend Engineer,Sprint 6,Completed,PBI-283,Update FRONTEND_PRODUCT_JOURNEY.md if needed. Status reconciled on 2026-05-26: Planned -> Completed; evidence: docs/evidence/qa/PBI-282_DASHBOARD_UX_STATE_VALIDATION.md.
PBI-285,Task,Do implement AppLayout component,Implement shared app shell layout.,"Given dashboard renders, AppLayout provides consistent shell. | Given workflow page renders, layout can be reused.",R17,Usability;Accessibility;Maintainability,2,P0,Frontend Engineer,Sprint 6,Completed,PBI-283,Files: src/frontend/components/layout. Status reconciled on 2026-05-26: Planned -> Completed; evidence: docs/evidence/qa/PBI-282_DASHBOARD_UX_STATE_VALIDATION.md.
PBI-286,Task,Do implement dashboard card and badge components,Create reusable UI primitives for dashboard.,"Given components render, cards and badges are consistent. | Given state badges appear, text labels accompany visual state.",R17,Usability;Accessibility;Maintainability,2,P0,Frontend Engineer,Sprint 6,Completed,PBI-283,Files: src/frontend/components/ui. Status reconciled on 2026-05-26: Planned -> Completed; evidence: docs/evidence/qa/PBI-282_DASHBOARD_UX_STATE_VALIDATION.md.
PBI-287,Task,Do restyle DashboardShell and widget zones,Apply visual baseline to dashboard shell and widgets.,"Given DashboardShell renders, spacing and hierarchy are improved. | Given widgets render, grouping is clear.",R17,Usability;Accessibility;Maintainability,2,P0,Frontend Engineer,Sprint 6,Completed,PBI-283,Evidence target: PBI-282_DASHBOARD_UX_STATE_VALIDATION.md. Status reconciled on 2026-05-26: Planned -> Completed; evidence: docs/evidence/qa/PBI-282_DASHBOARD_UX_STATE_VALIDATION.md.
PBI-288,Task,Do validate dashboard visual baseline,Validate dashboard visual acceptance and build.,"Given frontend build runs, it passes. | Given evidence is reviewed, visual baseline acceptance is recorded.",R17,Quality;Usability;Documentation,1,P0,QA Lead,Sprint 6,Completed,PBI-283,Evidence target: PBI-282_DASHBOARD_UX_STATE_VALIDATION.md. Status reconciled on 2026-05-26: Planned -> Completed; evidence: docs/evidence/qa/PBI-282_DASHBOARD_UX_STATE_VALIDATION.md.
PBI-289,Story,"As the frontend, I want a clear dashboard state resolver, so that actor, role, and organization state transitions are predictable",Implement dashboard state resolver gates.,"Given actor context is resolved, resolver returns approved dashboard state. | Given non-operational state exists, write affordances are blocked or hidden.",R17,Usability;Security;Accessibility;Maintainability,3,P0,Frontend Engineer,Sprint 6,Completed,PBI-282;PBI-253,Follows DASHBOARD_STATE_FLOW_RECOMMENDATIONS.md. Status reconciled on 2026-05-26: Planned -> Completed; evidence: docs/evidence/qa/PBI-282_DASHBOARD_UX_STATE_VALIDATION.md.
PBI-290,Task,Do extract dashboard state resolver,Create dashboard-state-resolver module.,"Given actor context input, resolver returns deterministic shell state. | Given missing roles, resolver returns noRole.",R17,Usability;Security;Maintainability,2,P0,Frontend Engineer,Sprint 6,Completed,PBI-289,Files: src/frontend/lib/dashboard-state-resolver.ts. Status reconciled on 2026-05-26: Planned -> Completed; evidence: docs/evidence/qa/PBI-282_DASHBOARD_UX_STATE_VALIDATION.md.
PBI-291,Task,Do add user lifecycle gate,Block inactive users before dashboard widgets.,"Given user inactive, resolver returns blocked state. | Given user active, resolver continues to role gate.",R17,Security;Usability,1,P0,Frontend Engineer,Sprint 6,Completed,PBI-289,State-flow hardening. Status reconciled on 2026-05-26: Planned -> Completed; evidence: docs/evidence/qa/PBI-282_DASHBOARD_UX_STATE_VALIDATION.md.
PBI-292,Task,Do add role assignment gate,Add noRole and unsupportedRole behavior.,"Given no active role, dashboard shows noRole. | Given unsupported role, dashboard shows unsupportedRole.",R17,Security;Usability,1,P0,Frontend Engineer,Sprint 6,Completed,PBI-289,State-flow hardening. Status reconciled on 2026-05-26: Planned -> Completed; evidence: docs/evidence/qa/PBI-282_DASHBOARD_UX_STATE_VALIDATION.md.
PBI-293,Task,Do add organization state gate,Add pendingReview and blocked org behavior.,"Given org pendingReview, limited/status dashboard is shown. | Given org inactive/suspended/deleted, blocked/status-only state is shown.",R17,Security;Usability,1,P0,Frontend Engineer,Sprint 6,Completed,PBI-289,State-flow hardening. Status reconciled on 2026-05-26: Planned -> Completed; evidence: docs/evidence/qa/PBI-282_DASHBOARD_UX_STATE_VALIDATION.md.
PBI-294,Task,Do add dashboard state views,"Create UI views for loading, noRole, unsupportedRole, forbidden, pendingReview, blocked.","Given each state occurs, a clear state view renders. | Given blocked state renders, it does not imply operational access.",R17,Usability;Accessibility;Security,2,P0,Frontend Engineer,Sprint 6,Completed,PBI-289,Files: src/frontend/components/dashboard. Status reconciled on 2026-05-26: Planned -> Completed; evidence: docs/evidence/qa/PBI-282_DASHBOARD_UX_STATE_VALIDATION.md.
PBI-295,Task,Do validate state resolver behavior,"Validate user, role, and organization state combinations.","Given validation runs, state matrix is recorded. | Given build runs, frontend build passes.",R17,Quality;Security;Documentation,1,P0,QA Lead,Sprint 6,Completed,PBI-289,Evidence target: PBI-282_DASHBOARD_UX_STATE_VALIDATION.md. Status reconciled on 2026-05-26: Planned -> Completed; evidence: docs/evidence/qa/PBI-282_DASHBOARD_UX_STATE_VALIDATION.md.
PBI-296,Enabler,PostgreSQL persistence baseline for demo-stable workflows,Add PostgreSQL persistence baseline for demo-critical workflows.,"Given local infra starts, migrations and seed run. | Given adapters are added, domain code remains DB-library independent.",R03;R05;R22,Reliability;Maintainability;Security;Audit,8,P0,Backend Engineer,Sprint 6,Completed,PBI-253;PBI-005;PBI-002,Branch: feature/PBI-296-postgres-persistence-baseline. Status reconciled on 2026-05-26: Planned -> Completed; evidence: docs/evidence/qa/PBI-296_POSTGRES_BASELINE_VALIDATION.md.
PBI-297,Task,Do define persistence decision,Define DB adapter strategy and migration convention.,"Given decision is reviewed, adapter boundaries are explicit. | Given implementation starts, migration convention is known.",R03;R05;R22,Maintainability;Reliability;Documentation,1,P0,Backend Engineer,Sprint 6,Completed,PBI-296,Reference POSTGRES_PERSISTENCE_DECISION.md. Status reconciled on 2026-05-26: Planned -> Completed; evidence: docs/evidence/qa/PBI-296_POSTGRES_BASELINE_VALIDATION.md.
PBI-298,Task,Do add PostgreSQL local Docker service,Add local postgres service and safe env example.,"Given docker compose starts, postgres is available. | Given env docs are reviewed, .env.local remains ignored.",R03;R05;R22,Reliability;Operability;Maintainability,2,P0,Backend Engineer,Sprint 6,Completed,PBI-296,Update docs/runbooks/postgres-local-dev.md. Status reconciled on 2026-05-26: Planned -> Completed; evidence: docs/evidence/qa/PBI-296_POSTGRES_BASELINE_VALIDATION.md.
PBI-299,Task,Do add database configuration module,Add DB configuration loader/module.,"Given backend starts, DB config is read safely. | Given config missing, safe error behavior is documented.",R03;R05;R22,Reliability;Maintainability,2,P0,Backend Engineer,Sprint 6,Completed,PBI-296,Files: src/infrastructure/database. Status reconciled on 2026-05-26: Planned -> Completed; evidence: docs/evidence/qa/PBI-296_POSTGRES_BASELINE_VALIDATION.md.
PBI-300,Task,Do add migration structure,Create migration folder and runner convention.,"Given migration runner runs, baseline migrations apply. | Given migrations are reviewed, ordering is explicit.",R03;R05;R22,Maintainability;Reliability,2,P0,Backend Engineer,Sprint 6,Completed,PBI-296,Folder: migrations/. Status reconciled on 2026-05-26: Planned -> Completed; evidence: docs/evidence/qa/PBI-296_POSTGRES_BASELINE_VALIDATION.md.
PBI-301,Task,Do add auth/session schema,Add users and sessions schema.,"Given migration applies, auth/session tables exist. | Given session status is stored, active/revoked/expired are representable.",R03;R22,Security;Reliability;Maintainability,2,P0,Backend Engineer,Sprint 6,Completed,PBI-296;PBI-253,Supports PBI-253 persistence. Status reconciled on 2026-05-26: Planned -> Completed; evidence: docs/evidence/qa/PBI-296_POSTGRES_BASELINE_VALIDATION.md.
PBI-302,Task,Do add membership/RBAC schema,"Add organizations, roles, and assignments schema.","Given migration applies, membership and RBAC tables exist. | Given seed runs, role assignments can be represented.",R03,Security;Reliability;Maintainability,2,P0,Backend Engineer,Sprint 6,Completed,PBI-296;PBI-003,Supports demo accounts. Status reconciled on 2026-05-26: Planned -> Completed; evidence: docs/evidence/qa/PBI-296_POSTGRES_BASELINE_VALIDATION.md.
PBI-303,Task,Do add audit/procurement schema,Add access audit and procure-to-pay lifecycle event tables.,"Given migration applies, audit/procurement event tables exist. | Given event is persisted, immutable reference fields are representable.",R05;R22,Audit;Integrity;Reliability,2,P0,Backend Engineer,Sprint 6,Completed,PBI-296;PBI-005;PBI-022,Supports PBI-005 persistence. Status reconciled on 2026-05-26: Planned -> Completed; evidence: docs/evidence/qa/PBI-296_POSTGRES_BASELINE_VALIDATION.md.
PBI-304,Task,Do add blockchain anchor metadata schema,Add anchor status and Fabric metadata table.,"Given migration applies, anchor metadata table exists. | Given anchor result is stored, tx id/channel/chaincode/status are representable.",R05;R22,Audit;Integrity;Reliability,2,P0,Backend Engineer,Sprint 6,Completed,PBI-296;PBI-323,Supports blockchain proof UI. Status reconciled on 2026-05-26: Planned -> Completed; evidence: docs/evidence/qa/PBI-296_POSTGRES_BASELINE_VALIDATION.md.
PBI-305,Task,Do add demo seed script,"Seed demo users, organizations, roles, assignments, and sample records.","Given seed runs, demo accounts are available. | Given seed runs repeatedly, behavior is safe or documented.",R03;R17,Usability;Reliability;Maintainability,2,P0,Backend Engineer,Sprint 6,Completed,PBI-296;PBI-263,Update docs/runbooks/local-demo.md. Status reconciled on 2026-05-26: Planned -> Completed; evidence: docs/evidence/qa/PBI-296_POSTGRES_BASELINE_VALIDATION.md.
PBI-306,Task,Do implement auth/session PostgreSQL adapter,Implement Postgres adapter for auth/session repository seam.,"Given login/session tests run, Postgres adapter behavior is covered. | Given in-memory tests run, existing seams remain usable.",R03;R22,Security;Reliability;Maintainability,3,P0,Backend Engineer,Sprint 6,Completed,PBI-296;PBI-301,Keep domain independent from DB library. Status reconciled on 2026-05-26: Planned -> Completed; evidence: docs/evidence/qa/PBI-296_POSTGRES_BASELINE_VALIDATION.md.
PBI-307,Task,Do implement procurement/audit PostgreSQL adapter,Implement Postgres adapter for lifecycle/audit events.,"Given event save runs, event persists in Postgres. | Given history query runs, persisted event can be read.",R05;R22,Audit;Reliability;Maintainability,3,P0,Backend Engineer,Sprint 6,Completed,PBI-296;PBI-303,Keep in-memory adapter for tests. Status reconciled on 2026-05-26: Planned -> Completed; evidence: docs/evidence/qa/PBI-296_POSTGRES_BASELINE_VALIDATION.md.
PBI-308,Task,Do validate PostgreSQL baseline,"Validate migrations, seed, build, and tests.","Given validation runs, migrations and seed are recorded. | Given build/tests run, results are recorded.",R03;R05;R22,Quality;Reliability;Documentation,1,P0,QA Lead,Sprint 6,Completed,PBI-296,Evidence target: PBI-296_POSTGRES_BASELINE_VALIDATION.md. Status reconciled on 2026-05-26: Planned -> Completed; evidence: docs/evidence/qa/PBI-296_POSTGRES_BASELINE_VALIDATION.md.
PBI-309,Enabler,Hyperledger Fabric sandbox and AuditAnchor smart contract baseline,Add local Fabric sandbox and first AuditAnchor smart contract.,"Given Fabric sandbox starts, AuditAnchorContract can be deployed. | Given event hash is anchored, verify returns correct result.",R05;R06;R22,Audit;Integrity;Security;Maintainability,8,P0,Blockchain Engineer,Sprint 6,Completed,PBI-005;PBI-022,Branch: feature/PBI-309-fabric-audit-anchor. Status reconciled on 2026-05-26: Planned -> Completed; evidence: docs/evidence/qa/PBI-309_FABRIC_BASELINE_VALIDATION.md.
PBI-310,Story,"As the development team, I want a clear Fabric MVP boundary, so that we put only proof data on-chain",Document Fabric MVP boundary.,"Given boundary is reviewed, on-chain/off-chain data rules are explicit. | Given sensitive data exists, raw private payloads are excluded from chaincode.",R05;R06;R22,Audit;Security;Maintainability,2,P0,Blockchain Engineer,Sprint 6,Completed,PBI-309,Docs-first story. Status reconciled on 2026-05-26: Planned -> Completed; evidence: docs/evidence/qa/PBI-309_FABRIC_BASELINE_VALIDATION.md.
PBI-311,Task,Do document Fabric MVP boundary,Document on-chain/off-chain rules for MVP Fabric.,"Given doc is reviewed, allowed on-chain fields are explicit. | Given doc is reviewed, production consortium rollout is out of scope.",R05;R06;R22,Audit;Security;Documentation,1,P0,Blockchain Engineer,Sprint 6,Completed,PBI-310,Reference FABRIC_MVP_BOUNDARY.md. Status reconciled on 2026-05-26: Planned -> Completed; evidence: docs/evidence/qa/PBI-309_FABRIC_BASELINE_VALIDATION.md.
PBI-312,Task,Do define AuditAnchor smart-contract contract,Define anchorEvent/getAnchor/verifyEvent/listAnchorsByCase.,"Given contract is reviewed, chaincode functions are explicit. | Given backend consumes proof API, response states are explicit.",R05;R22,Audit;Integrity;Documentation,1,P0,Blockchain Engineer,Sprint 6,Completed,PBI-310,Reference BLOCKCHAIN_ANCHOR_CONTRACT.md. Status reconciled on 2026-05-26: Planned -> Completed; evidence: docs/evidence/qa/PBI-309_FABRIC_BASELINE_VALIDATION.md.
PBI-313,Task,Do add Fabric local network runbook,Document local Fabric startup and chaincode deployment steps.,"Given runbook is followed, local Fabric network can start. | Given setup fails, known prerequisites are documented.",R05;R06;R22,Operability;Documentation;Reliability,1,P0,Blockchain Engineer,Sprint 6,Completed,PBI-310,Create docs/runbooks/fabric-local-network.md. Status reconciled on 2026-05-26: Planned -> Completed; evidence: docs/evidence/qa/PBI-309_FABRIC_BASELINE_VALIDATION.md.
PBI-314,Story,"As an auditor, I want audit event hashes anchored on Fabric, so that event integrity can be independently verified",Implement AuditAnchorContract chaincode baseline.,"Given event hash is submitted, anchorEvent stores it. | Given submitted hash is verified, verifyEvent returns verified, mismatch, or notFound.",R05;R22,Audit;Integrity;Security;Reliability,5,P0,Blockchain Engineer,Sprint 6,Completed,PBI-309;PBI-310,First smart-contract story. Status reconciled on 2026-05-26: Planned -> Completed; evidence: docs/evidence/qa/PBI-309_FABRIC_BASELINE_VALIDATION.md.
PBI-315,Task,Do add chaincode workspace skeleton,Create chaincode/audit-anchor package structure.,"Given workspace exists, chaincode package can be built or tested. | Given project is reviewed, structure is documented.",R05;R22,Maintainability;Reliability,1,P0,Blockchain Engineer,Sprint 6,Completed,PBI-314,Folder: chaincode/audit-anchor. Status reconciled on 2026-05-26: Planned -> Completed; evidence: docs/evidence/qa/PBI-309_FABRIC_BASELINE_VALIDATION.md.
PBI-316,Task,Do implement anchorEvent,Implement AuditAnchorContract anchorEvent.,"Given valid anchor input, event hash is stored. | Given duplicate eventId, chaincode rejects it.",R05;R22,Audit;Integrity;Security,2,P0,Blockchain Engineer,Sprint 6,Completed,PBI-314,Chaincode write function. Status reconciled on 2026-05-26: Planned -> Completed; evidence: docs/evidence/qa/PBI-309_FABRIC_BASELINE_VALIDATION.md.
PBI-317,Task,Do implement getAnchor,Implement anchor lookup by eventId.,"Given anchor exists, getAnchor returns it. | Given anchor is missing, notFound behavior is explicit.",R05;R22,Audit;Reliability,1,P0,Blockchain Engineer,Sprint 6,Completed,PBI-314,Chaincode read function. Status reconciled on 2026-05-26: Planned -> Completed; evidence: docs/evidence/qa/PBI-309_FABRIC_BASELINE_VALIDATION.md.
PBI-318,Task,Do implement verifyEvent,Implement event hash verification.,"Given hash matches, result is verified. | Given hash differs, result is mismatch.",R05;R22,Audit;Integrity;Security,2,P0,Blockchain Engineer,Sprint 6,Completed,PBI-314,Chaincode verification function. Status reconciled on 2026-05-26: Planned -> Completed; evidence: docs/evidence/qa/PBI-309_FABRIC_BASELINE_VALIDATION.md.
PBI-319,Task,Do implement listAnchorsByCase,Implement anchor list by caseIdHash.,"Given anchors exist for case, list returns them. | Given none exist, empty result is returned.",R05;R22,Audit;Reliability,1,P0,Blockchain Engineer,Sprint 6,Completed,PBI-314,Chaincode query helper. Status reconciled on 2026-05-26: Planned -> Completed; evidence: docs/evidence/qa/PBI-309_FABRIC_BASELINE_VALIDATION.md.
PBI-320,Task,Do add chaincode tests,"Add tests for anchor, duplicate, get, verify match/mismatch/notFound.","Given tests run, core chaincode behavior is covered. | Given duplicate input occurs, rejection is tested.",R05;R22,Quality;Audit;Reliability,2,P0,QA Lead,Sprint 6,Completed,PBI-314,Evidence target: PBI-309_FABRIC_BASELINE_VALIDATION.md. Status reconciled on 2026-05-26: Planned -> Completed; evidence: docs/evidence/qa/PBI-309_FABRIC_BASELINE_VALIDATION.md.
PBI-321,Task,Do add chaincode deployment script,Add script to package/install/deploy local chaincode.,"Given script runs, chaincode deploys to local network. | Given deployment is reviewed, commands are documented.",R05;R22,Operability;Reliability;Maintainability,2,P0,Blockchain Engineer,Sprint 6,Completed,PBI-314,Folder: scripts/fabric. Status reconciled on 2026-05-26: Planned -> Completed; evidence: docs/evidence/qa/PBI-309_FABRIC_BASELINE_VALIDATION.md.
PBI-322,Task,Do validate Fabric baseline,Validate chaincode tests and local deployment evidence.,"Given validation runs, chaincode tests are recorded. | Given local deployment runs, result is recorded.",R05;R22,Quality;Audit;Documentation,1,P0,QA Lead,Sprint 6,Completed,PBI-314,Evidence target: PBI-309_FABRIC_BASELINE_VALIDATION.md. Status reconciled on 2026-05-26: Planned -> Completed; evidence: docs/evidence/qa/PBI-309_FABRIC_BASELINE_VALIDATION.md.
PBI-323,Enabler,Backend blockchain anchoring gateway and proof API,Connect backend events to Fabric anchoring through gateway seam.,"Given lifecycle event persists, gateway can anchor payload hash. | Given verify API is called, proof status is returned.",R05;R22,Audit;Integrity;Integration;Security,5,P0,Backend Engineer,Sprint 6,Completed,PBI-309;PBI-005;PBI-296,Branch: feature/PBI-323-blockchain-gateway-proof-api. Status reconciled on 2026-05-26: Planned -> Completed; evidence: docs/evidence/qa/PBI-323_BLOCKCHAIN_GATEWAY_VALIDATION.md.
PBI-324,Task,Do define backend blockchain anchor API contract,Update API contract for proof and verification endpoints.,"Given contract is reviewed, response states are explicit. | Given implementation starts, endpoints follow the contract.",R05;R22,Audit;Integration;Documentation,1,P0,Backend Engineer,Sprint 6,Completed,PBI-323,Reference BLOCKCHAIN_ANCHOR_CONTRACT.md. Status reconciled on 2026-05-26: Planned -> Completed; evidence: docs/evidence/qa/PBI-323_BLOCKCHAIN_GATEWAY_VALIDATION.md.
PBI-325,Task,Do add BlockchainAnchorGateway port,Create app-level port for anchorEvent and verifyEvent.,"Given port exists, business code does not import Fabric SDK. | Given tests run, in-memory adapter can satisfy the port.",R05;R22,Maintainability;Integration,2,P0,Backend Engineer,Sprint 6,Completed,PBI-323,Files: src/modules/blockchain/application. Status reconciled on 2026-05-26: Planned -> Completed; evidence: docs/evidence/qa/PBI-323_BLOCKCHAIN_GATEWAY_VALIDATION.md.
PBI-326,Task,Do add in-memory blockchain anchor adapter,Add test adapter for anchor/verify without Fabric.,"Given adapter anchors, proof is stored in memory. | Given verify is called, verified/mismatch/notFound works.",R05;R22,Testability;Reliability,2,P0,Backend Engineer,Sprint 6,Completed,PBI-323;PBI-325,Keeps unit tests Fabric-independent. Status reconciled on 2026-05-26: Planned -> Completed; evidence: docs/evidence/qa/PBI-323_BLOCKCHAIN_GATEWAY_VALIDATION.md.
PBI-327,Task,Do add Fabric blockchain anchor adapter,Implement adapter to call Fabric AuditAnchorContract.,"Given Fabric is available, anchorEvent submits to chaincode. | Given Fabric unavailable, safe unavailable/failure state is returned.",R05;R22,Integration;Reliability;Security,3,P0,Backend Engineer,Sprint 6,Completed,PBI-323;PBI-325;PBI-309,Use Fabric SDK only in infrastructure adapter. Status reconciled on 2026-05-26: Planned -> Completed; evidence: docs/evidence/qa/PBI-323_BLOCKCHAIN_GATEWAY_VALIDATION.md.
PBI-328,Task,Do add anchor metadata repository,Persist anchor status and Fabric references.,"Given anchor result exists, metadata is stored. | Given event proof is requested, metadata can be retrieved.",R05;R22,Audit;Reliability;Maintainability,2,P0,Backend Engineer,Sprint 6,Completed,PBI-323;PBI-304,Requires Postgres if PBI-296 is active. Status reconciled on 2026-05-26: Planned -> Completed; evidence: docs/evidence/qa/PBI-323_BLOCKCHAIN_GATEWAY_VALIDATION.md.
PBI-329,Task,Do integrate lifecycle event anchoring,Anchor PBI-005 lifecycle event payload hashes when enabled.,"Given lifecycle event is saved, anchor attempt occurs. | Given anchor fails, base event remains valid and anchor status is explicit.",R05;R22,Audit;Integrity;Reliability,3,P0,Backend Engineer,Sprint 6,Completed,PBI-323;PBI-005,Do not corrupt base event on Fabric failure. Status reconciled on 2026-05-26: Planned -> Completed; evidence: docs/evidence/qa/PBI-323_BLOCKCHAIN_GATEWAY_VALIDATION.md.
PBI-330,Task,Do add proof verification endpoint,Expose backend proof verification endpoint.,"Given eventId and hash are submitted, verification result is returned. | Given event not found, notFound is returned safely.",R05;R22,Audit;Security;Integration,2,P0,Backend Engineer,Sprint 6,Completed,PBI-323,Route under /api/v1/blockchain/anchors. Status reconciled on 2026-05-26: Planned -> Completed; evidence: docs/evidence/qa/PBI-323_BLOCKCHAIN_GATEWAY_VALIDATION.md.
PBI-331,Task,Do add blockchain gateway regression tests,"Test anchor success, duplicate, unavailable, mismatch.","Given tests run, gateway success and failure paths are covered. | Given Fabric is unavailable, behavior remains safe.",R05;R22,Quality;Reliability;Audit,2,P0,QA Lead,Sprint 6,Completed,PBI-323,Evidence target: PBI-323_BLOCKCHAIN_GATEWAY_VALIDATION.md. Status reconciled on 2026-05-26: Planned -> Completed; evidence: docs/evidence/qa/PBI-323_BLOCKCHAIN_GATEWAY_VALIDATION.md.
PBI-332,Task,Do validate backend blockchain integration,Validate build/test/proof flow for backend gateway.,"Given validation runs, proof API behavior is recorded. | Given evidence is reviewed, representative proof flow is documented.",R05;R22,Quality;Audit;Documentation,1,P0,QA Lead,Sprint 6,Completed,PBI-323,Evidence target: PBI-323_BLOCKCHAIN_GATEWAY_VALIDATION.md. Status reconciled on 2026-05-26: Planned -> Completed; evidence: docs/evidence/qa/PBI-323_BLOCKCHAIN_GATEWAY_VALIDATION.md.
PBI-333,Feature,Blockchain proof viewer for anchored audit and procurement events,Make blockchain proof visible in frontend.,"Given anchored event exists, proof status and Fabric reference are visible. | Given verify is clicked, verification result is shown.",R05;R17;R22,Usability;Audit;Security;Accessibility,5,P0,Frontend Engineer,Sprint 6,Completed,PBI-323;PBI-282,Branch: feature/PBI-333-blockchain-proof-viewer. Status reconciled on 2026-05-26: Planned -> Completed; evidence: docs/evidence/qa/PBI-333_BLOCKCHAIN_PROOF_UI_VALIDATION.md.
PBI-334,Story,"As an auditor, I want to see blockchain proof details for an event, so that I can verify integrity from the UI",Add proof panel story.,"Given event proof metadata exists, proof information renders. | Given verification is requested, UI shows accurate result without fake data.",R05;R17;R22,Usability;Audit;Security;Accessibility,3,P0,Frontend Engineer,Sprint 6,Completed,PBI-333,Uses BLOCKCHAIN_PROOF_UI_CONTRACT.md. Status reconciled on 2026-05-26: Planned -> Completed; evidence: docs/evidence/qa/PBI-333_BLOCKCHAIN_PROOF_UI_VALIDATION.md.
PBI-335,Task,Do define proof panel UI contract,Define visible proof fields and private fields to hide.,"Given contract is reviewed, proof UI fields are explicit. | Given UI is implemented, private data is not exposed.",R05;R17;R22,Usability;Audit;Security;Documentation,1,P0,Frontend Engineer,Sprint 6,Completed,PBI-334,Reference BLOCKCHAIN_PROOF_UI_CONTRACT.md. Status reconciled on 2026-05-26: Planned -> Completed; evidence: docs/evidence/qa/PBI-333_BLOCKCHAIN_PROOF_UI_VALIDATION.md.
PBI-336,Task,Do implement BlockchainProofPanel component,Implement reusable proof panel component.,"Given props are supplied, proof panel renders status. | Given state changes, anchored/pending/failed/notAnchored are shown.",R05;R17;R22,Usability;Accessibility;Audit,2,P0,Frontend Engineer,Sprint 6,Completed,PBI-334,Files: src/frontend/components/blockchain. Status reconciled on 2026-05-26: Planned -> Completed; evidence: docs/evidence/qa/PBI-333_BLOCKCHAIN_PROOF_UI_VALIDATION.md.
PBI-337,Task,Do add blockchain proof client,Add frontend helper for proof API.,"Given verify endpoint is called, typed result is returned. | Given API fails, unavailable state is handled.",R05;R17;R22,Integration;Usability;Security,2,P0,Frontend Engineer,Sprint 6,Completed,PBI-334;PBI-330,Files: src/frontend/lib. Status reconciled on 2026-05-26: Planned -> Completed; evidence: docs/evidence/qa/PBI-333_BLOCKCHAIN_PROOF_UI_VALIDATION.md.
PBI-338,Task,Do add proof panel to event detail page,Integrate proof panel into access/audit event detail.,"Given auditor opens event detail, proof panel is visible. | Given no proof exists, notAnchored state is shown without fake tx id.",R05;R17;R22,Usability;Audit;Accessibility,2,P0,Frontend Engineer,Sprint 6,Completed,PBI-334,Touch AccessEventDetailPage. Status reconciled on 2026-05-26: Planned -> Completed; evidence: docs/evidence/qa/PBI-333_BLOCKCHAIN_PROOF_UI_VALIDATION.md.
PBI-339,Task,Do add verify proof button,Add verify action to proof panel.,"Given user clicks verify, frontend calls backend. | Given result returns, verified/mismatch/notFound/unavailable is displayed.",R05;R17;R22,Usability;Audit;Security,2,P0,Frontend Engineer,Sprint 6,Completed,PBI-334;PBI-337,No mutation of original event. Status reconciled on 2026-05-26: Planned -> Completed; evidence: docs/evidence/qa/PBI-333_BLOCKCHAIN_PROOF_UI_VALIDATION.md.
PBI-340,Task,Do validate blockchain proof UI,Validate proof UI states and frontend build.,"Given validation runs, all proof states are evidenced. | Given frontend build runs, it passes.",R05;R17;R22,Quality;Audit;Documentation,1,P0,QA Lead,Sprint 6,Completed,PBI-334,Evidence target: PBI-333_BLOCKCHAIN_PROOF_UI_VALIDATION.md. Status reconciled on 2026-05-26: Planned -> Completed; evidence: docs/evidence/qa/PBI-333_BLOCKCHAIN_PROOF_UI_VALIDATION.md.
PBI-341,Story,"As a buyer and supplier, I want order acceptance to create an escrow workflow, so that procurement settlement terms are governed and auditable",Define PBI-006 first escrow contract slice.,"Given escrow docs are complete, implementation can start safely. | Given escrowCreated is later emitted, state and proof semantics are known.",R06,Security;Audit;Reliability;Compliance,3,P0,Blockchain Engineer,Sprint 6,Completed,PBI-006;PBI-005;PBI-323,"Contract story for PBI-006 first slice. Status reconciled on 2026-05-26: Planned -> Completed; evidence: docs/evidence/qa/PBI-006_ESCROW_FIRST_SLICE_VALIDATION.md. Scope grooming 2026-05-26: Completed for supervisor-demo MVP escrow first-slice scope; post-MVP release, settlement, dispute, and production escrow hardening remain under PBI-006 and PBI-192 to PBI-203 unless narrowed."
PBI-342,Task,Do define escrow workflow state model,"Define accepted, escrowCreated, releasePending, releaseReady, released, cancelled, disputed.","Given state model is reviewed, allowed states are explicit. | Given transitions are reviewed, unsupported transitions are known.",R06,Security;Audit;Maintainability,1,P0,Blockchain Engineer,Sprint 6,Completed,PBI-341,"Reference ESCROW_WORKFLOW_CONTRACT.md. Status reconciled on 2026-05-26: Planned -> Completed; evidence: docs/evidence/qa/PBI-006_ESCROW_FIRST_SLICE_VALIDATION.md. Scope grooming 2026-05-26: Completed for supervisor-demo MVP escrow first-slice scope; post-MVP release, settlement, dispute, and production escrow hardening remain under PBI-006 and PBI-192 to PBI-203 unless narrowed."
PBI-343,Task,Do define EscrowContract on-chain/off-chain boundary,Define what escrow data may be on-chain as hashes/status.,"Given boundary is reviewed, raw commercial terms are excluded from chain. | Given chaincode starts, termsHash and status boundaries are explicit.",R06,Security;Audit;Maintainability,1,P0,Blockchain Engineer,Sprint 6,Completed,PBI-341,"Reference ESCROW_SMART_CONTRACT_BOUNDARY.md. Status reconciled on 2026-05-26: Planned -> Completed; evidence: docs/evidence/qa/PBI-006_ESCROW_FIRST_SLICE_VALIDATION.md. Scope grooming 2026-05-26: Completed for supervisor-demo MVP escrow first-slice scope; post-MVP release, settlement, dispute, and production escrow hardening remain under PBI-006 and PBI-192 to PBI-203 unless narrowed."
PBI-344,Task,Do define escrow API contract,Define create/get escrow API contract.,"Given API contract is reviewed, request and response shape are explicit. | Given implementation starts, validation and anchor status semantics are known.",R06,Security;Audit;Integration,1,P0,Backend Engineer,Sprint 6,Completed,PBI-341,"Update API_CONTRACTS.md if needed. Status reconciled on 2026-05-26: Planned -> Completed; evidence: docs/evidence/qa/PBI-006_ESCROW_FIRST_SLICE_VALIDATION.md. Scope grooming 2026-05-26: Completed for supervisor-demo MVP escrow first-slice scope; post-MVP release, settlement, dispute, and production escrow hardening remain under PBI-006 and PBI-192 to PBI-203 unless narrowed."
PBI-345,Task,Do validate escrow contract docs,Validate escrow state/API/on-chain boundary docs.,"Given docs are reviewed, first slice is implementation-ready. | Given evidence is recorded, contract acceptance is traceable.",R06,Quality;Audit;Documentation,1,P0,QA Lead,Sprint 6,Completed,PBI-341,"Evidence target: PBI-006_ESCROW_FIRST_SLICE_VALIDATION.md. Status reconciled on 2026-05-26: Planned -> Completed; evidence: docs/evidence/qa/PBI-006_ESCROW_FIRST_SLICE_VALIDATION.md. Scope grooming 2026-05-26: Completed for supervisor-demo MVP escrow first-slice scope; post-MVP release, settlement, dispute, and production escrow hardening remain under PBI-006 and PBI-192 to PBI-203 unless narrowed."
PBI-346,Story,"As a buyer, I want accepted orders to create escrow records, so that settlement control starts from order acceptance",Implement escrow backend first slice.,"Given valid authenticated create request, escrowCreated is stored. | Given anchoring is enabled, escrowCreated hash is sent to gateway.",R06,Security;Audit;Reliability;Compliance,5,P0,Backend Engineer,Sprint 6,Completed,PBI-006;PBI-341;PBI-323,"Stretch if baseline proof infrastructure is not ready. Status reconciled on 2026-05-26: Planned -> Completed; evidence: docs/evidence/qa/PBI-006_ESCROW_FIRST_SLICE_VALIDATION.md. Scope grooming 2026-05-26: Completed for supervisor-demo MVP escrow first-slice scope; post-MVP release, settlement, dispute, and production escrow hardening remain under PBI-006 and PBI-192 to PBI-203 unless narrowed."
PBI-347,Task,Do implement escrow domain model,"Add escrow entity, terms hash, parties, status, audit fields.","Given valid data, escrow model is created. | Given required fields missing, validation rejects it.",R06,Security;Audit;Maintainability,2,P0,Backend Engineer,Sprint 6,Completed,PBI-346,"Files: src/modules/escrow/domain. Status reconciled on 2026-05-26: Planned -> Completed; evidence: docs/evidence/qa/PBI-006_ESCROW_FIRST_SLICE_VALIDATION.md. Scope grooming 2026-05-26: Completed for supervisor-demo MVP escrow first-slice scope; post-MVP release, settlement, dispute, and production escrow hardening remain under PBI-006 and PBI-192 to PBI-203 unless narrowed."
PBI-348,Task,Do implement escrow repository seam,Add repository interface and in-memory adapter.,"Given escrow is saved, repository persists it. | Given test reads it back, data matches.",R06,Reliability;Maintainability;Testability,2,P0,Backend Engineer,Sprint 6,Completed,PBI-346,"Keep adapter replaceable for PostgreSQL. Status reconciled on 2026-05-26: Planned -> Completed; evidence: docs/evidence/qa/PBI-006_ESCROW_FIRST_SLICE_VALIDATION.md. Scope grooming 2026-05-26: Completed for supervisor-demo MVP escrow first-slice scope; post-MVP release, settlement, dispute, and production escrow hardening remain under PBI-006 and PBI-192 to PBI-203 unless narrowed."
PBI-349,Task,Do implement create escrow service,Implement service for creating escrowCreated state.,"Given valid request, service creates escrowCreated. | Given duplicate active escrow exists, conflict is returned.",R06,Security;Audit;Reliability,3,P0,Backend Engineer,Sprint 6,Completed,PBI-346;PBI-347;PBI-348,"Uses trusted actor context. Status reconciled on 2026-05-26: Planned -> Completed; evidence: docs/evidence/qa/PBI-006_ESCROW_FIRST_SLICE_VALIDATION.md. Scope grooming 2026-05-26: Completed for supervisor-demo MVP escrow first-slice scope; post-MVP release, settlement, dispute, and production escrow hardening remain under PBI-006 and PBI-192 to PBI-203 unless narrowed."
PBI-350,Task,Do implement escrow API route,Expose authenticated escrow create/get route.,"Given authorized request, API creates or retrieves escrow. | Given unauthenticated request, access is denied.",R06,Security;Integration;Reliability,2,P0,Backend Engineer,Sprint 6,Completed,PBI-346;PBI-349,"Route: /api/v1/escrows. Status reconciled on 2026-05-26: Planned -> Completed; evidence: docs/evidence/qa/PBI-006_ESCROW_FIRST_SLICE_VALIDATION.md. Scope grooming 2026-05-26: Completed for supervisor-demo MVP escrow first-slice scope; post-MVP release, settlement, dispute, and production escrow hardening remain under PBI-006 and PBI-192 to PBI-203 unless narrowed."
PBI-351,Task,Do emit PBI-005 lifecycle event for escrowCreated,Integrate escrow creation with lifecycle event capture.,"Given escrow is created, escrowCreated lifecycle event is recorded. | Given event is inspected, actor/target/status fields are traceable.",R06;R05,Audit;Integrity;Integration,2,P0,Backend Engineer,Sprint 6,Completed,PBI-346;PBI-349;PBI-005,"Use transaction-history contract. Status reconciled on 2026-05-26: Planned -> Completed; evidence: docs/evidence/qa/PBI-006_ESCROW_FIRST_SLICE_VALIDATION.md. Scope grooming 2026-05-26: Completed for supervisor-demo MVP escrow first-slice scope; post-MVP release, settlement, dispute, and production escrow hardening remain under PBI-006 and PBI-192 to PBI-203 unless narrowed."
PBI-352,Task,Do anchor escrowCreated event to Fabric,Anchor escrowCreated lifecycle event via BlockchainAnchorGateway.,"Given escrowCreated event has payloadHash, anchor gateway is called. | Given anchor fails, escrow remains created with explicit failed or pending anchor state.",R06;R05,Audit;Integrity;Reliability,2,P0,Backend Engineer,Sprint 6,Completed,PBI-346;PBI-351;PBI-323,"Do not corrupt business event on Fabric failure. Status reconciled on 2026-05-26: Planned -> Completed; evidence: docs/evidence/qa/PBI-006_ESCROW_FIRST_SLICE_VALIDATION.md. Scope grooming 2026-05-26: Completed for supervisor-demo MVP escrow first-slice scope; post-MVP release, settlement, dispute, and production escrow hardening remain under PBI-006 and PBI-192 to PBI-203 unless narrowed."
PBI-353,Task,Do add escrow backend tests,"Add tests for valid, invalid, unauthorized, duplicate, audit event, anchor success/failure.","Given tests run, escrow first-slice paths are covered. | Given anchor failure occurs, base escrow behavior remains safe.",R06,Quality;Audit;Reliability,2,P0,QA Lead,Sprint 6,Completed,PBI-346,"Evidence target: PBI-006_ESCROW_FIRST_SLICE_VALIDATION.md. Status reconciled on 2026-05-26: Planned -> Completed; evidence: docs/evidence/qa/PBI-006_ESCROW_FIRST_SLICE_VALIDATION.md. Scope grooming 2026-05-26: Completed for supervisor-demo MVP escrow first-slice scope; post-MVP release, settlement, dispute, and production escrow hardening remain under PBI-006 and PBI-192 to PBI-203 unless narrowed."
PBI-354,Task,Do validate escrow backend first slice,Validate backend escrow build/test/evidence.,"Given validation runs, build and tests pass. | Given evidence is reviewed, escrow backend first-slice behavior is recorded.",R06,Quality;Audit;Documentation,1,P0,QA Lead,Sprint 6,Completed,PBI-346,"Evidence target: PBI-006_ESCROW_FIRST_SLICE_VALIDATION.md. Status reconciled on 2026-05-26: Planned -> Completed; evidence: docs/evidence/qa/PBI-006_ESCROW_FIRST_SLICE_VALIDATION.md. Scope grooming 2026-05-26: Completed for supervisor-demo MVP escrow first-slice scope; post-MVP release, settlement, dispute, and production escrow hardening remain under PBI-006 and PBI-192 to PBI-203 unless narrowed."
PBI-355,Story,"As a buyer or auditor, I want to view escrow status and blockchain proof, so that the smart-contract workflow is visible",Implement escrow UI first slice.,"Given escrowCreated state exists, escrow status and proof state are visible. | Given no real proof exists, UI does not fabricate Fabric transaction details.",R06;R17,Usability;Audit;Security;Accessibility,3,P0,Frontend Engineer,Sprint 6,Completed,PBI-006;PBI-333;PBI-346,"Stretch after proof UI. Status reconciled on 2026-05-26: Planned -> Completed; evidence: docs/evidence/qa/PBI-006_ESCROW_FIRST_SLICE_VALIDATION.md. Scope grooming 2026-05-26: Completed for supervisor-demo MVP escrow first-slice scope; post-MVP release, settlement, dispute, and production escrow hardening remain under PBI-006 and PBI-192 to PBI-203 unless narrowed."
PBI-356,Task,Do define escrow UI flow,Define buyer and auditor escrow paths.,"Given UI flow is reviewed, buyer/auditor paths are explicit. | Given labels are reviewed, product labels are used.",R06;R17,Usability;Documentation,1,P0,Frontend Engineer,Sprint 6,Completed,PBI-355,"Update FRONTEND_PRODUCT_JOURNEY.md if needed. Status reconciled on 2026-05-26: Planned -> Completed; evidence: docs/evidence/qa/PBI-006_ESCROW_FIRST_SLICE_VALIDATION.md. Scope grooming 2026-05-26: Completed for supervisor-demo MVP escrow first-slice scope; post-MVP release, settlement, dispute, and production escrow hardening remain under PBI-006 and PBI-192 to PBI-203 unless narrowed."
PBI-357,Task,Do implement EscrowOverviewPage,Implement escrow status overview page.,"Given page renders, escrowCreated state is visible. | Given no data exists, safe empty state is shown.",R06;R17,Usability;Accessibility,2,P0,Frontend Engineer,Sprint 6,Completed,PBI-355,"Files: src/frontend/pages/EscrowOverviewPage.tsx. Status reconciled on 2026-05-26: Planned -> Completed; evidence: docs/evidence/qa/PBI-006_ESCROW_FIRST_SLICE_VALIDATION.md. Scope grooming 2026-05-26: Completed for supervisor-demo MVP escrow first-slice scope; post-MVP release, settlement, dispute, and production escrow hardening remain under PBI-006 and PBI-192 to PBI-203 unless narrowed."
PBI-358,Task,Do add escrow route/dashboard entry,Add role-aware Escrow navigation entry.,"Given buyer role opens dashboard, Escrow entry is visible. | Given unauthorized role opens dashboard, entry is hidden or blocked.",R06;R17,Security;Usability;Accessibility,2,P0,Frontend Engineer,Sprint 6,Completed,PBI-355;PBI-282,"Product label: Escrow. Status reconciled on 2026-05-26: Planned -> Completed; evidence: docs/evidence/qa/PBI-006_ESCROW_FIRST_SLICE_VALIDATION.md. Scope grooming 2026-05-26: Completed for supervisor-demo MVP escrow first-slice scope; post-MVP release, settlement, dispute, and production escrow hardening remain under PBI-006 and PBI-192 to PBI-203 unless narrowed."
PBI-359,Task,Do add BlockchainProofPanel to escrow page,Show proof panel for escrowCreated event.,"Given escrow proof metadata exists, proof panel renders it. | Given proof missing, notAnchored state is shown.",R06;R17;R05,Usability;Audit;Security,2,P0,Frontend Engineer,Sprint 6,Completed,PBI-355;PBI-333,"Reuse BlockchainProofPanel. Status reconciled on 2026-05-26: Planned -> Completed; evidence: docs/evidence/qa/PBI-006_ESCROW_FIRST_SLICE_VALIDATION.md. Scope grooming 2026-05-26: Completed for supervisor-demo MVP escrow first-slice scope; post-MVP release, settlement, dispute, and production escrow hardening remain under PBI-006 and PBI-192 to PBI-203 unless narrowed."
PBI-360,Task,Do validate escrow UI,Validate escrow UI demo path and frontend build.,"Given validation runs, buyer/auditor escrow path is recorded. | Given frontend build runs, it passes.",R06;R17,Quality;Audit;Documentation,1,P0,QA Lead,Sprint 6,Completed,PBI-355,"Evidence target: PBI-006_ESCROW_FIRST_SLICE_VALIDATION.md. Status reconciled on 2026-05-26: Planned -> Completed; evidence: docs/evidence/qa/PBI-006_ESCROW_FIRST_SLICE_VALIDATION.md. Scope grooming 2026-05-26: Completed for supervisor-demo MVP escrow first-slice scope; post-MVP release, settlement, dispute, and production escrow hardening remain under PBI-006 and PBI-192 to PBI-203 unless narrowed."
PBI-361,Feature,Complete actor-ready deployment MVP,Complete all mandatory actor workflows for supervisor-ready deployment demo,All mandatory actors can sign in reach role-specific workflow complete primary action and produce validation evidence,R02;R03;R05;R06;R07;R15;R17;R20;R22,Maintainability;Documentation,13,P0,Product Owner,Sprint 7,Completed,PBI-263;PBI-282;PBI-296;PBI-309;PBI-323;PBI-333;PBI-006,Parent: Release MVP. Epic: Actor-ready deployment MVP. Actor: All. Deployment relevance: mandatory. Source: docs/sprint-planning/DEPLOYMENT_READY_MVP_ROADMAP.md. Existing notes: Parent epic for actor completion and deployment readiness. Status reconciled on 2026-05-26: Active -> Completed; evidence: docs/evidence/qa/ACTOR_UAT_RESULTS.md; docs/evidence/qa/RELEASE_VALIDATION_RESULTS.md.
PBI-362,Task,Lock MVP actor scope and source references,Update planning docs so MVP and post-MVP boundaries are explicit,Scope matrix lists mandatory should-have stretch and post-MVP work with ReqID and source references,All,Maintainability;Documentation,1,P0,Scrum Master,Sprint 7,Completed,None,Parent: PBI-361. Epic: Scope and documentation lock. Actor: Product Owner;Scrum Master. Deployment relevance: mandatory. Source: docs/report/srs-v3.tex;docs/proposals/business_proposal_digital_procurement_pls_seedbed.tex. Existing notes: Wave 0 scope lock recorded in docs/evidence/qa/PBI-361_DEPLOYMENT_SCOPE_LOCK_VALIDATION.md.
PBI-363,Task,Reconcile Sprint 6 backlog and evidence status,Review PBI-263 to PBI-360 and align planning notes with validation evidence,Implemented Sprint 6 items have traceable evidence notes and remaining gaps are listed,R05;R06;R17;R22,Audit;Compliance;Maintainability,1,P0,QA Lead,Sprint 7,Completed,PBI-263;PBI-360,Parent: PBI-361. Epic: Backlog reconciliation. Actor: Scrum Master;QA. Deployment relevance: mandatory. Source: backlog/backlog.csv;docs/evidence/qa. Existing notes: Wave 0 evidence map recorded without rewriting existing closure evidence.
PBI-364,Feature,Complete administrator member and RBAC workflow,Provide product-facing admin workflow for member organizations roles assignments and access history,Administrator can manage organizations roles assignments and status while unauthorized roles are blocked,R03;R17;R22,Security;Audit;Compliance,8,P0,Frontend Engineer,Sprint 7,Completed,PBI-003;PBI-017;PBI-022;PBI-253,Parent: PBI-361. Epic: Administrator workflow. Actor: Administrator. Deployment relevance: mandatory. Source: docs/contracts/API_CONTRACTS.md;docs/architecture/STATE_MODELS.md. Existing notes: Existing backend capabilities need visible UI flow.
PBI-365,Story,Admin dashboard,Create administrator dashboard with governance summaries and action entry points,Login as administrator opens admin dashboard with Members Roles and Access History actions,R03;R17;R22,Maintainability;Documentation,3,P0,Frontend Engineer,Sprint 7,Completed,PBI-364;PBI-253,Parent: PBI-364. Epic: Administrator workflow. Actor: Administrator. Deployment relevance: mandatory. Source: docs/architecture/FRONTEND_PRODUCT_JOURNEY.md. Existing notes: No PBI labels in product UI.
PBI-366,Task,Add administrator demo role,Add administrator to demo account catalogue and dashboard resolver,Administrator demo login resolves to admin navigation and non-admins cannot access admin route,R03;R17,Security;Audit;Compliance,2,P0,Frontend Engineer,Sprint 7,Completed,PBI-253;PBI-263;PBI-365,Parent: PBI-364. Epic: Administrator workflow. Actor: Administrator. Deployment relevance: mandatory. Source: docs/contracts/AUTH_SESSION_CONTRACT.md. Existing notes: Backend authorization remains authoritative.
PBI-367,Task,Member organization list page,Implement member organization list with status filtering and safe metadata,Admin can view organizations by status and list does not expose raw KYC documents,R03;R22,Maintainability;Documentation,2,P0,Frontend Engineer,Sprint 7,Completed,PBI-003;PBI-365,Parent: PBI-364. Epic: Administrator workflow. Actor: Administrator. Deployment relevance: mandatory. Source: docs/architecture/STATE_MODELS.md. Existing notes: Use product labels Members and Status.
PBI-368,Task,Member organization detail page,Implement detail view for organization users roles status and history link,Admin sees organization status users roles and access-history link with blocked states,R03;R22,Maintainability;Documentation,2,P0,Frontend Engineer,Sprint 7,Completed,PBI-367,Parent: PBI-364. Epic: Administrator workflow. Actor: Administrator. Deployment relevance: mandatory. Source: docs/contracts/API_CONTRACTS.md. Existing notes: Must reflect pendingReview active inactive suspended deleted.
PBI-369,Task,Role assignment UI,Implement assign revoke and change role user interface,Admin can assign or revoke roles and invalid assignments show approved error envelope,R03;R22,Security;Audit;Compliance,3,P0,Frontend Engineer,Sprint 7,Completed,PBI-003;PBI-253;PBI-368,Parent: PBI-364. Epic: Administrator workflow. Actor: Administrator. Deployment relevance: mandatory. Source: docs/contracts/API_CONTRACTS.md. Existing notes: Consumes existing RBAC backend.
PBI-370,Task,Organization status actions,Add suspend reactivate deactivate UI actions where backend supports them,Allowed status transitions work and disallowed transitions are blocked and audited,R03;R22,Maintainability;Documentation,3,P0,Backend Engineer;Frontend Engineer,Sprint 7,Completed,PBI-368;PBI-022,Parent: PBI-364. Epic: Administrator workflow. Actor: Administrator. Deployment relevance: mandatory. Source: docs/architecture/STATE_MODELS.md. Existing notes: No hard delete in MVP UI.
PBI-371,QA,Admin UAT and evidence,Validate admin role access and member governance workflow,Evidence records admin happy path unauthorized access denial and status handling,R03;R22,Audit;Compliance;Maintainability,1,P0,QA Lead,Sprint 7,Completed,PBI-365;PBI-366;PBI-367;PBI-368;PBI-369;PBI-370,Parent: PBI-364. Epic: Administrator workflow. Actor: Administrator. Deployment relevance: mandatory. Source: docs/evidence/qa. Existing notes: Actor-flow closure evidence.
PBI-372,Feature,Complete buyer and supplier order workflow,Add visible order flow before escrow so escrow is not floating,Buyer can create/view order supplier can acknowledge accepted order and buyer can link accepted order to escrow,R05;R06;R17;R18;R22,Maintainability;Documentation,13,P0,Backend Engineer;Frontend Engineer,Sprint 7,Completed,PBI-005;PBI-006;PBI-017;PBI-253,Parent: PBI-361. Epic: Procurement and supplier workflow. Actor: Buyer;SME / Supplier. Deployment relevance: mandatory. Source: docs/contracts/ESCROW_WORKFLOW_CONTRACT.md;docs/architecture/FRONTEND_PRODUCT_JOURNEY.md. Existing notes: Delivery evidence remains metadata-only.
PBI-373,Story,Buyer order workspace,Create buyer Orders workspace and order detail route,Buyer sees order list order detail and create order action,R05;R06;R17,Maintainability;Documentation,3,P0,Frontend Engineer,Sprint 7,Completed,PBI-372,Parent: PBI-372. Epic: Procurement and supplier workflow. Actor: Buyer. Deployment relevance: mandatory. Source: docs/architecture/FRONTEND_PRODUCT_JOURNEY.md. Existing notes: Route label Orders.
PBI-374,Task,Procurement order domain model,Add order states parties references and persistence seam,Order model represents draft submitted accepted linkedEscrow and audited metadata,R05;R06;R22,Maintainability;Documentation,3,P0,Backend Engineer,Sprint 7,Completed,PBI-005;PBI-296,Parent: PBI-372. Epic: Procurement and supplier workflow. Actor: Buyer;Supplier. Deployment relevance: mandatory. Source: docs/report/srs-v3.tex. Existing notes: Keep domain DB-library independent.
PBI-375,Task,Order create get list API,Expose order endpoints with standard envelope and trusted actor context,Buyer can create and list orders supplier sees only assigned orders,R05;R06;R22,Maintainability;Documentation,3,P0,Backend Engineer,Sprint 7,Completed,PBI-374;PBI-253,Parent: PBI-372. Epic: Procurement and supplier workflow. Actor: Buyer. Deployment relevance: mandatory. Source: docs/contracts/API_CONTRACTS.md. Existing notes: No client-authored actor source.
PBI-376,Story,Supplier received orders,Create supplier dashboard route for received orders,Supplier sees assigned order list and cannot view unrelated buyer orders,R05;R17;R22,Maintainability;Documentation,3,P0,Frontend Engineer,Sprint 7,Completed,PBI-375;PBI-253,Parent: PBI-372. Epic: Procurement and supplier workflow. Actor: SME / Supplier. Deployment relevance: mandatory. Source: docs/architecture/FRONTEND_PRODUCT_JOURNEY.md. Existing notes: Actor route is supplier-specific.
PBI-377,Task,Supplier order acknowledgment,Implement supplier accept or acknowledge order action,Accepted order status is recorded and emits lifecycle audit event,R05;R06;R22,Maintainability;Documentation,3,P0,Backend Engineer;Frontend Engineer,Sprint 7,Completed,PBI-375;PBI-376;PBI-005,Parent: PBI-372. Epic: Procurement and supplier workflow. Actor: SME / Supplier. Deployment relevance: mandatory. Source: docs/contracts/TRANSACTION_HISTORY_CONTRACT.md. Existing notes: Accepted order emits lifecycle evidence.
PBI-378,Task,Link accepted order to escrow,Require accepted order reference for escrow creation where possible,Escrow creation uses accepted order or explicit demo order reference and duplicate active escrow is rejected,R06;R22,Maintainability;Documentation,2,P0,Backend Engineer,Sprint 7,Completed,PBI-006;PBI-377,Parent: PBI-372. Epic: Procurement and supplier workflow. Actor: Buyer. Deployment relevance: mandatory. Source: docs/contracts/ESCROW_WORKFLOW_CONTRACT.md. Existing notes: Frontend passes accepted order reference.
PBI-379,Task,Delivery evidence placeholder,Add delivery milestone/proof-hash placeholder for supplier,Supplier can record delivery evidence metadata without hardware or IoT integration,R18;R05;R22,Audit;Compliance;Maintainability,3,P1,Backend Engineer;Frontend Engineer,Sprint 7,Completed,PBI-377;PBI-245,"Parent: PBI-372. Epic: Procurement and supplier workflow. Actor: SME / Supplier. Deployment relevance: should-have. Source: backlog/backlog.csv. Existing notes: Metadata view exists recording remains follow-up. Status reconciled on 2026-05-26: Active -> Planned; evidence: docs/evidence/qa/PBI-372_PROCUREMENT_WORKFLOW_VALIDATION.md; docs/runbooks/local-demo.md metadata-only limitation. Scope grooming 2026-05-26: remains Planned or Ready for Refinement because delivery evidence is metadata-only in the supervisor demo; real signed IoT/QR/upload/review behavior remains future work. Implementation closure 2026-05-26: Planned -> Completed; evidence: docs/evidence/qa/PBI-379_DELIVERY_EVIDENCE_MVP_VALIDATION.md. MVP delivery evidence records safe metadata, reference, hash, lifecycle event, and proof state; signed IoT/QR/upload/logistics integration remains post-MVP under PBI-018/PBI-245/PBI-246."
PBI-380,Task,Buyer delivery review page,Show delivery status and proof metadata to buyer,Buyer sees delivery proof state and failed proof is not treated as verified,R18;R06;R17,Maintainability;Documentation,2,P1,Frontend Engineer,Sprint 7,Completed,PBI-379;PBI-246,"Parent: PBI-372. Epic: Procurement and supplier workflow. Actor: Buyer. Deployment relevance: should-have. Source: backlog/backlog.csv. Existing notes: Metadata view exists full review remains follow-up. Status reconciled on 2026-05-26: Active -> Planned; evidence: docs/evidence/qa/PBI-372_PROCUREMENT_WORKFLOW_VALIDATION.md; docs/runbooks/local-demo.md metadata-only limitation. Scope grooming 2026-05-26: remains Planned or Ready for Refinement because delivery evidence is metadata-only in the supervisor demo; real signed IoT/QR/upload/review behavior remains future work. Implementation closure 2026-05-26: Planned -> Completed; evidence: docs/evidence/qa/PBI-379_DELIVERY_EVIDENCE_MVP_VALIDATION.md. Buyer order detail shows delivery evidence metadata, evidence hash, lifecycle event/hash, and honest proof state; failed/unavailable proof is not treated as verified."
PBI-381,QA,Procurement UAT,Validate buyer supplier order path and escrow linkage,Evidence records order creation supplier acknowledgement and escrow linkage,R05;R06;R17;R22,Maintainability;Documentation,2,P0,QA Lead,Sprint 7,Completed,PBI-373;PBI-374;PBI-375;PBI-376;PBI-377;PBI-378,Parent: PBI-372. Epic: Procurement and supplier workflow. Actor: Buyer;SME / Supplier. Deployment relevance: mandatory. Source: docs/evidence/qa. Existing notes: Actor-flow evidence recorded.
PBI-382,Docs,Procurement runbook update,Document buyer supplier order and escrow demo path,Runbook explains order to escrow flow with expected screenshots or observations,R05;R06;R17,Maintainability;Documentation,1,P0,Technical Writer,Sprint 7,Completed,PBI-381,Parent: PBI-372. Epic: Procurement and supplier workflow. Actor: Buyer;SME / Supplier. Deployment relevance: mandatory. Source: docs/runbooks/local-demo.md. Existing notes: Supervisor demo path updated.
PBI-383,Feature,Complete compliance KYC AML workflow UI,Make onboarding review and eligibility visible to compliance users,Compliance reviewer can review cases record decisions and downstream eligibility is visible,R02;R17;R22,Compliance;Audit;Maintainability,8,P0,Compliance Lead,Sprint 7,Completed,PBI-002;PBI-150;PBI-253,Parent: PBI-361. Epic: Compliance workflow. Actor: Compliance Reviewer. Deployment relevance: mandatory. Source: docs/contracts/ONBOARDING_ELIGIBILITY_CONTRACT.md. Existing notes: Compliance workflow visible.
PBI-384,Task,Add compliance demo role,Add complianceReviewer login route and dashboard resolver,Compliance demo account reaches Compliance dashboard with KYC Review navigation,R02;R17,Security;Audit;Compliance,1,P0,Frontend Engineer,Sprint 7,Completed,PBI-253;PBI-263,Parent: PBI-383. Epic: Compliance workflow. Actor: Compliance Reviewer. Deployment relevance: mandatory. Source: docs/architecture/FRONTEND_PRODUCT_JOURNEY.md. Existing notes: Use product label Compliance.
PBI-385,Story,Compliance dashboard,Create case queue dashboard for KYC AML cases,Reviewer sees pending flagged blocked approved cases and safe summary counts,R02;R17;R22,Compliance;Audit;Maintainability,3,P0,Frontend Engineer,Sprint 7,Completed,PBI-384;PBI-002,Parent: PBI-383. Epic: Compliance workflow. Actor: Compliance Reviewer. Deployment relevance: mandatory. Source: backlog/backlog.csv. Existing notes: No raw KYC documents on dashboard.
PBI-386,Story,KYC case detail,Implement case detail with safe evidence metadata and status history,Reviewer sees case details reason codes and history without raw document leakage,R02;R22,Compliance;Audit;Maintainability,3,P0,Frontend Engineer,Sprint 7,Completed,PBI-385;PBI-142,Parent: PBI-383. Epic: Compliance workflow. Actor: Compliance Reviewer. Deployment relevance: mandatory. Source: docs/contracts/ONBOARDING_ELIGIBILITY_CONTRACT.md. Existing notes: Privacy safe response implemented.
PBI-387,Task,Decision action controls,Add approve reject flag block request revision controls,Decision actions update status and produce audit evidence,R02;R22,Compliance;Audit;Maintainability,3,P0,Backend Engineer;Frontend Engineer,Sprint 7,Completed,PBI-141;PBI-386,Parent: PBI-383. Epic: Compliance workflow. Actor: Compliance Reviewer. Deployment relevance: mandatory. Source: backlog/backlog.csv. Existing notes: Decision controls visible.
PBI-388,Task,Eligibility UI API integration,Surface eligibility states to downstream workflows,eligible pendingReview blocked flagged unknown states display consistently,R02;R06;R17,Compliance;Audit;Maintainability,2,P0,Backend Engineer;Frontend Engineer,Sprint 7,Completed,PBI-150;PBI-387,Parent: PBI-383. Epic: Compliance workflow. Actor: System. Deployment relevance: mandatory. Source: docs/contracts/ONBOARDING_ELIGIBILITY_CONTRACT.md. Existing notes: Eligibility states visible.
PBI-389,Task,KYC redaction policy,Ensure KYC data shown in UI is safe for role,Raw AML KYC documents are never shown in dashboard cards and restricted fields are redacted,R02;R10;R22,Security;Audit;Compliance,2,P0,Security Engineer,Sprint 7,Completed,PBI-386;PBI-388,Parent: PBI-383. Epic: Compliance workflow. Actor: Security;Compliance Reviewer. Deployment relevance: mandatory. Source: docs/contracts/ONBOARDING_ELIGIBILITY_CONTRACT.md. Existing notes: Raw documents hidden.
PBI-390,QA,Compliance UAT and evidence,Validate compliance review decisions and eligibility behavior,Evidence records approve flag block pending unknown and forbidden access cases,R02;R22,Audit;Compliance;Maintainability,1,P0,QA Lead,Sprint 7,Completed,PBI-384;PBI-385;PBI-386;PBI-387;PBI-388;PBI-389,Parent: PBI-383. Epic: Compliance workflow. Actor: Compliance Reviewer. Deployment relevance: mandatory. Source: docs/evidence/qa. Existing notes: Actor-flow evidence recorded.
PBI-391,Docs,Compliance runbook,Document case review and eligibility demo path,Runbook gives step-by-step compliance reviewer flow,R02,Compliance;Audit;Maintainability,1,P1,Technical Writer,Sprint 7,Completed,PBI-390,Parent: PBI-383. Epic: Compliance workflow. Actor: Compliance Reviewer. Deployment relevance: should-have. Source: docs/runbooks/local-demo.md. Existing notes: Compliance path documented.
PBI-392,Task,Block non-eligible organizations from transaction actions,Use eligibility seam in order escrow and PLS entry gates,Pending blocked notEligible organizations cannot create order escrow or activate PLS,R02;R06;R07;R22,Compliance;Audit;Maintainability,3,P0,Backend Engineer,Sprint 7,Completed,PBI-388;PBI-006;PBI-007,Parent: PBI-383. Epic: Compliance workflow. Actor: System. Deployment relevance: mandatory. Source: docs/contracts/ONBOARDING_ELIGIBILITY_CONTRACT.md. Existing notes: Order escrow and PLS activation gates complete.
PBI-393,Feature,Complete visible Shariah and PLS workflow,Add Shariah dashboard PLS contract activation and distribution visibility,PLS contract cannot activate without Shariah approval and distribution is traceable,R07;R17;R20;R22;R26,Compliance;Audit;Maintainability,13,P0,Islamic Finance Analyst,Sprint 7,Completed,PBI-007;PBI-020;PBI-253,"Parent: PBI-361. Epic: Shariah and PLS workflow. Actor: Shariah Reviewer;Bank / Financier. Deployment relevance: mandatory. Source: docs/proposals/business_proposal_digital_procurement_pls_seedbed.tex. Existing notes: Restricted mudarabah seedbed implemented with evidence. Scope grooming 2026-05-26: Completed for restricted supervisor-demo PLS seedbed scope; production Islamic finance certification, payment execution, and broader PLS hardening remain under PBI-007 and PBI-204 to PBI-215 unless narrowed."
PBI-394,Task,Add Shariah and financier demo roles,Add demo accounts and resolver support for Shariah and financier roles,Both roles login to correct dashboards with role-specific navigation,R07;R17;R20,Security;Audit;Compliance,1,P0,Frontend Engineer,Sprint 7,Completed,PBI-253;PBI-263,"Parent: PBI-393. Epic: Shariah and PLS workflow. Actor: Shariah Reviewer;Bank / Financier. Deployment relevance: mandatory. Source: docs/architecture/FRONTEND_PRODUCT_JOURNEY.md. Existing notes: No role dropdown authorization. Scope grooming 2026-05-26: Completed for restricted supervisor-demo PLS seedbed scope; production Islamic finance certification, payment execution, and broader PLS hardening remain under PBI-007 and PBI-204 to PBI-215 unless narrowed."
PBI-395,Story,Shariah review dashboard,Create dashboard for PLS review queue and status,Reviewer sees submitted checklistComplete approved rejected conditionalApproved states,R20;R17,Compliance;Audit;Maintainability,3,P0,Frontend Engineer,Sprint 7,Completed,PBI-020;PBI-394,"Parent: PBI-393. Epic: Shariah and PLS workflow. Actor: Shariah Reviewer. Deployment relevance: mandatory. Source: docs/architecture/STATE_MODELS.md. Existing notes: Shariah Review dashboard implemented. Scope grooming 2026-05-26: Completed for restricted supervisor-demo PLS seedbed scope; production Islamic finance certification, payment execution, and broader PLS hardening remain under PBI-007 and PBI-204 to PBI-215 unless narrowed."
PBI-396,Story,PLS review detail,Show PLS review detail with checklist and contract parameters,Reviewer sees profit ratio loss allocation parties checklist and decision state,R07;R20;R22,Compliance;Audit;Maintainability,3,P0,Frontend Engineer,Sprint 7,Completed,PBI-395;PBI-020,"Parent: PBI-393. Epic: Shariah and PLS workflow. Actor: Shariah Reviewer. Deployment relevance: mandatory. Source: docs/report/srs-v3.tex. Existing notes: Restricted PLS copy used. Scope grooming 2026-05-26: Completed for restricted supervisor-demo PLS seedbed scope; production Islamic finance certification, payment execution, and broader PLS hardening remain under PBI-007 and PBI-204 to PBI-215 unless narrowed."
PBI-397,Task,Shariah decision UI,Implement approve reject conditional approve actions,Decision updates review state and emits audit evidence,R20;R22,Compliance;Audit;Maintainability,2,P0,Frontend Engineer,Sprint 7,Completed,PBI-396;PBI-020,"Parent: PBI-393. Epic: Shariah and PLS workflow. Actor: Shariah Reviewer. Deployment relevance: mandatory. Source: docs/architecture/STATE_MODELS.md. Existing notes: Decision controls update review state in demo UI. Scope grooming 2026-05-26: Completed for restricted supervisor-demo PLS seedbed scope; production Islamic finance certification, payment execution, and broader PLS hardening remain under PBI-007 and PBI-204 to PBI-215 unless narrowed."
PBI-398,Task,PLS contract domain model,Implement or expose PLS contract parties ratio loss allocation and status,Contract stores parties profit ratio loss allocation approval reference and audit metadata,R07;R22,Compliance;Audit;Maintainability,3,P0,Backend Engineer,Sprint 7,Completed,PBI-007;PBI-020,"Parent: PBI-393. Epic: Shariah and PLS workflow. Actor: Bank / Financier. Deployment relevance: mandatory. Source: docs/proposals/business_proposal_digital_procurement_pls_seedbed.tex. Existing notes: Restricted single-venture domain model added. Scope grooming 2026-05-26: Completed for restricted supervisor-demo PLS seedbed scope; production Islamic finance certification, payment execution, and broader PLS hardening remain under PBI-007 and PBI-204 to PBI-215 unless narrowed."
PBI-399,Task,PLS activation gate,Block PLS activation until approved Shariah review exists,Activation succeeds only with approved reference and fails with clear missing approval state,R07;R20;R22,Compliance;Audit;Maintainability,3,P0,Backend Engineer,Sprint 7,Completed,PBI-397;PBI-398,"Parent: PBI-393. Epic: Shariah and PLS workflow. Actor: System. Deployment relevance: mandatory. Source: backlog/backlog.csv. Existing notes: Approval and eligibility gate covered. Scope grooming 2026-05-26: Completed for restricted supervisor-demo PLS seedbed scope; production Islamic finance certification, payment execution, and broader PLS hardening remain under PBI-007 and PBI-204 to PBI-215 unless narrowed."
PBI-400,Story,Financier dashboard,Create financier dashboard for PLS contracts and financing requests,Financier sees active pending and blocked PLS contracts and linked procurement references,R07;R17,Compliance;Audit;Maintainability,3,P0,Frontend Engineer,Sprint 7,Completed,PBI-394;PBI-398,"Parent: PBI-393. Epic: Shariah and PLS workflow. Actor: Bank / Financier. Deployment relevance: mandatory. Source: docs/architecture/FRONTEND_PRODUCT_JOURNEY.md. Existing notes: Financing dashboard implemented. Scope grooming 2026-05-26: Completed for restricted supervisor-demo PLS seedbed scope; production Islamic finance certification, payment execution, and broader PLS hardening remain under PBI-007 and PBI-204 to PBI-215 unless narrowed."
PBI-401,Story,PLS contract detail,Show contract state parties ratios approval and audit link,Financier can inspect contract status Shariah approval reference and distribution history link,R07;R20;R22,Compliance;Audit;Maintainability,3,P0,Frontend Engineer,Sprint 7,Completed,PBI-400;PBI-398,"Parent: PBI-393. Epic: Shariah and PLS workflow. Actor: Bank / Financier. Deployment relevance: mandatory. Source: docs/report/srs-v3.tex. Existing notes: No guarantee principal or profit wording used. Scope grooming 2026-05-26: Completed for restricted supervisor-demo PLS seedbed scope; production Islamic finance certification, payment execution, and broader PLS hardening remain under PBI-007 and PBI-204 to PBI-215 unless narrowed."
PBI-402,Task,Distribution record model,Add distribution event model for profit and loss allocation,Distribution record stores event type calculation basis allocations and audit reference,R07;R26;R22,Compliance;Audit;Maintainability,3,P0,Backend Engineer,Sprint 7,Completed,PBI-398;PBI-399,"Parent: PBI-393. Epic: Shariah and PLS workflow. Actor: Bank / Financier. Deployment relevance: mandatory. Source: backlog/backlog.csv. Existing notes: Scenario distribution model added. Scope grooming 2026-05-26: Completed for restricted supervisor-demo PLS seedbed scope; production Islamic finance certification, payment execution, and broader PLS hardening remain under PBI-007 and PBI-204 to PBI-215 unless narrowed."
PBI-403,Story,Distribution detail page,Show distribution allocations proof reference and audit link,Financier sees allocation outcome and no external payment execution is implied,R07;R17;R22,Compliance;Audit;Maintainability,2,P0,Frontend Engineer,Sprint 7,Completed,PBI-402;PBI-401,"Parent: PBI-393. Epic: Shariah and PLS workflow. Actor: Bank / Financier. Deployment relevance: mandatory. Source: docs/proposals/business_proposal_digital_procurement_pls_seedbed.tex. Existing notes: Distribution scenarios shown without payment execution. Scope grooming 2026-05-26: Completed for restricted supervisor-demo PLS seedbed scope; production Islamic finance certification, payment execution, and broader PLS hardening remain under PBI-007 and PBI-204 to PBI-215 unless narrowed."
PBI-404,QA,PLS scenario tests,Add reproducible profit and loss scenario validation,Sample profit and loss distributions produce expected allocations and failures are recorded,R07;R26,Compliance;Audit;Maintainability,3,P0,QA Lead,Sprint 7,Completed,PBI-398;PBI-402,"Parent: PBI-393. Epic: Shariah and PLS workflow. Actor: QA;Islamic Finance Analyst. Deployment relevance: mandatory. Source: backlog/backlog.csv. Existing notes: Profit and loss scenario tests pass. Scope grooming 2026-05-26: Completed for restricted supervisor-demo PLS seedbed scope; production Islamic finance certification, payment execution, and broader PLS hardening remain under PBI-007 and PBI-204 to PBI-215 unless narrowed."
PBI-405,Docs,PLS and Shariah runbook,Document Shariah approval and financier PLS demo,Runbook explains PLS scope limits approval gate distribution scenario and known limitations,R07;R20;R26,Compliance;Audit;Maintainability,1,P0,Technical Writer,Sprint 7,Completed,PBI-404,"Parent: PBI-393. Epic: Shariah and PLS workflow. Actor: Shariah Reviewer;Bank / Financier. Deployment relevance: mandatory. Source: docs/runbooks/local-demo.md. Existing notes: Runbook and evidence updated. Scope grooming 2026-05-26: Completed for restricted supervisor-demo PLS seedbed scope; production Islamic finance certification, payment execution, and broader PLS hardening remain under PBI-007 and PBI-204 to PBI-215 unless narrowed."
PBI-406,Feature,Complete signed audit export workflow,Add export request bundle generation verification and regulator UI,Authorized regulator can request bundle view status and verify integrity metadata,R15;R17;R22,Audit;Compliance;Maintainability,8,P0,Compliance Lead,Sprint 7,Completed,PBI-015;PBI-005;PBI-022;PBI-323,"Parent: PBI-361. Epic: Regulator export workflow. Actor: Regulator;Auditor. Deployment relevance: mandatory. Source: backlog/backlog.csv. Existing notes: External regulator portal out of scope. Scope grooming 2026-05-26: Completed for supervisor-demo export bundle MVP scope; production signing, download delivery, external regulator portal, and key-management hardening remain under PBI-015 and PBI-216 to PBI-227 unless narrowed."
PBI-407,Task,Add regulator reporting demo role,Add regulator role to login resolver and navigation,Regulator demo login reaches Export Bundle dashboard and cannot access admin actions,R15;R17,Security;Audit;Compliance,1,P0,Frontend Engineer,Sprint 7,Completed,PBI-253;PBI-263,"Parent: PBI-406. Epic: Regulator export workflow. Actor: Regulator. Deployment relevance: mandatory. Source: docs/architecture/FRONTEND_PRODUCT_JOURNEY.md. Existing notes: Use label Export Bundle. Scope grooming 2026-05-26: Completed for supervisor-demo export bundle MVP scope; production signing, download delivery, external regulator portal, and key-management hardening remain under PBI-015 and PBI-216 to PBI-227 unless narrowed."
PBI-408,Story,Export request page,Create export request UI with scope and date range,Regulator can request export by scope and invalid scope is rejected,R15;R17;R22,Audit;Compliance;Maintainability,2,P0,Frontend Engineer,Sprint 7,Completed,PBI-407;PBI-015,"Parent: PBI-406. Epic: Regulator export workflow. Actor: Regulator. Deployment relevance: mandatory. Source: backlog/backlog.csv. Existing notes: No external portal integration. Scope grooming 2026-05-26: Completed for supervisor-demo export bundle MVP scope; production signing, download delivery, external regulator portal, and key-management hardening remain under PBI-015 and PBI-216 to PBI-227 unless narrowed."
PBI-409,Task,Export bundle generation service,Implement backend bundle manifest and integrity metadata,Bundle generation stores manifest bundle hash record references and status,R15;R22,Audit;Compliance;Maintainability,3,P0,Backend Engineer,Sprint 7,Completed,PBI-005;PBI-022;PBI-408,"Parent: PBI-406. Epic: Regulator export workflow. Actor: Regulator;Auditor. Deployment relevance: mandatory. Source: docs/contracts/TRANSACTION_HISTORY_CONTRACT.md. Existing notes: Signing may be MVP equivalent proof. Scope grooming 2026-05-26: Completed for supervisor-demo export bundle MVP scope; production signing, download delivery, external regulator portal, and key-management hardening remain under PBI-015 and PBI-216 to PBI-227 unless narrowed."
PBI-410,Task,Bundle verification endpoint,Expose endpoint to verify export bundle integrity,Verification returns verified mismatch notFound or unavailable without false success,R15;R22,Audit;Compliance;Maintainability,2,P0,Backend Engineer,Sprint 7,Completed,PBI-409;PBI-323,"Parent: PBI-406. Epic: Regulator export workflow. Actor: Regulator;Auditor. Deployment relevance: mandatory. Source: docs/contracts/BLOCKCHAIN_ANCHOR_CONTRACT.md. Existing notes: Align proof states with existing contract. Scope grooming 2026-05-26: Completed for supervisor-demo export bundle MVP scope; production signing, download delivery, external regulator portal, and key-management hardening remain under PBI-015 and PBI-216 to PBI-227 unless narrowed."
PBI-411,Story,Signed bundle detail page,Show export status bundle hash signature metadata and proof links,Regulator sees bundle contents summary integrity metadata and verification result,R15;R17;R22,Audit;Compliance;Maintainability,3,P0,Frontend Engineer,Sprint 7,Completed,PBI-410;PBI-408,"Parent: PBI-406. Epic: Regulator export workflow. Actor: Regulator. Deployment relevance: mandatory. Source: docs/architecture/BLOCKCHAIN_PROOF_UI_CONTRACT.md. Existing notes: No raw restricted data unless authorized. Scope grooming 2026-05-26: Completed for supervisor-demo export bundle MVP scope; production signing, download delivery, external regulator portal, and key-management hardening remain under PBI-015 and PBI-216 to PBI-227 unless narrowed."
PBI-412,QA,Export UAT and evidence,Validate export request bundle generation and verification,Evidence records success invalid scope unavailable and unauthorized access,R15;R22,Audit;Compliance;Maintainability,1,P0,QA Lead,Sprint 7,Completed,PBI-407;PBI-408;PBI-409;PBI-410;PBI-411,"Parent: PBI-406. Epic: Regulator export workflow. Actor: Regulator;Auditor. Deployment relevance: mandatory. Source: docs/evidence/qa. Existing notes: Deployment blocker. Scope grooming 2026-05-26: Completed for supervisor-demo export bundle MVP scope; production signing, download delivery, external regulator portal, and key-management hardening remain under PBI-015 and PBI-216 to PBI-227 unless narrowed."
PBI-413,Feature,Add security operator workflow,Provide limited security dashboard with access alerts and proof anomalies,Security operator can view alerts and limited proof investigation without admin rights,R22;R25;R28;R17,Security;Audit;Compliance,5,P1,Security Engineer,Sprint 7,Completed,PBI-022;PBI-323;PBI-017,"Parent: PBI-361. Epic: Security operator workflow. Actor: Security Operator. Deployment relevance: should-have. Source: docs/architecture/FRONTEND_PRODUCT_JOURNEY.md. Existing notes: Can remain limited honest workflow. Status reconciled on 2026-05-26: Active -> Completed; evidence: docs/evidence/qa/PBI-413_SECURITY_OPERATOR_VALIDATION.md; docs/evidence/qa/ACTOR_UAT_RESULTS.md. Scope grooming 2026-05-26: Completed for read-only supervisor-demo security operator scope; persisted backend alert queries, monitoring hooks, and incident-management hardening remain under PBI-025 and PBI-416 unless narrowed."
PBI-414,Task,Add security operator demo role,Add security operator login route and navigation,Security operator reaches Security Status dashboard and cannot access broad admin functions,R22;R17,Security;Audit;Compliance,1,P1,Frontend Engineer,Sprint 7,Completed,PBI-253;PBI-263,"Parent: PBI-413. Epic: Security operator workflow. Actor: Security Operator. Deployment relevance: should-have. Source: docs/contracts/AUTH_SESSION_CONTRACT.md. Existing notes: Role visibility matters. Scope grooming 2026-05-26: Completed for read-only supervisor-demo security operator scope; persisted backend alert queries, monitoring hooks, and incident-management hardening remain under PBI-025 and PBI-416 unless narrowed."
PBI-415,Story,Access alerts page,Show denied actions proof failures and security-relevant events,Security operator sees recent denied actions and proof failures with safe details,R22;R25;R17,Security;Audit;Compliance,3,P1,Frontend Engineer,Sprint 7,Completed,PBI-414;PBI-022,"Parent: PBI-413. Epic: Security operator workflow. Actor: Security Operator. Deployment relevance: should-have. Source: docs/contracts/ACCESS_HISTORY_QUERY_CONTRACT.md. Existing notes: No full SIEM. Scope grooming 2026-05-26: Completed for read-only supervisor-demo security operator scope; persisted backend alert queries, monitoring hooks, and incident-management hardening remain under PBI-025 and PBI-416 unless narrowed."
PBI-416,Task,Security alert read model,Create read model for access alerts and proof failures,Query returns recent denied access and blockchain proof failures with timestamps,R22;R25,Security;Audit;Compliance,3,P1,Backend Engineer,Sprint 7,Completed,PBI-022;PBI-323,Parent: PBI-413. Epic: Security operator workflow. Actor: Security Operator. Deployment relevance: should-have. Source: docs/contracts/ACCESS_AUDIT_EVENT_INSPECTION_CONTRACT.md. Existing notes: Frontend local read model exists; backend route remains follow-up. Status reconciled on 2026-05-26: Active -> Planned; evidence: docs/evidence/qa/PBI-413_SECURITY_OPERATOR_VALIDATION.md; docs/evidence/qa/PBI-425_AUTHORIZATION_REGRESSION_MATRIX.md backend read-model follow-up. Scope grooming 2026-05-26: remains Planned because security alert read model is frontend-local/demo-level; backend persisted query/read model remains future work. Security alert read-model closure 2026-05-26: Planned -> Completed; evidence: docs/evidence/qa/PBI-416_SECURITY_ALERT_READ_MODEL_VALIDATION.md; backend /api/v1/security/alerts reads denied access and proof failure metadata with security/admin read-only authorization.
PBI-417,QA,Security UAT and evidence,Validate limited security workflow and authorization,Evidence proves security operator sees alerts but cannot perform unauthorized actions,R22;R25,Security;Audit;Compliance,1,P1,QA Lead,Sprint 7,Completed,PBI-414;PBI-415;PBI-416,"Parent: PBI-413. Epic: Security operator workflow. Actor: Security Operator. Deployment relevance: should-have. Source: docs/evidence/qa. Existing notes: Should-have closure. Scope grooming 2026-05-26: Completed for read-only supervisor-demo security operator scope; persisted backend alert queries, monitoring hooks, and incident-management hardening remain under PBI-025 and PBI-416 unless narrowed."
PBI-418,Feature,Complete developer and operator readiness,Add API quickstart runtime Postgres option Fabric smoke and deployment docs,Developer can run demo APIs and operator can start validate and troubleshoot environment,R11;R12;R23;R25;R26,Maintainability;Documentation,5,P1,DevOps Engineer,Sprint 7,Completed,PBI-296;PBI-309;PBI-323,Parent: PBI-361. Epic: Developer and operator readiness. Actor: Developer / Integrator;Platform Operator. Deployment relevance: should-have. Source: docs/README.md;docs/runbooks/local-demo.md. Existing notes: Supports deployment confidence.
PBI-419,Docs,API quickstart,Document auth escrow proof and export API examples,Quickstart includes login bearer token order escrow proof and export examples,R11;R22,Maintainability;Documentation,2,P1,Technical Writer,Sprint 7,Completed,PBI-253;PBI-006;PBI-323;PBI-406,Parent: PBI-418. Epic: Developer and operator readiness. Actor: Developer / Integrator. Deployment relevance: should-have. Source: docs/contracts/API_CONTRACTS.md. Existing notes: No raw secrets in docs.
PBI-420,DevOps,Runtime PostgreSQL composition switch,Allow backend demo runtime to use Postgres repositories when configured,With env flag backend persists demo auth membership audit anchor and escrow data to Postgres,R02;R03;R05;R06;R22,Maintainability;Documentation,5,P0,Backend Engineer;DevOps Engineer,Sprint 7,Completed,PBI-296,Parent: PBI-418. Epic: Developer and operator readiness. Actor: Platform Operator. Deployment relevance: mandatory. Source: docs/architecture/POSTGRES_PERSISTENCE_DECISION.md. Existing notes: Current baseline has adapters but default runtime is in-memory.
PBI-421,DevOps,Fabric live test-network smoke script,Add documented smoke path for live AuditAnchor deployment,Operator can run build test deploy and verify sample anchor on local Fabric test-network,R05;R22;R25,Audit;Compliance;Maintainability,3,P1,Blockchain Engineer,Sprint 7,Completed,PBI-309;PBI-323,Parent: PBI-418. Epic: Developer and operator readiness. Actor: Network / Platform Operator. Deployment relevance: stretch. Source: docs/architecture/FABRIC_MVP_BOUNDARY.md. Existing notes: Live Fabric prerequisites remain explicit.
PBI-422,Docs,Deployment environment guide,Document ports env vars migrations seed Fabric and troubleshooting,Guide covers backend 3100 frontend 5173 DB migrate seed Fabric optional and rollback,R25;R26,Maintainability;Documentation,2,P0,DevOps Engineer,Sprint 7,Completed,PBI-420;PBI-421,Parent: PBI-418. Epic: Developer and operator readiness. Actor: Platform Operator. Deployment relevance: mandatory. Source: docs/runbooks/local-demo.md. Existing notes: Deployment readiness document.
PBI-423,Feature,Final UAT and supervisor demo readiness,Close release with actor UAT evidence and demo script,All mandatory actor paths pass UAT and supervisor script is ready,All mandatory,Maintainability;Documentation,8,P0,QA Lead;Scrum Master,Sprint 7,Completed,PBI-361;PBI-371;PBI-381;PBI-390;PBI-405;PBI-412;PBI-422,Parent: PBI-361. Epic: Release hardening. Actor: All. Deployment relevance: mandatory. Source: docs/evidence/qa;docs/runbooks/local-demo.md. Existing notes: Final release gate.
PBI-424,QA,Actor UAT scripts,Create UAT script per mandatory actor,Each script lists login route actions expected results data dependencies and evidence capture,R17;R22,Maintainability;Documentation,3,P0,QA Lead,Sprint 7,Completed,PBI-361,Parent: PBI-423. Epic: Release hardening. Actor: All. Deployment relevance: mandatory. Source: docs/evidence/qa. Existing notes: Actor-flow-level DoD.
PBI-425,QA,Authorization regression matrix,Validate role cannot access unauthorized routes and actions,Matrix covers admin buyer supplier compliance Shariah financier auditor regulator security roles,R03;R17;R22,Security;Audit;Compliance,3,P0,Security Engineer;QA Lead,Sprint 7,Completed,PBI-424;PBI-253,Parent: PBI-423. Epic: Release hardening. Actor: All. Deployment relevance: mandatory. Source: docs/contracts/AUTH_SESSION_CONTRACT.md. Existing notes: Deployment blocker.
PBI-426,QA,Build test release evidence,Run and record final validation commands,Build frontend build tests DB dry-runs chaincode tests and diff check are recorded,R25;R26,Audit;Compliance;Maintainability,2,P0,QA Lead,Sprint 7,Completed,PBI-420;PBI-421;PBI-424,Parent: PBI-423. Epic: Release hardening. Actor: All. Deployment relevance: mandatory. Source: docs/evidence/qa. Existing notes: Feasible commands only.
PBI-427,Docs,Final supervisor demo script,Create final 15 to 20 minute supervisor walkthrough,Script demonstrates admin compliance buyer supplier escrow blockchain proof Shariah financier regulator and evidence,R02;R03;R05;R06;R07;R15;R17;R20;R22,Maintainability;Documentation,1,P0,Scrum Master,Sprint 7,Completed,PBI-424;PBI-426,Parent: PBI-423. Epic: Release hardening. Actor: Supervisor. Deployment relevance: mandatory. Source: docs/runbooks/local-demo.md. Existing notes: Supervisor-ready output.
PBI-428,Docs,Known limitations and post-MVP roadmap,Document MVP boundaries risks and deferred items,Known limitations separate mandatory delivered scope from should-have stretch and post-MVP items,C01;C02;C03;C04;C05;C06;C07,Maintainability;Documentation,1,P0,Product Owner,Sprint 7,Completed,PBI-427,Parent: PBI-423. Epic: Release hardening. Actor: Product Owner. Deployment relevance: mandatory. Source: docs/report/srs-v3.tex;docs/proposals/business_proposal_digital_procurement_pls_seedbed.tex. Existing notes: Protects against overclaiming production readiness.
PBI-429,Feature,Commercial readiness and market-fit closure,"Align backlog, demo case, actor workflows, and deployment evidence so the product can be presented as a coherent market-facing MVP.","Given the roadmap is reviewed, when grooming closes, then mandatory actor flows, target market, demo case, deployment relevance, known limitations, and innovation backlog are documented and traceable.",R02;R03;R05;R06;R07;R15;R17;R20;R22;R25;R26,Usability;Maintainability;Audit;Compliance;Operability,5,P0,Product Owner,Sprint 7,Completed,PBI-361;PBI-423,"Deployment relevance: mandatory. Source: docs/report/product-diagnosis-redesign/product_diagnosis_redesign_report.tex;docs/sprint-planning/COMMERCIAL_READINESS_PLAN.md. Scope grooming 2026-05-26: commercial-readiness planning artifacts exist; keep Planned until the relevant acceptance artifact is explicitly reviewed and accepted, then close with evidence. Closure review 2026-05-26: Planned -> Completed; acceptance criteria satisfied by existing artifacts: docs/sprint-planning/COMMERCIAL_READINESS_PLAN.md; docs/evidence/qa/BACKLOG_GROOMING_SCOPE_RECONCILIATION.md; docs/demo/AMANAH_BARAKAH_MABRUR_CASE.md; docs/evidence/qa/ACTOR_WORKFLOW_ACCEPTANCE_MATRIX.md; docs/evidence/qa/COMMERCIAL_READINESS_SCORECARD.md; docs/sprint-planning/INNOVATION_DISCOVERY_BACKLOG.md. Evidence: docs/evidence/qa/PBI-429_TO_PBI-435_COMMERCIAL_READINESS_CLOSURE_REVIEW.md. Commercial-readiness acceptance review 2026-05-26: remains Planned; reason: parent closure requires all child governance artifacts accepted; PBI-435 remains Planned because innovation candidates lack explicit implementation size per candidate; review: docs/evidence/qa/COMMERCIAL_READINESS_GOVERNANCE_ACCEPTANCE.md. Commercial-readiness governance closure 2026-05-26: Planned -> Completed; evidence: docs/evidence/qa/PBI-435_INNOVATION_DISCOVERY_CLOSURE.md; all child governance artifacts accepted after innovation implementation size was added."
PBI-430,Task,Groom mandatory actor-flow backlog for market-fit execution,"Review backlog rows for administrator, buyer, supplier, compliance, Shariah, financier, auditor, regulator, operator, and developer workflows; remove ambiguity between broad legacy rows and MVP slices.","Given backlog grooming completes, when backlog/backlog.csv is reviewed, then each mandatory actor-flow row has clear status, dependency, acceptance criteria, deployment relevance, and grooming note where overlap exists.",R02;R03;R05;R06;R07;R15;R17;R20;R22,Maintainability;Documentation;Audit,2,P0,Scrum Master,Sprint 7,Completed,PBI-429,"Deployment relevance: mandatory. This is backlog governance only. Source: docs/sprint-planning/COMMERCIAL_READINESS_PLAN.md. Scope grooming 2026-05-26: commercial-readiness planning artifacts exist; keep Planned until the relevant acceptance artifact is explicitly reviewed and accepted, then close with evidence. Closure review 2026-05-26: Planned -> Completed; acceptance criteria satisfied by existing artifacts: backlog/backlog.csv; docs/evidence/qa/BACKLOG_GROOMING_SCOPE_RECONCILIATION.md; docs/evidence/qa/ACTOR_WORKFLOW_ACCEPTANCE_MATRIX.md. Evidence: docs/evidence/qa/PBI-429_TO_PBI-435_COMMERCIAL_READINESS_CLOSURE_REVIEW.md. Commercial-readiness acceptance 2026-05-26: Planned -> Completed; evidence: docs/evidence/qa/BACKLOG_GROOMING_SCOPE_RECONCILIATION.md; docs/evidence/qa/ACTOR_WORKFLOW_ACCEPTANCE_MATRIX.md; review: docs/evidence/qa/COMMERCIAL_READINESS_GOVERNANCE_ACCEPTANCE.md."
PBI-431,Task,Define canonical commercial demo case and seed data,"Define the Amanah Retail, Barakah Supplies, and Mabrur Finance Partner demo case that connects onboarding, procurement, escrow, proof, Shariah review, PLS, and export.","Given the demo case is created, when developers and QA read it, then every mandatory actor has a role, action, expected data state, and UAT checkpoint in one coherent transaction case.",R02;R03;R05;R06;R07;R15;R17;R20;R22,Usability;Testability;Documentation,2,P0,Product Owner,Sprint 7,Completed,PBI-429,"Deployment relevance: mandatory. Output target: docs/demo/AMANAH_BARAKAH_MABRUR_CASE.md. Scope grooming 2026-05-26: commercial-readiness planning artifacts exist; keep Planned until the relevant acceptance artifact is explicitly reviewed and accepted, then close with evidence. Closure review 2026-05-26: Planned -> Completed; acceptance criteria satisfied by existing artifacts: docs/demo/AMANAH_BARAKAH_MABRUR_CASE.md. Evidence: docs/evidence/qa/PBI-429_TO_PBI-435_COMMERCIAL_READINESS_CLOSURE_REVIEW.md. Commercial-readiness acceptance 2026-05-26: Planned -> Completed; evidence: docs/demo/AMANAH_BARAKAH_MABRUR_CASE.md; review: docs/evidence/qa/COMMERCIAL_READINESS_GOVERNANCE_ACCEPTANCE.md."
PBI-432,Docs,Create supervisor-ready demo narrative and runbook,Create a 15 to 20 minute supervisor demo script that presents the product as a compliance-first procurement evidence platform with PLS seedbed support.,"Given the demo script is reviewed, when executed, then it walks through landing, login, admin, compliance, buyer, supplier, escrow, blockchain proof, auditor verification, Shariah approval, financier PLS view, regulator export, and limitations.",R17;R22;R25;R26,Usability;Documentation;Operability,2,P0,Scrum Master,Sprint 7,Completed,PBI-431,"Deployment relevance: mandatory. Output target: docs/runbooks/supervisor-demo-script.md. Scope grooming 2026-05-26: commercial-readiness planning artifacts exist; keep Planned until the relevant acceptance artifact is explicitly reviewed and accepted, then close with evidence. Closure review 2026-05-26: Planned -> Completed; acceptance criteria satisfied by existing artifacts: docs/runbooks/supervisor-demo-script.md. Evidence: docs/evidence/qa/PBI-429_TO_PBI-435_COMMERCIAL_READINESS_CLOSURE_REVIEW.md. Commercial-readiness acceptance 2026-05-26: Planned -> Completed; evidence: docs/runbooks/supervisor-demo-script.md; review: docs/evidence/qa/COMMERCIAL_READINESS_GOVERNANCE_ACCEPTANCE.md."
PBI-433,QA,Add actor workflow acceptance matrix,"Create a matrix that maps every mandatory actor to entry point, route, main action, backend dependency, audit event, proof/export dependency, UAT script, and release status.","Given the matrix is complete, when release readiness is reviewed, then every mandatory actor has a pass/fail status and missing work is visible.",R02;R03;R05;R06;R07;R15;R17;R20;R22,Quality;Audit;Documentation,2,P0,QA Lead,Sprint 7,Completed,PBI-430;PBI-431,"Deployment relevance: mandatory. Output target: docs/evidence/qa/ACTOR_WORKFLOW_ACCEPTANCE_MATRIX.md. Scope grooming 2026-05-26: commercial-readiness planning artifacts exist; keep Planned until the relevant acceptance artifact is explicitly reviewed and accepted, then close with evidence. Closure review 2026-05-26: Planned -> Completed; acceptance criteria satisfied by existing artifacts: docs/evidence/qa/ACTOR_WORKFLOW_ACCEPTANCE_MATRIX.md. Evidence: docs/evidence/qa/PBI-429_TO_PBI-435_COMMERCIAL_READINESS_CLOSURE_REVIEW.md. Commercial-readiness acceptance 2026-05-26: Planned -> Completed; evidence: docs/evidence/qa/ACTOR_WORKFLOW_ACCEPTANCE_MATRIX.md; review: docs/evidence/qa/COMMERCIAL_READINESS_GOVERNANCE_ACCEPTANCE.md."
PBI-434,QA,Add commercial readiness scorecard,"Create a scorecard for product narrative, actor completeness, trust/compliance readiness, deployment readiness, and market claim safety.","Given scorecard is reviewed, when each category is scored, then release team can identify whether the MVP is supervisor-ready, pilot-ready, or only technical-demo-ready.",R17;R22;R25;R26,Quality;Usability;Documentation;Operability,1,P1,Product Owner,Sprint 7,Completed,PBI-429,"Deployment relevance: should-have. Output target: docs/evidence/qa/COMMERCIAL_READINESS_SCORECARD.md. Scope grooming 2026-05-26: commercial-readiness planning artifacts exist; keep Planned until the relevant acceptance artifact is explicitly reviewed and accepted, then close with evidence. Closure review 2026-05-26: Planned -> Completed; acceptance criteria satisfied by existing artifacts: docs/evidence/qa/COMMERCIAL_READINESS_SCORECARD.md. Evidence: docs/evidence/qa/PBI-429_TO_PBI-435_COMMERCIAL_READINESS_CLOSURE_REVIEW.md. Commercial-readiness acceptance 2026-05-26: Planned -> Completed; evidence: docs/evidence/qa/COMMERCIAL_READINESS_SCORECARD.md; review: docs/evidence/qa/COMMERCIAL_READINESS_GOVERNANCE_ACCEPTANCE.md."
PBI-435,Spike,Discover stakeholder-delighting innovation opportunities,Research and rank extra features not explicitly required by stakeholders but likely to improve perceived product value after mandatory MVP readiness.,"Given the spike closes, when innovation candidates are reviewed, then each candidate has user value, feasibility, risk, implementation size, dependency, and MVP/post-MVP recommendation.",R17;R22;R25;R26,Innovation;Usability;Maintainability,3,P2,Product Owner,Sprint 7,Completed,PBI-423;PBI-434,"Deployment relevance: stretch. Candidate themes: guided demo mode, proof timeline, smart onboarding checklist, PLS simulator, regulator evidence viewer. Scope grooming 2026-05-26: commercial-readiness planning artifacts exist; keep Planned until the relevant acceptance artifact is explicitly reviewed and accepted, then close with evidence. Closure review 2026-05-26: remains Planned; existing innovation backlog stages and ranks candidates, but each candidate does not yet include explicit implementation size required by acceptance criteria. Evidence: docs/evidence/qa/PBI-429_TO_PBI-435_COMMERCIAL_READINESS_CLOSURE_REVIEW.md. Commercial-readiness acceptance review 2026-05-26: remains Planned; reason: innovation backlog stages and ranks candidates, but each candidate does not yet include explicit implementation size required by acceptance criteria; review: docs/evidence/qa/COMMERCIAL_READINESS_GOVERNANCE_ACCEPTANCE.md. Commercial-readiness governance closure 2026-05-26: Planned -> Completed; evidence: docs/evidence/qa/PBI-435_INNOVATION_DISCOVERY_CLOSURE.md; innovation candidates include implementation size, rough story-point range, dependency level, and recommended timing."
PBI-436,Feature,Production extension architecture,"Define the modular production architecture for Fabric consortium, payments, IoT/EPCIS, documents, Shariah certification, export signing, ERP/accounting, and UI productization.","Given the plan is reviewed, when implementation begins, then every production extension area has modular boundaries, PBIs, dependencies, and source references.",R03;R05;R06;R07;R10;R11;R15;R16;R18;R20;R21;R23;R24;R25;R26;R30,Architecture;Maintainability;Security;Compliance,8,P0,Solution Architect,Sprint 8,Completed,PBI-423,Deployment relevance: production-extension. Source: docs/architecture/EXTENDED_PRODUCTION_ARCHITECTURE_PLAN.tex. Completed 2026-05-30 after architecture/source-reference review; evidence: docs/evidence/qa/PBI-436_462_PRODUCTION_EXTENSION_RESEARCH_VALIDATION.md.
PBI-437,Task,Production Fabric consortium plan,"Define production Fabric CA, MSP, peer, orderer, channel, private data, endorsement, chaincode lifecycle, and governance operating model.","Given the plan is complete, when reviewed by blockchain engineer, then org mapping, MSP policy, channel design, private data boundaries, and operational runbooks are clear.",R09;R10;R16;R30,Blockchain;Security;Governance;Audit,5,P0,Blockchain Engineer,Sprint 8,Completed,PBI-436;PBI-421,"Deployment relevance: production-extension. Source: docs/architecture/FABRIC_MVP_BOUNDARY.md; Hyperledger Fabric docs. Completed 2026-05-26 with production Fabric consortium architecture, participant/MSP/channel/private-data/endorsement/lifecycle plan, config templates, runbook update, prerequisite script, and validation evidence. No live production consortium deployment claimed."
PBI-438,Task,Production Fabric consortium implementation,Implement the production-ready Fabric network skeleton and adapter configuration while retaining local/sandbox proof mode.,"Given Fabric mode is configured, when the app starts, then it can connect to the configured Fabric gateway or fail safely to unavailable proof state.",R05;R09;R10;R16;R30,Blockchain;Security;Reliability;Operability,13,P1,Blockchain Engineer,Sprint 9,Completed,PBI-437,"Deployment relevance: production-extension. No raw business documents on-chain. Foundation staged 2026-05-26 with network config templates, private data collection config, chaincode definition plan, connection profile template, prerequisite check, and lifecycle skeleton. Dockerized local lab scaffold staged 2026-05-30 with Compose/config templates and dry-run operator scripts. Runtime Fabric Gateway wiring staged 2026-05-30 with safe adapter mode handling and unavailable-state behavior. Live production-like Fabric lab completed 2026-05-31: external CA/MSP/channel/lifecycle material was created outside the repo, AuditAnchor was committed across five orgs, backend Fabric Gateway verified live anchor states, and browser proof UI readiness was recorded; evidence: docs/evidence/qa/PBI-438_PRODUCTION_LIKE_FABRIC_LAB_VALIDATION.md. Completion means production-like local lab and runtime integration validation only; it does not claim managed production Fabric operations, production CA governance, HSM/KMS key management, or commercial-ready certification."
PBI-439,Task,Payment adapter framework,"Add a payment orchestration port with LocalSandboxPaymentAdapter, ManualSettlementAdapter, and future external payment adapter seams.","Given escrow release creates a payment instruction, when sandbox mode is active, then no real money moves and payment state is recorded auditable.",R06;R11;R12;R22,Payment;Audit;Reliability;Security,8,P0,Backend Engineer,Sprint 8,Completed,PBI-441,Deployment relevance: pilot-hardening. Completed 2026-05-26 with PaymentPort  LocalSandboxPaymentAdapter  ManualSettlementAdapter  API routes  UI status surface  and audit lifecycle evidence. No real payment execution.
PBI-440,Task,ISO 20022 payment execution mapping,Map platform payment instructions and settlement statuses to ISO 20022-like payment initiation and status artifacts.,"Given a payment instruction exists, when export is requested, then required debtor, creditor, amount, currency, remittance, and status fields are populated.",R11;R12,Interoperability;Payment;Compliance,8,P1,Integration Engineer,Sprint 9,Completed,PBI-439,Deployment relevance: production-extension. Completed 2026-05-26 with ISO 20022-like pain.001/pain.002 JSON mapping  API export route  tests  and claim boundary. Mapping-only; no bank execution or certification.
PBI-441,Feature,Escrow release workflow,"Extend escrow from creation-only to release-condition evaluation, release instruction, hold, expiry, refund, and audit proof.","Given delivery and acceptance conditions are satisfied, when buyer triggers release, then escrow moves to settlementInstructionReady and no payment execution is claimed.",R06;R18;R22,Audit;Reliability;Payment;Compliance,13,P0,Backend Engineer,Sprint 8,Completed,PBI-379;PBI-380,Deployment relevance: pilot-hardening. Completed 2026-05-26 with release-condition evaluation  hold  release-request  settlement-instruction-ready state  audit events  and proof anchoring. Payment instruction creation remains PBI-439.
PBI-442,Feature,Dispute and arbitration workflow,"Add dispute hold, arbitration decision, release/refund/cancel outcome, and audit trail.","Given a party raises a dispute, when arbitration decision is recorded, then escrow outcome is settlement instruction ready, refund, or cancellation with immutable evidence.",R06;R21;R22,Audit;Compliance;Governance;Reliability,13,P1,Operations Lead,Sprint 9,Completed,PBI-441,Deployment relevance: production-extension. Completed 2026-05-26 for internal MVP workflow controls; external arbitration integration and evidence exchange remain post-MVP.
PBI-443,Task,IoT and QR evidence API,"Expose external IoT and QR proof ingestion APIs with device credentials, replay protection, signature validation, and safe metadata storage.","Given a valid signed device event is posted, when validation succeeds, then a delivery evidence record and lifecycle event are created.",R04;R18;R22,IoT;Security;Interoperability;Audit,8,P0,Integration Engineer,Sprint 8,Completed,PBI-379;PBI-458,Deployment relevance: pilot-hardening. Raw device payloads must be controlled and hashed. Completed 2026-05-26: signed IoT and QR delivery proof intake routes create delivery evidence and lifecycle events through external API gateway; evidence: docs/evidence/qa/PBI-443_444_IOT_EPCIS_DELIVERY_PROOF_VALIDATION.md.
PBI-444,Task,EPCIS logistics adapter,"Add EPCIS-compatible event import/export mapping for shipment, receipt, inspection, and custody events.","Given an EPCIS-compatible payload is submitted, when validation passes, then the platform maps it to delivery evidence and lifecycle metadata.",R04;R18,Interoperability;Logistics;Audit,8,P1,Integration Engineer,Sprint 9,Completed,PBI-443,Deployment relevance: production-extension. Source: GS1 EPCIS 2.0. Completed 2026-05-26: EPCIS-compatible ObjectEvent/AggregationEvent/TransactionEvent/TransformationEvent/AssociationEvent intake maps to delivery evidence and logistics lifecycle metadata; evidence: docs/evidence/qa/PBI-443_444_IOT_EPCIS_DELIVERY_PROOF_VALIDATION.md.
PBI-445,Feature,Document storage and rendering,"Add secure document upload, object storage, malware scan, MIME validation, preview metadata, and access policy.","Given an authorized user uploads a document, when validation passes, then metadata, hash, storage reference, and access policy are stored without on-chain raw content.",R10;R15;R18;R24,Privacy;Security;Documents;Audit,13,P0,Backend Engineer,Sprint 8,Completed,PBI-456,"Deployment relevance: pilot-hardening. Object storage can start local/S3-compatible. Completed 2026-05-26: local document storage port, metadata/checksum capture, text/JSON extraction, protected document routes, frontend document intake panel, and validation evidence added; evidence: docs/evidence/qa/PBI-445_446_DOCUMENT_EXTRACTION_SIGNATURE_VALIDATION.md."
PBI-446,Task,Document signature verification,"Verify digital signatures on uploaded contracts, delivery proofs, and export bundles and record certificate chain metadata.","Given a signed PDF or detached signature is submitted, when verification runs, then signature status and certificate metadata are recorded.",R15;R18;R22,Security;Documents;Compliance;Audit,8,P1,Security Engineer,Sprint 9,Completed,PBI-445;PBI-448,Deployment relevance: production-extension. No formal trust store until policy approved. Completed 2026-05-26: signature verification port and local detached SHA-256 metadata adapter added with explicit localMetadataOnly trust boundary; evidence: docs/evidence/qa/PBI-445_446_DOCUMENT_EXTRACTION_SIGNATURE_VALIDATION.md.
PBI-447,Feature,Formal Shariah certification artifacts,"Add Shariah certificate records for PLS templates, version scope, conditions, expiry, revocation, and certificate hash.","Given a certificate covers a PLS template, when activation is requested, then the platform verifies certificate scope and status before activation.",R07;R20;R22,Shariah;Compliance;Audit;Governance,8,P0,Shariah Compliance Lead,Sprint 8,Completed,PBI-393;PBI-405,Deployment relevance: pilot-hardening. Formal external certification remains outside system automation. Completed 2026-05-26 with certificate artifact registry  active/revoked/expired/template coverage checks  PLS activation gate  frontend certificate visibility  and validation evidence. External certification remains outside system automation.
PBI-448,Feature,Export signing and key management,"Add signed export manifests, key profiles, rotation policy, detached signatures, and offline verification package.","Given an export bundle is generated, when signing is enabled, then detached signature and verification instructions are included.",R15;R22;R24,Security;Audit;Compliance;KeyManagement,13,P0,Security Engineer,Sprint 8,Completed,PBI-406;PBI-412,Deployment relevance: pilot-hardening. Production KMS/HSM decision required. Completed 2026-05-26 with local software-key Ed25519 signing profile  detached manifest signature  offline verification package metadata  sign/get/verify routes  frontend signature panel  and validation evidence. Production KMS/HSM and external regulator portal remain future work.
PBI-449,Feature,ERP and accounting adapter framework,"Add adapter framework for importing/exporting orders, invoices, receipts, payments, and journal events using UBL/OCDS mappings.","Given an adapter profile is configured, when sync runs, then inbound/outbound records are mapped with idempotency and error reporting.",R11;R14;R23,Interoperability;ERP;Reliability;Audit,13,P1,Integration Engineer,Sprint 9,Completed,PBI-451;PBI-440,"Deployment relevance: production-extension. Source: UBL, OCDS, Peppol. Completed 2026-05-26 with ErpAccountingPort, local JSON adapter, UBL/Peppol-like order/invoice mappings, OCDS-like contract release package, payment status/journal export, import validation, idempotency replay, API routes, and validation evidence. No production ERP or Peppol network integration."
PBI-450,Feature,Contract negotiation workspace,"Add negotiation threads, redlines, approval routing, offer/acceptance records, and linked machine-readable terms.","Given buyer and supplier negotiate terms, when an agreement is reached, then final terms are versioned and linked to order/escrow.",R06;R14;R22,Usability;Contracts;Audit;Compliance,13,P0,Product Engineer,Sprint 8,Completed,PBI-451,"Deployment relevance: pilot-hardening. Communication records must be auditable. Completed 2026-05-26: contract negotiation API, offer/acceptance records, frontend Contract Negotiation workspace, and validation evidence added; evidence: docs/evidence/qa/PBI-450_451_CONTRACT_NEGOTIATION_MODEL_VALIDATION.md."
PBI-451,Feature,Machine-readable contract model,"Add a semantic contract model for parties, clauses, obligations, release conditions, PLS terms, attachments, and hashes.","Given a contract is created, when saved, then clause IDs, human text, machine-readable fields, version, and hash are stored.",R06;R07;R14;R15;R20;R22,Contracts;Interoperability;Audit;Compliance,13,P0,Solution Architect,Sprint 8,Completed,PBI-436,"Deployment relevance: pilot-hardening. Maps to UBL/OCDS where appropriate. Completed 2026-05-26: machine-readable terms model includes parties, line items, delivery terms, acceptance criteria, escrow release conditions, PLS terms, document references, clause references, UBL/OCDS mapping fields, and deterministic terms hash; evidence: docs/evidence/qa/PBI-450_451_CONTRACT_NEGOTIATION_MODEL_VALIDATION.md."
PBI-452,Feature,Blockchain status visualization,"Add operator and actor-facing blockchain status visualizations across order, delivery, escrow, export, PLS, and Fabric network health.","Given proof records exist, when user opens status surface, then visual indicators show anchored, pending, failed, mismatch, unavailable, and verified states.",R05;R15;R22;R25,Usability;Blockchain;Observability;Audit,8,P0,Frontend Engineer,Sprint 8,Completed,PBI-333;PBI-421,"Deployment relevance: pilot-hardening. No fabricated chain data. Status review 2026-05-26: visual proof/status indicator foundation added, but full Fabric network health and PLS-wide coverage remain open. Status closure 2026-05-30: Planned -> Completed; evidence: docs/evidence/qa/PBI-452_BLOCKCHAIN_STATUS_VISUALIZATION_VALIDATION.md. Actor/operator proof status overview now covers order, delivery, escrow, PLS, export, verification states, and Fabric readiness without fabricated chain data."
PBI-453,Feature,Responsive panel shell and icon-only navigation,"Implement resizable panels, icon-only collapse, compact cards, and persisted panel preferences.","Given the viewport or panel is reduced, when UI reflows, then panels remain usable with icons, truncation, and overflow-safe content.",R17,Usability;Accessibility;ResponsiveUI,8,P0,Frontend Engineer,Sprint 8,Completed,PBI-017,"Deployment relevance: pilot-hardening. Inspired by Docker-style compact navigation. Completed 2026-05-26: responsive shell includes resizable navigation panel, persisted width, and icon-only collapse."
PBI-454,Task,Theme and design tokens,"Implement dark/white/yellow design tokens and indicator colors for verified, pending, failed, warning, and info states.","Given theme tokens are applied, when surfaces render, then colors are consistent and indicators are visual, not word-only.",R17,Usability;Accessibility;Maintainability,5,P1,Frontend Engineer,Sprint 8,Completed,PBI-453,Deployment relevance: productization. Completed 2026-05-26: centralized theme tokens and status indicator colors added.
PBI-455,Task,CSS modularization and overflow hardening,"Separate CSS into tokens, layout, components, and page files; fix text overflow and resizing behavior.","Given a component is resized, when IDs/hashes/status cards are displayed, then text wraps or truncates without escaping containers.",R17,Maintainability;Usability;Accessibility,5,P0,Frontend Engineer,Sprint 8,Completed,PBI-453;PBI-454,Deployment relevance: productization. Inline styles only for dynamic CSS variables. Completed 2026-05-26: CSS aggregator/modules added and long hash/ID overflow hardening applied.
PBI-456,Task,Database-seeded real demo accounts,Move demo accounts and case data into database seed records and remove dependence on local-only in-browser identity data where backend mode is active.,"Given db:seed runs, when app starts in backend mode, then demo actors authenticate through seeded credentials and records.",R02;R03;R17;R22,Security;DemoData;Maintainability,8,P0,Backend Engineer,Sprint 8,Completed,PBI-420,"Deployment relevance: pilot-hardening. Real demo accounts, not demonstrative frontend-only accounts. Completed 2026-05-26: db seed verified for nine backend demo accounts using demo-password."
PBI-457,Task,Remove demonstrative local fallbacks,Identify and remove or gate demonstrative local-only features where seeded backend data and APIs now exist.,"Given backend mode is active, when UI calls a workflow, then it uses backend APIs and does not silently use local fabricated data.",R17;R22;R25,Maintainability;Reliability;Security,8,P0,Frontend Engineer,Sprint 8,Completed,PBI-456,Deployment relevance: pilot-hardening. Local demo fallback allowed only when explicitly configured. Completed 2026-05-26: frontend local fallbacks gated by explicit VITE_ENABLE_LOCAL_DEMO_FALLBACK flag; guided mode gated separately.
PBI-458,Feature,External API gateway for integrations,"Add authenticated external API gateway for IoT devices, ERP applications, payment callbacks, and evidence verifiers.","Given an external client calls an API, when credentials and signature pass, then request is processed with scoped permissions and audit logging.",R04;R11;R18;R23;R25,Security;Interoperability;Operability;Audit,13,P0,Integration Engineer,Sprint 8,Completed,PBI-443;PBI-449,Deployment relevance: pilot-hardening. Requires rate limiting and idempotency. Completed 2026-05-26: signed external proof verification route plus scoped client credentials plus idempotency plus external audit repository plus contract added; evidence: docs/evidence/qa/PBI-458_EXTERNAL_API_GATEWAY_VALIDATION.md.
PBI-459,Feature,Containerized deployable model,"Add backend and frontend Dockerfiles and full Docker Compose app stack with postgres, backend, frontend, and optional integration profiles.","Given a clean operator runs docker compose up --build, when env is configured, then frontend, backend, and postgres start with health checks.",R25;R26,DevOps;Operability;Reliability,8,P0,DevOps Engineer,Sprint 8,Completed,PBI-420,Deployment relevance: deployable internal pilot. Completed 2026-05-26: deployable Dockerfiles plus app compose plus health/readiness checks plus runbook plus smoke script added; live image build blocked by Docker Hub connectivity in this environment; evidence: docs/evidence/qa/PBI-459_CONTAINERIZED_DEPLOYABLE_MODEL_VALIDATION.md.
PBI-460,Feature,Observability and incident hooks,"Add health/readiness, structured logs, metrics, alerts, and operator incident hooks.","Given a service degrades, when health checks or thresholds fail, then an alert is recorded and visible to operators.",R25;R28,Operability;Reliability;Security,8,P1,DevOps Engineer,Sprint 9,Completed,PBI-416;PBI-459,Deployment relevance: pilot-hardening. Completed 2026-05-26: protected ops status route plus readiness-derived incidents plus security alert integration plus structured logging runbook added; evidence: docs/evidence/qa/PBI-460_OBSERVABILITY_INCIDENT_HOOKS_VALIDATION.md.
PBI-461,Docs,Backup restore rollback runbook,"Add backup, restore, rollback, reset, and disaster recovery runbook for database, documents, and Fabric proof data.","Given operator follows runbook, when backup/restore commands run, then data can be recovered or reset safely.",R19;R25;R26,Operability;Retention;Reliability;Documentation,5,P1,DevOps Engineer,Sprint 8,Completed,PBI-459,Deployment relevance: deployable internal pilot. Completed 2026-05-26: backup restore rollback runbook plus dry-run-safe PostgreSQL backup restore and local rollback scripts added; evidence: docs/evidence/qa/PBI-461_BACKUP_RESTORE_ROLLBACK_VALIDATION.md.
PBI-462,Spike,Procurement and public contract standards mapping research,"Research public procurement activity, OCDS, UBL, Peppol, and formal contract structures and map them to platform fields.","Given the research spike closes, when architects review it, then machine-readable contract and ERP/export mappings have justified field sets and references.",R14;R23;R15,Research;Interoperability;Contracts,3,P1,Product Analyst,Sprint 8,Completed,PBI-451;PBI-449,Deployment relevance: product-market hardening. Completed 2026-05-30 with standards mapping research; evidence: docs/architecture/PROCUREMENT_STANDARDS_MAPPING_RESEARCH.md; docs/evidence/qa/PBI-436_462_PRODUCTION_EXTENSION_RESEARCH_VALIDATION.md.
PBI-463,Feature,Organization profile and unique identifier,"Extend member organizations with safe public profile metadata, alias, logo reference, and unique organization identifier for network discovery.","Given an authenticated user views an organization profile, when profile data is returned, then alias, unique identifier, safe profile summary, logo reference, status, and eligibility summary are available without exposing restricted documents.",R02;R03;R17;R22,Usability;Security;Privacy;Maintainability,5,P0,Product Engineer,Sprint 9,Completed,PBI-361;PBI-456,"Deployment relevance: pilot-hardening. Actor: organization user, administrator. Business process stage: organization governance. Evidence required: organization registration/profile validation. Claim boundary: safe metadata only; raw KYC/commercial documents remain hidden. Source: GitHub Issue #14. Completed 2026-05-31 under GitHub Issue #14; evidence: docs/evidence/qa/PBI-463_TO_PBI-472_ORGANIZATION_NETWORK_VALIDATION.md."
PBI-464,Feature,Organization registration and admin bootstrap,Add public or invite-style organization registration with primary admin credential bootstrap and pending KYC/AML state.,"Given a new organization registers, when validation passes, then an organization record, primary admin user, organization membership, admin role assignment, and pending onboarding case are created without enabling transactions before eligibility approval.",R02;R03;R10;R17;R22,Security;Compliance;Audit;Usability,8,P0,Backend Engineer,Sprint 9,Completed,PBI-463;PBI-253;PBI-392,Deployment relevance: pilot-hardening. Actor: prospective organization admin. Business process stage: onboarding. Evidence required: registration/role umbrella validation. Claim boundary: registration does not imply eligibility or transaction authority. Source: GitHub Issue #14. Completed 2026-05-31 under GitHub Issue #14; evidence: docs/evidence/qa/PBI-463_TO_PBI-472_ORGANIZATION_NETWORK_VALIDATION.md.
PBI-465,Feature,Organization-scoped role and credential management,"Represent users and credentials under an organization umbrella while preserving existing buyer, supplier, financier, reviewer, auditor, regulator, and security role compatibility.","Given an organization admin or authorized platform admin manages users, when role assignments are inspected or changed, then organization-scoped roles remain authoritative and buyer/supplier are treated as deal roles where appropriate.",R03;R17;R22,Security;Maintainability;Audit,8,P0,Security Engineer,Sprint 9,Completed,PBI-464;PBI-003;PBI-425,"Deployment relevance: pilot-hardening. Actor: organization admin, administrator. Business process stage: access governance. Evidence required: role umbrella validation. Claim boundary: preserve legacy demo role compatibility. Source: GitHub Issue #14. Completed 2026-05-31 under GitHub Issue #14; evidence: docs/evidence/qa/PBI-463_TO_PBI-472_ORGANIZATION_NETWORK_VALIDATION.md."
PBI-466,Feature,Organization network relationship requests,"Allow organizations to discover another organization by unique identifier and request, accept, reject, or manage network relationship establishment.","Given an authorized user submits a network request by unique identifier, when the target organization accepts it, then a relationship record is created, audit-safe metadata is recorded, and the relationship becomes visible in graph projection.",R03;R05;R06;R17;R22,Security;Audit;Usability;Compliance,8,P0,Backend Engineer,Sprint 9,Completed,PBI-463;PBI-464,Deployment relevance: pilot-hardening. Actor: organization user. Business process stage: network establishment. Evidence required: organization network graph workspace validation. Claim boundary: relationship acceptance does not bypass KYC/AML gates. Source: GitHub Issue #14. Completed 2026-05-31 under GitHub Issue #14; evidence: docs/evidence/qa/PBI-463_TO_PBI-472_ORGANIZATION_NETWORK_VALIDATION.md.
PBI-467,Feature,Network graph workspace with node and edge visualization,"Add a role-aware organization network workspace that visualizes current organization, connected organizations, pending requests, and directional business relationship edges.","Given an authenticated user opens Organization Network, when graph data is available, then current organization, connected nodes, pending request nodes, directional vectors, hover summaries, and selected node or edge details render without exposing restricted payloads.",R05;R06;R15;R17;R22;R25,Usability;Audit;Privacy;Accessibility,13,P0,Frontend Engineer,Sprint 9,Completed,PBI-466;PBI-468;PBI-469;PBI-470,Deployment relevance: pilot-hardening. Actor: all authenticated organization roles. Business process stage: procurement visibility. Evidence required: graph workspace validation. Claim boundary: no raw commercial terms or private payloads in graph. Source: GitHub Issue #14. Completed 2026-05-31 under GitHub Issue #14; evidence: docs/evidence/qa/PBI-463_TO_PBI-472_ORGANIZATION_NETWORK_VALIDATION.md.
PBI-468,Task,Channel and visibility indicators on graph vectors,"Visualize channel or visibility scope on organization graph edges using sharedChannelA, sharedChannelB, privateChannelC, localProofOnly, and unavailable states.","Given graph edges render, when each edge has channel metadata, then shared, restricted, local-only, and unavailable scopes are visually distinct and proof statuses remain honest.",R15;R17;R22;R25,Blockchain;Usability;Audit;Accessibility,5,P0,Frontend Engineer,Sprint 9,Completed,PBI-452;PBI-467,"Deployment relevance: pilot-hardening. Actor: auditor, regulator, organization user. Business process stage: proof visibility. Evidence required: graph workspace validation. Claim boundary: channel aliases are proof scopes, not production Fabric consortium claims. Source: GitHub Issue #14. Completed 2026-05-31 under GitHub Issue #14; evidence: docs/evidence/qa/PBI-463_TO_PBI-472_ORGANIZATION_NETWORK_VALIDATION.md."
PBI-469,Feature,Blockchain trail floating panel,"Add a left floating blockchain trail panel for selected organization graph nodes or edges with lifecycle event, hash, anchor, verification, and scope metadata.","Given a graph node or edge is selected, when the blockchain trail panel is opened, then filtered proof timeline metadata appears with distinct pending, failed, mismatch, notFound, unavailable, and verified states.",R15;R17;R22;R25,Blockchain;Audit;Usability;Privacy,8,P0,Frontend Engineer,Sprint 9,Completed,PBI-467;PBI-468,"Deployment relevance: pilot-hardening. Actor: auditor, regulator, organization user. Business process stage: proof review. Evidence required: graph workspace validation. Claim boundary: no fabricated transaction IDs or verified states. Source: GitHub Issue #14. Completed 2026-05-31 under GitHub Issue #14; evidence: docs/evidence/qa/PBI-463_TO_PBI-472_ORGANIZATION_NETWORK_VALIDATION.md."
PBI-470,Feature,Establish-network and start-trade floating panel,"Add a right floating panel for previewing organizations by unique identifier, requesting network establishment, and preparing a safe start-trade action.","Given an authorized organization user enters a unique identifier, when the target exists, then safe public profile preview is shown and a network request can be sent without bypassing eligibility or exposing private documents.",R03;R05;R06;R17;R22,Usability;Security;Compliance;Audit,8,P0,Product Engineer,Sprint 9,Completed,PBI-466;PBI-467,"Deployment relevance: pilot-hardening. Actor: organization user. Business process stage: network establishment and trade initiation. Evidence required: graph workspace validation. Claim boundary: start-trade preparation does not create payment, escrow release, or eligibility override. Source: GitHub Issue #14. Completed 2026-05-31 under GitHub Issue #14; evidence: docs/evidence/qa/PBI-463_TO_PBI-472_ORGANIZATION_NETWORK_VALIDATION.md."
PBI-471,Feature,Email notification outbox and local adapter,"Add an email notification port, local outbox adapter, and safe notification records for selected workflow events without requiring real SMTP.","Given selected workflow events occur, when notification rules apply, then queued or skipped notification records are created with safe summaries and no raw documents, secrets, KYC data, commercial terms, payment credentials, or private keys.",R17;R22;R25;R28,Operability;Security;Privacy;Audit,8,P1,Backend Engineer,Sprint 9,Completed,PBI-466;PBI-460,"Deployment relevance: pilot-hardening. Actor: platform operator, organization user. Business process stage: workflow notification. Evidence required: email notification outbox validation. Claim boundary: local outbox only; no real SMTP required or claimed. Source: GitHub Issue #14. Completed 2026-05-31 under GitHub Issue #14; evidence: docs/evidence/qa/PBI-463_TO_PBI-472_ORGANIZATION_NETWORK_VALIDATION.md."
PBI-472,Spike,ERPNext and Frappe procurement UX study and mapping,"Study ERPNext/Frappe buying workspace, procurement documents, supplier records, scorecards, reporting, notifications, and permission patterns as UI/process references.","Given the study is complete, when product and engineering review it, then it identifies what to borrow for UI clarity, what not to copy, mappings to current workflows, future backlog ideas, and how the graph/proof workspace differentiates from ERPNext.",R05;R06;R11;R17;R23;R25,Research;Usability;Interoperability;Documentation,3,P1,Product Analyst,Sprint 9,Completed,PBI-462;PBI-467,"Deployment relevance: product-market hardening. Actor: product owner, UX architect. Business process stage: procurement UX research. Evidence required: ERPNext/Frappe study validation. Claim boundary: ERPNext is a reference only, not a dependency or replacement. Source: GitHub Issue #14. Completed 2026-05-31 under GitHub Issue #14; evidence: docs/evidence/qa/PBI-463_TO_PBI-472_ORGANIZATION_NETWORK_VALIDATION.md."
PBI-473,Feature,Company registration UX completion,"Complete the public company registration user experience and connect it to the existing organization registration backend.","Given a prospective organization admin opens registration, when valid company and admin credential data is submitted, then a pending organization and admin context are created without enabling transaction authority before eligibility approval.",R02;R03;R10;R17;R22,Usability;Security;Compliance;Audit,5,P0,Product Engineer,Sprint 9,Completed,PBI-464,"Deployment relevance: pilot-hardening. Actor: prospective organization admin. Business process stage: onboarding. Source: GitHub Issue #15. Completed 2026-05-31; evidence: docs/evidence/qa/PBI-473_COMPANY_REGISTRATION_UX_VALIDATION.md."
PBI-474,Feature,Registration-to-dashboard company context flow,"Show authenticated users a company context after registration or sign-in instead of an isolated role-only dashboard.","Given an authenticated organization user reaches the dashboard, when session context is available, then organization profile, user identity, company roles, eligibility, relationships, deal count, and proof state are visible as safe metadata.",R02;R03;R17;R22,Usability;Security;Compliance;Audit,5,P0,Frontend Engineer,Sprint 9,Completed,PBI-473;PBI-477,"Deployment relevance: pilot-hardening. Actor: authenticated organization user. Business process stage: organization dashboard. Source: GitHub Issue #15. Completed 2026-05-31; evidence: docs/evidence/qa/PBI-473_COMPANY_REGISTRATION_UX_VALIDATION.md and docs/evidence/qa/PBI-482_COMPANY_CENTRIC_UAT_VALIDATION.md."
PBI-475,Feature,Organization user management workspace,"Add an organization-scoped user management workspace for company admins and platform admins.","Given an authorized admin opens Company Users, when scoped users are listed or invited, then organization users, role codes, status, and safe invitation outcome are visible without returning passwords or granting platform admin by default.",R03;R17;R22,Security;Usability;Audit;Maintainability,8,P0,Security Engineer,Sprint 9,Completed,PBI-465;PBI-473,"Deployment relevance: pilot-hardening. Actor: organization admin, administrator. Business process stage: access governance. Source: GitHub Issue #15. Completed 2026-05-31; evidence: docs/evidence/qa/PBI-475_ORGANIZATION_USER_MANAGEMENT_VALIDATION.md."
PBI-476,Feature,Company account settings and profile maintenance,"Expose a company account settings surface for safe profile maintenance and authenticated account context.","Given an authenticated company user opens Settings, when profile data is loaded or updated, then safe organization fields can be maintained without exposing raw onboarding documents or bypassing eligibility gates.",R02;R03;R17;R22,Usability;Security;Privacy;Maintainability,5,P1,Product Engineer,Sprint 9,Completed,PBI-463;PBI-474,"Deployment relevance: pilot-hardening. Actor: organization user. Business process stage: organization governance. Source: GitHub Issue #15. Completed 2026-05-31; evidence: docs/evidence/qa/PBI-473_COMPANY_REGISTRATION_UX_VALIDATION.md."
PBI-477,Feature,Company dashboard state summary,"Add a backend-backed company dashboard summary read model for organization context, relationships, deals, and proof status.","Given a signed-in organization user opens Dashboard, when summary data is requested, then the response is derived from server-side session context and includes safe company context and honest proof status.",R02;R03;R17;R22;R25,Security;Audit;Usability;Maintainability,5,P0,Backend Engineer,Sprint 9,Completed,PBI-473;PBI-478,"Deployment relevance: pilot-hardening. Actor: organization user. Business process stage: dashboard summary. Source: GitHub Issue #15. Completed 2026-05-31; evidence: docs/evidence/qa/PBI-482_COMPANY_CENTRIC_UAT_VALIDATION.md."
PBI-478,Feature,Private ledger deal projection workspace,"Add a company-scoped private deal view that projects B2B order, delivery, escrow, proof, and financing state without claiming production private ledger infrastructure.","Given an authorized company user opens Company Ledger, when deal projections are available, then private deal metadata, counterparties, lifecycle stage, proof state, and financing status render without raw documents or fabricated chain data.",R05;R06;R07;R15;R17;R22,Blockchain;Privacy;Usability;Audit,8,P0,Product Engineer,Sprint 9,Completed,PBI-467;PBI-477,"Deployment relevance: pilot-hardening. Actor: buyer, supplier, financier, auditor, regulator, security operator. Business process stage: private deal view. Source: GitHub Issue #15. Completed 2026-05-31; evidence: docs/evidence/qa/PBI-478_PRIVATE_LEDGER_DEAL_PROJECTION_VALIDATION.md."
PBI-479,Feature,B2B order-to-deal handoff,"Connect organization network relationships and accepted procurement orders to the company deal projection workspace.","Given a relationship or accepted order exists, when a user moves from Organization Network or Orders toward deal review, then the company ledger view shows the relevant order, delivery evidence, escrow, and proof metadata without creating payment or eligibility bypasses.",R05;R06;R17;R22,Usability;Audit;Compliance;Maintainability,5,P0,Frontend Engineer,Sprint 9,Completed,PBI-478;PBI-466,"Deployment relevance: pilot-hardening. Actor: buyer, supplier, financier. Business process stage: order-to-deal projection. Source: GitHub Issue #15. Completed 2026-05-31; evidence: docs/evidence/qa/PBI-478_PRIVATE_LEDGER_DEAL_PROJECTION_VALIDATION.md and docs/evidence/qa/PBI-482_COMPANY_CENTRIC_UAT_VALIDATION.md."
PBI-480,Feature,Mudarabah workflow projection,"Project restricted Mudarabah or PLS workflow status alongside the B2B deal without overclaiming payment execution, guaranteed returns, or formal Shariah certification.","Given a company user opens Company Ledger, when financing projections are available, then Mudarabah status, capital, ratio, Shariah reference, activation readiness, distribution state, and limitations are visible as read-only seedbed metadata.",R07;R17;R20;R22;R26,Compliance;Usability;Audit;Finance,8,P0,Financing Engineer,Sprint 9,Completed,PBI-393;PBI-478,"Deployment relevance: pilot-hardening. Actor: financier, shariah reviewer, buyer, supplier. Business process stage: restricted PLS seedbed. Source: GitHub Issue #15. Completed 2026-05-31; evidence: docs/evidence/qa/PBI-480_MUDARABAH_WORKFLOW_PROJECTION_VALIDATION.md."
PBI-481,Feature,Company-centric proof status visualization,"Add company-centric proof status indicators for organization context, private deal projections, delivery evidence, escrow, and Mudarabah workflow visibility.","Given company proof state is shown, when proof is pending, anchored, failed, verified, mismatch, not found, unavailable, or not anchored, then states are visually distinct and no transaction ID or verified state is fabricated.",R15;R17;R22;R25,Blockchain;Usability;Audit;Accessibility,5,P0,Frontend Engineer,Sprint 9,Completed,PBI-452;PBI-478,"Deployment relevance: pilot-hardening. Actor: organization user, auditor, regulator. Business process stage: proof review. Source: GitHub Issue #15. Completed 2026-05-31; evidence: docs/evidence/qa/PBI-481_COMPANY_PROOF_STATUS_VISUALIZATION_VALIDATION.md."
PBI-482,QA,Company-centric seed data and UAT path,"Expand demo seed and UAT path so Amanah, Barakah, and Mabrur users can demonstrate company-centric onboarding, company dashboard context, private deal view, and Mudarabah projection.","Given the local demo is seeded, when the UAT path runs, then company admin, buyer, supplier, financier, auditor, regulator, and security users can inspect the company-centric workflow with credential-based sign-in.",R02;R03;R05;R06;R07;R15;R17;R22,Quality;Testability;DemoData;Documentation,3,P0,QA Lead,Sprint 9,Completed,PBI-473;PBI-478;PBI-480,"Deployment relevance: pilot-hardening. Actor: QA, platform operator. Business process stage: UAT. Source: GitHub Issue #15. Completed 2026-05-31; evidence: docs/evidence/qa/PBI-482_COMPANY_CENTRIC_UAT_VALIDATION.md."
PBI-483,Docs,User story and roadmap reconciliation,"Reconcile company-centric UX, private deal projection, and Mudarabah workflow scope into backlog, contracts, demo case, and runbooks.","Given roadmap reconciliation is complete, when the next agent reviews docs and backlog, then Issue #15 PBIs are traceable to implementation, evidence, and claim boundaries without conflicting product-language guidance.",R17;R22;R25;R26,Documentation;Maintainability;Audit,2,P1,Scrum Master,Sprint 9,Completed,PBI-473;PBI-482,"Deployment relevance: governance. Actor: product owner, scrum master, developer. Business process stage: roadmap governance. Source: GitHub Issue #15. Completed 2026-05-31; evidence: docs/evidence/qa/PBI-483_484_ROADMAP_UI_RECONCILIATION_VALIDATION.md."
PBI-484,QA,Company-centric UI validation and evidence,"Validate the company-centric product UI, route behavior, backend authorization, proof wording, and evidence artifacts for Issue #15.","Given validation completes, when the branch is reviewed, then product UI uses company-centric labels, avoids PBI/sprint/backlog language, preserves credential-only auth, and documents known limitations.",R17;R22;R25;R26,Quality;Usability;Audit;Documentation,3,P0,QA Lead,Sprint 9,Completed,PBI-473;PBI-481,"Deployment relevance: pilot-hardening. Actor: QA, product owner. Business process stage: release evidence. Source: GitHub Issue #15. Completed 2026-05-31; evidence: docs/evidence/qa/PBI-483_484_ROADMAP_UI_RECONCILIATION_VALIDATION.md."
PBI-485,Feature,20-company realistic pilot demo dataset,"Expand the demo seed into a real-looking fictional consortium with buyers, suppliers, financiers, logistics/support partners, regulator, audit/compliance, and platform/operator organizations.","Given demo seed dry-run or seed executes, when the dataset is inspected, then at least 20 fictional organizations, credential-capable users, relationships, proof scopes, and safe procurement records exist without raw private documents or payment credentials.",R02;R03;R05;R06;R07;R15;R17;R22;R25,DemoData;Usability;Security;Audit,8,P0,Product Engineer,Sprint 10,Completed,PBI-456;PBI-482,"Deployment relevance: pilot-hardening. Source: GitHub Issue #24. Completed 2026-06-01; evidence: docs/evidence/qa/TWENTY_COMPANY_CONSORTIUM_SEED_VALIDATION.md."
PBI-486,Feature,Company partner and channel scope matrix,"Add a company-scoped partner/channel matrix that shows partner organization, relationship role, deal count, proof scope, proof status, and eligibility/risk summary.","Given a company user opens the matrix, when relationships exist, then shared, private, local-only, and unavailable proof scopes are visible as projections without claiming production Fabric channels.",R05;R06;R15;R17;R22;R25,Blockchain;Usability;Privacy;Audit,5,P0,Backend Engineer,Sprint 10,Completed,PBI-467;PBI-468;PBI-485,"Deployment relevance: pilot-hardening. Source: GitHub Issue #24. Completed 2026-06-01; evidence: docs/evidence/qa/CHANNEL_SCOPE_MATRIX_SEED_VALIDATION.md."
PBI-487,Feature,Private deal room productivity actions,"Add company-safe productivity actions for private deal review such as next actions, pipeline state, and task completion.","Given an authenticated company user opens Productivity, when deal projections exist, then action items and pipeline status are available and can be marked complete without bypassing backend authorization.",R05;R06;R17;R22;R25,Usability;Maintainability;Audit,5,P0,Product Engineer,Sprint 10,Completed,PBI-478;PBI-486,"Deployment relevance: pilot-hardening. Source: GitHub Issue #24. Completed 2026-06-01; evidence: docs/evidence/qa/PRODUCTIVITY_MONEY_TRACKER_VALIDATION.md."
PBI-488,Feature,Notification and task center,"Expose safe local notification and action-center records for company users using existing outbox/read-model data.","Given company notifications or workflow actions exist, when a user opens Productivity, then notifications and task records are visible without real email delivery claims.",R17;R22;R25;R28,Operability;Usability;Privacy;Audit,5,P1,Frontend Engineer,Sprint 10,Completed,PBI-471;PBI-487,"Deployment relevance: pilot-hardening. Source: GitHub Issue #24. Completed 2026-06-01; evidence: docs/evidence/qa/ACTION_INBOX_SCORECARD_VALIDATION.md."
PBI-489,Feature,Saved workspace views,"Allow users to save lightweight company workspace views or filters for repeat reviews.","Given a company user saves a view, when saved views are listed, then the view appears under the current organization and no private workflow state is fabricated.",R17;R22;R25,Usability;Maintainability,3,P1,Frontend Engineer,Sprint 10,Completed,PBI-487,"Deployment relevance: pilot-hardening. Source: GitHub Issue #24. Completed 2026-06-01; evidence: docs/evidence/qa/PRODUCTIVITY_MONEY_TRACKER_VALIDATION.md."
PBI-490,Feature,Lightweight exports from company ledger,"Add a safe company ledger export summary action that returns manifest and hash metadata without raw documents or private terms.","Given a company user exports a ledger summary, when the manifest is created, then item count, manifest hash, status, and safe summary are returned with no payment or production signing claim.",R15;R17;R22;R25,Audit;Privacy;Usability;Operability,5,P1,Backend Engineer,Sprint 10,Completed,PBI-478;PBI-489,"Deployment relevance: pilot-hardening. Source: GitHub Issue #24. Completed 2026-06-01; evidence: docs/evidence/qa/PRODUCTIVITY_MONEY_TRACKER_VALIDATION.md."
PBI-491,Docs,OpenAPI 3.1 API contract,"Create an OpenAPI 3.1 contract for core auth, organization, company-ledger, productivity, notification, and proof endpoints.","Given API consumers inspect the contract, when they parse the OpenAPI file, then security schemes, error envelopes, operation IDs, and examples are available.",R17;R22;R23;R25,Documentation;Interoperability;Maintainability,3,P0,API Engineer,Sprint 10,Completed,PBI-458;PBI-487,"Deployment relevance: integration readiness. Source: GitHub Issue #24. Completed 2026-06-01; evidence: docs/evidence/qa/OPENAPI_31_CONTRACT_VALIDATION.md."
PBI-492,Docs,API client collection,"Add a Postman or Thunder Client collection for credential login and core organization/productivity API smoke calls.","Given a developer imports the collection, when local backend runs, then auth, company context, channel matrix, productivity, export, and notification calls can be exercised with a bearer session.",R17;R22;R23;R25,Documentation;Interoperability;Operability,2,P1,API Engineer,Sprint 10,Completed,PBI-491,"Deployment relevance: integration readiness. Source: GitHub Issue #24. Completed 2026-06-01; evidence: docs/evidence/qa/OPENAPI_31_CONTRACT_VALIDATION.md."
PBI-493,Feature,OAuth/OIDC-ready auth boundary,"Introduce an authentication provider abstraction and OAuth/OIDC readiness boundary while preserving local password login as the only configured runtime provider.","Given auth providers are inspected, when local runtime is used, then localPassword is available, externalOidc is explicit notConfigured, and actor roles remain server-derived.",R03;R17;R22;R25,Security;Interoperability;Maintainability,5,P0,Security Engineer,Sprint 10,Completed,PBI-253;PBI-456,"Deployment relevance: pilot-hardening. Source: GitHub Issue #24. Completed 2026-06-01; evidence: docs/evidence/qa/OAUTH_AUTHORIZATION_BOUNDARY_VALIDATION.md."
PBI-494,QA,Auth provider abstraction tests,"Add regression tests for local password provider behavior, OIDC not-configured behavior, and server-derived role authority.","Given auth tests run, when invalid client role payloads or OIDC callbacks are submitted, then local credential sessions remain correct and OIDC returns a clear unavailable/not-configured envelope.",R03;R17;R22;R25,Security;Quality;Maintainability,3,P0,QA Lead,Sprint 10,Completed,PBI-493,"Deployment relevance: pilot-hardening. Source: GitHub Issue #24. Completed 2026-06-01; evidence: docs/evidence/qa/OAUTH_AUTHORIZATION_BOUNDARY_VALIDATION.md."
PBI-495,Task,React shell modularization,"Extract route and dashboard rendering responsibilities from the main React App shell without changing product behavior.","Given frontend build and browser smoke pass, when the App shell is inspected, then route helpers and dashboard rendering are separated into reusable app modules.",R17;R22;R25,Maintainability;Usability,3,P1,Frontend Engineer,Sprint 10,Completed,PBI-453;PBI-487,"Deployment relevance: maintainability. Source: GitHub Issue #24. Completed 2026-06-01; evidence: docs/evidence/qa/REACT_PRODUCT_SHELL_VALIDATION.md."
PBI-496,QA,Issue 24 validation and evidence,"Create issue-level validation evidence tying the 20-company seed, channel matrix, productivity flows, API contract, auth boundary, and React shell cleanup to commands and known limitations.","Given Issue 24 validation completes, when reviewers inspect evidence, then commands, outputs, browser smoke, and claim boundaries are recorded.",R17;R22;R25;R26,Quality;Audit;Documentation,3,P0,QA Lead,Sprint 10,Completed,PBI-485;PBI-495,"Deployment relevance: pilot-hardening. Source: GitHub Issue #24. Completed 2026-06-01; evidence: docs/evidence/qa/PBI-496_ISSUE24_VALIDATION_SUMMARY.md."
PBI-497,Docs,Current public product requirements update,"Update durable current-product requirements and baseline documentation to reflect Issue 24 capability boundaries and remaining non-commercial readiness.","Given docs are reviewed, when Issue 24 closes, then the current baseline mentions 20-company seed, productivity read models, OpenAPI/OIDC readiness, and honest limitations.",R17;R22;R25;R26,Documentation;Maintainability;Audit,2,P1,Product Owner,Sprint 10,Completed,PBI-496,"Deployment relevance: governance. Source: GitHub Issue #24. Completed 2026-06-01; evidence: docs/evidence/qa/PBI-496_ISSUE24_VALIDATION_SUMMARY.md."
PBI-498,Feature,Source-to-award workflow closure,"Add first-class requisition, approval, RFQ, quotation, evaluation, and award records before purchase order generation.","Given a buyer runs the procurement case, when sourcing is required before a purchase order, then requisition approval, RFQ, supplier quotation, evaluation, award decision, and purchase order generation are executable and auditable.",R05;R06;R15;R17;R22;R25,Audit;Compliance;Usability;Maintainability,8,P1,Product Owner,Sprint 11,Planned,PBI-372;PBI-450;PBI-491,"Deployment relevance: pilot-hardening. Source: GitHub Issue #25 actor-use-case validation. Academic baseline gap: BP02-BP06 and UC02-UC06 are not first-class executable workflows."
PBI-499,Feature,Invoice and three-way matching workflow,"Add invoice submission, invoice verification, duplicate detection, and three-way matching against order and delivery evidence before payment instruction readiness.","Given an accepted order and delivery evidence exist, when a supplier submits an invoice, then buyer or finance reviewer can verify invoice details against order and delivery evidence, reject mismatches, and prepare payment approval without executing real payment.",R05;R06;R15;R17;R22;R25,Audit;Compliance;Interoperability;Security,8,P1,Backend Engineer,Sprint 11,Planned,PBI-372;PBI-439;PBI-449;PBI-491,"Deployment relevance: pilot-hardening. Source: GitHub Issue #25 actor-use-case validation. Academic baseline gap: BP10-BP12 and UC10-UC12 are only partially represented by payment/ERP adapter foundations."
PBI-500,Feature,Supplier performance and procurement closeout workflow,"Add supplier performance scoring and case closeout records tied to fulfilled orders, delivery evidence, exceptions, and audit/export evidence.","Given a procurement case reaches delivery or settlement readiness, when buyer or auditor closes the case, then supplier performance, exception history, proof coverage, and closeout status are recorded and exportable.",R05;R15;R17;R22;R25,Audit;Usability;Maintainability;Quality,5,P2,Product Owner,Sprint 11,Planned,PBI-372;PBI-487;PBI-490,"Deployment relevance: pilot-hardening. Source: GitHub Issue #25 actor-use-case validation. Academic baseline gap: BP15 and supplier performance closeout are not first-class executable workflows."
PBI-501,Feature,Backend-backed Shariah decision workspace closure,"Wire Shariah reviewer decision and checklist actions to backend sessions so the visible Shariah Review workspace no longer depends on local fallback behavior for governed decisions.","Given a Shariah reviewer signs in with database-seeded credentials, when they inspect a PLS review and record approve, conditional approve, reject, or checklist actions, then backend APIs persist the decision, emit audit evidence, and frontend surfaces the result without local demo fallback.",R07;R17;R20;R22;R26,Audit;Compliance;Security;Usability,5,P1,Frontend Engineer,Sprint 11,Planned,PBI-393;PBI-447;PBI-491,"Deployment relevance: pilot-hardening. Source: GitHub Issue #25 actor-use-case validation. Current gap: Shariah reviewer can read PLS contracts through backend but visible decision action is not backend-session executable."
